<webservices xmlns="http://java.sun.com/xml/ns/j2ee" xmlns:xsi="http://www.w3.org/2001/XMLSchema-instance"
             xsi:schemaLocation="http://java.sun.com/xml/ns/j2ee http://www.ibm.com/webservices/xsd/j2ee_web_services_1_1.xsd"
             version="1.1">
    <webservice-description>
        <webservice-description-name>WSPLSQL</webservice-description-name>
        <wsdl-file>WEB-INF/wsdl/WSPLSQL.wsdl</wsdl-file>
        <jaxrpc-mapping-file>WEB-INF/WSPLSQL-java-wsdl-mapping.xml</jaxrpc-mapping-file>
        <port-component>
            <port-component-name>WSPLSQLPort</port-component-name>
            <wsdl-port xmlns:wsa0="http://oramaster/WSPLSQL.wsdl">wsa0:WSPLSQLPort</wsdl-port>
            <service-endpoint-interface>oramaster.WSPLSQL</service-endpoint-interface>
            <service-impl-bean>
                <servlet-link>WSPLSQLPort</servlet-link>
            </service-impl-bean>
        </port-component>
    </webservice-description>
</webservices>

