<?xml version = '1.0' encoding = 'UTF-8'?>
<UserOraclev10g class="oracle.dbtools.crest.model.design.storage.oracle.v10g.UserOraclev10g" name="MVIALES" directorySegmentName="seg_0" id="46D277AF-0579-71B2-BCC2-3AD8C682B8B7">
<sourceConnName>oraserveri</sourceConnName>
<sourceObjName>MVIALES</sourceObjName>
<createdBy>kescobar</createdBy>
<createdTime>2015-04-21 15:58:35 UTC</createdTime>
<generatorID>Generado por el Usuario</generatorID>
<ownerDesignName>diseno datamodeler 21-4-15</ownerDesignName>
<schemaObject>BC8BCB6E-3D5F-3E0A-0851-B4733B08DF0E</schemaObject>
</UserOraclev10g>