<weblogic-webservices xmlns="http://xmlns.oracle.com/weblogic/weblogic-webservices">
  <webservice-description>
    <webservice-description-name>WSPLSQL3</webservice-description-name>
    <webservice-type>JAXRPC</webservice-type>
    <port-component>
      <port-component-name>WSPLSQL3Port</port-component-name>
      <service-endpoint-address>
        <webservice-contextpath>CUSTOMAPP-WSSOAP3-context-root</webservice-contextpath>
        <webservice-serviceuri>/WSPLSQL3Port</webservice-serviceuri>
      </service-endpoint-address>
    </port-component>
  </webservice-description>
</weblogic-webservices>
