<?xml version="1.0" encoding="UTF-8"?>
<java-wsdl-mapping xmlns="http://java.sun.com/xml/ns/j2ee" xmlns:xsi="http://www.w3.org/2001/XMLSchema-instance"
                   xsi:schemaLocation="http://java.sun.com/xml/ns/j2ee   http://www.ibm.com/webservices/xsd/j2ee_jaxrpc_mapping_1_1.xsd"
                   version="1.1">
    <package-mapping>
        <package-type>oramaster</package-type>
        <namespaceURI>http://oramaster/WSPLSQL3.wsdl</namespaceURI>
    </package-mapping>
    <service-interface-mapping>
        <service-interface>oramaster.WSPLSQL3</service-interface>
        <wsdl-service-name xmlns:serviceNS="http://oramaster/WSPLSQL3.wsdl">serviceNS:WSPLSQL3</wsdl-service-name>
        <port-mapping>
            <port-name>WSPLSQL3Port</port-name>
            <java-port-name>WSPLSQL3Port</java-port-name>
        </port-mapping>
    </service-interface-mapping>
    <service-endpoint-interface-mapping>
        <service-endpoint-interface>oramaster.WSPLSQL3</service-endpoint-interface>
        <wsdl-port-type xmlns:portTypeNS="http://oramaster/WSPLSQL3.wsdl">portTypeNS:WSPLSQL3</wsdl-port-type>
        <wsdl-binding xmlns:bindingNS="http://oramaster/WSPLSQL3.wsdl">bindingNS:WSPLSQL3</wsdl-binding>
        <service-endpoint-method-mapping>
            <java-method-name>spBorrararticulo</java-method-name>
            <wsdl-operation>spBorrararticulo</wsdl-operation>
            <method-param-parts-mapping>
                <param-position>0</param-position>
                <param-type>java.lang.String</param-type>
                <wsdl-message-mapping>
                    <wsdl-message xmlns:wsdlMsgNS="http://oramaster/WSPLSQL3.wsdl">wsdlMsgNS:WSPLSQL3_spBorrararticulo</wsdl-message>
                    <wsdl-message-part-name>String_1</wsdl-message-part-name>
                    <parameter-mode>IN</parameter-mode>
                </wsdl-message-mapping>
            </method-param-parts-mapping>
        </service-endpoint-method-mapping>
        <service-endpoint-method-mapping>
            <java-method-name>spBorrarcomponente</java-method-name>
            <wsdl-operation>spBorrarcomponente</wsdl-operation>
            <method-param-parts-mapping>
                <param-position>0</param-position>
                <param-type>java.lang.String</param-type>
                <wsdl-message-mapping>
                    <wsdl-message xmlns:wsdlMsgNS="http://oramaster/WSPLSQL3.wsdl">wsdlMsgNS:WSPLSQL3_spBorrarcomponente</wsdl-message>
                    <wsdl-message-part-name>String_1</wsdl-message-part-name>
                    <parameter-mode>IN</parameter-mode>
                </wsdl-message-mapping>
            </method-param-parts-mapping>
            <method-param-parts-mapping>
                <param-position>1</param-position>
                <param-type>java.lang.String</param-type>
                <wsdl-message-mapping>
                    <wsdl-message xmlns:wsdlMsgNS="http://oramaster/WSPLSQL3.wsdl">wsdlMsgNS:WSPLSQL3_spBorrarcomponente</wsdl-message>
                    <wsdl-message-part-name>String_2</wsdl-message-part-name>
                    <parameter-mode>IN</parameter-mode>
                </wsdl-message-mapping>
            </method-param-parts-mapping>
        </service-endpoint-method-mapping>
        <service-endpoint-method-mapping>
            <java-method-name>spInsertararticulo</java-method-name>
            <wsdl-operation>spInsertararticulo</wsdl-operation>
            <method-param-parts-mapping>
                <param-position>0</param-position>
                <param-type>java.lang.String</param-type>
                <wsdl-message-mapping>
                    <wsdl-message xmlns:wsdlMsgNS="http://oramaster/WSPLSQL3.wsdl">wsdlMsgNS:WSPLSQL3_spInsertararticulo</wsdl-message>
                    <wsdl-message-part-name>String_1</wsdl-message-part-name>
                    <parameter-mode>IN</parameter-mode>
                </wsdl-message-mapping>
            </method-param-parts-mapping>
            <method-param-parts-mapping>
                <param-position>1</param-position>
                <param-type>java.lang.String</param-type>
                <wsdl-message-mapping>
                    <wsdl-message xmlns:wsdlMsgNS="http://oramaster/WSPLSQL3.wsdl">wsdlMsgNS:WSPLSQL3_spInsertararticulo</wsdl-message>
                    <wsdl-message-part-name>String_2</wsdl-message-part-name>
                    <parameter-mode>IN</parameter-mode>
                </wsdl-message-mapping>
            </method-param-parts-mapping>
            <method-param-parts-mapping>
                <param-position>2</param-position>
                <param-type>java.math.BigDecimal</param-type>
                <wsdl-message-mapping>
                    <wsdl-message xmlns:wsdlMsgNS="http://oramaster/WSPLSQL3.wsdl">wsdlMsgNS:WSPLSQL3_spInsertararticulo</wsdl-message>
                    <wsdl-message-part-name>BigDecimal_3</wsdl-message-part-name>
                    <parameter-mode>IN</parameter-mode>
                </wsdl-message-mapping>
            </method-param-parts-mapping>
            <method-param-parts-mapping>
                <param-position>3</param-position>
                <param-type>java.math.BigDecimal</param-type>
                <wsdl-message-mapping>
                    <wsdl-message xmlns:wsdlMsgNS="http://oramaster/WSPLSQL3.wsdl">wsdlMsgNS:WSPLSQL3_spInsertararticulo</wsdl-message>
                    <wsdl-message-part-name>BigDecimal_4</wsdl-message-part-name>
                    <parameter-mode>IN</parameter-mode>
                </wsdl-message-mapping>
            </method-param-parts-mapping>
            <method-param-parts-mapping>
                <param-position>4</param-position>
                <param-type>java.lang.String</param-type>
                <wsdl-message-mapping>
                    <wsdl-message xmlns:wsdlMsgNS="http://oramaster/WSPLSQL3.wsdl">wsdlMsgNS:WSPLSQL3_spInsertararticulo</wsdl-message>
                    <wsdl-message-part-name>String_5</wsdl-message-part-name>
                    <parameter-mode>IN</parameter-mode>
                </wsdl-message-mapping>
            </method-param-parts-mapping>
            <method-param-parts-mapping>
                <param-position>5</param-position>
                <param-type>java.math.BigDecimal</param-type>
                <wsdl-message-mapping>
                    <wsdl-message xmlns:wsdlMsgNS="http://oramaster/WSPLSQL3.wsdl">wsdlMsgNS:WSPLSQL3_spInsertararticulo</wsdl-message>
                    <wsdl-message-part-name>BigDecimal_6</wsdl-message-part-name>
                    <parameter-mode>IN</parameter-mode>
                </wsdl-message-mapping>
            </method-param-parts-mapping>
            <method-param-parts-mapping>
                <param-position>6</param-position>
                <param-type>java.math.BigDecimal</param-type>
                <wsdl-message-mapping>
                    <wsdl-message xmlns:wsdlMsgNS="http://oramaster/WSPLSQL3.wsdl">wsdlMsgNS:WSPLSQL3_spInsertararticulo</wsdl-message>
                    <wsdl-message-part-name>BigDecimal_7</wsdl-message-part-name>
                    <parameter-mode>IN</parameter-mode>
                </wsdl-message-mapping>
            </method-param-parts-mapping>
            <method-param-parts-mapping>
                <param-position>7</param-position>
                <param-type>java.lang.String</param-type>
                <wsdl-message-mapping>
                    <wsdl-message xmlns:wsdlMsgNS="http://oramaster/WSPLSQL3.wsdl">wsdlMsgNS:WSPLSQL3_spInsertararticulo</wsdl-message>
                    <wsdl-message-part-name>String_8</wsdl-message-part-name>
                    <parameter-mode>IN</parameter-mode>
                </wsdl-message-mapping>
            </method-param-parts-mapping>
            <method-param-parts-mapping>
                <param-position>8</param-position>
                <param-type>java.math.BigDecimal</param-type>
                <wsdl-message-mapping>
                    <wsdl-message xmlns:wsdlMsgNS="http://oramaster/WSPLSQL3.wsdl">wsdlMsgNS:WSPLSQL3_spInsertararticulo</wsdl-message>
                    <wsdl-message-part-name>BigDecimal_9</wsdl-message-part-name>
                    <parameter-mode>IN</parameter-mode>
                </wsdl-message-mapping>
            </method-param-parts-mapping>
            <method-param-parts-mapping>
                <param-position>9</param-position>
                <param-type>java.math.BigDecimal</param-type>
                <wsdl-message-mapping>
                    <wsdl-message xmlns:wsdlMsgNS="http://oramaster/WSPLSQL3.wsdl">wsdlMsgNS:WSPLSQL3_spInsertararticulo</wsdl-message>
                    <wsdl-message-part-name>BigDecimal_10</wsdl-message-part-name>
                    <parameter-mode>IN</parameter-mode>
                </wsdl-message-mapping>
            </method-param-parts-mapping>
            <method-param-parts-mapping>
                <param-position>10</param-position>
                <param-type>java.math.BigDecimal</param-type>
                <wsdl-message-mapping>
                    <wsdl-message xmlns:wsdlMsgNS="http://oramaster/WSPLSQL3.wsdl">wsdlMsgNS:WSPLSQL3_spInsertararticulo</wsdl-message>
                    <wsdl-message-part-name>BigDecimal_11</wsdl-message-part-name>
                    <parameter-mode>IN</parameter-mode>
                </wsdl-message-mapping>
            </method-param-parts-mapping>
            <method-param-parts-mapping>
                <param-position>11</param-position>
                <param-type>java.math.BigDecimal</param-type>
                <wsdl-message-mapping>
                    <wsdl-message xmlns:wsdlMsgNS="http://oramaster/WSPLSQL3.wsdl">wsdlMsgNS:WSPLSQL3_spInsertararticulo</wsdl-message>
                    <wsdl-message-part-name>BigDecimal_12</wsdl-message-part-name>
                    <parameter-mode>IN</parameter-mode>
                </wsdl-message-mapping>
            </method-param-parts-mapping>
        </service-endpoint-method-mapping>
        <service-endpoint-method-mapping>
            <java-method-name>spInsertarcomponente</java-method-name>
            <wsdl-operation>spInsertarcomponente</wsdl-operation>
            <method-param-parts-mapping>
                <param-position>0</param-position>
                <param-type>java.lang.String</param-type>
                <wsdl-message-mapping>
                    <wsdl-message xmlns:wsdlMsgNS="http://oramaster/WSPLSQL3.wsdl">wsdlMsgNS:WSPLSQL3_spInsertarcomponente</wsdl-message>
                    <wsdl-message-part-name>String_1</wsdl-message-part-name>
                    <parameter-mode>IN</parameter-mode>
                </wsdl-message-mapping>
            </method-param-parts-mapping>
            <method-param-parts-mapping>
                <param-position>1</param-position>
                <param-type>java.lang.String</param-type>
                <wsdl-message-mapping>
                    <wsdl-message xmlns:wsdlMsgNS="http://oramaster/WSPLSQL3.wsdl">wsdlMsgNS:WSPLSQL3_spInsertarcomponente</wsdl-message>
                    <wsdl-message-part-name>String_2</wsdl-message-part-name>
                    <parameter-mode>IN</parameter-mode>
                </wsdl-message-mapping>
            </method-param-parts-mapping>
        </service-endpoint-method-mapping>
        <service-endpoint-method-mapping>
            <java-method-name>spModificararticulo</java-method-name>
            <wsdl-operation>spModificararticulo</wsdl-operation>
            <method-param-parts-mapping>
                <param-position>0</param-position>
                <param-type>java.lang.String</param-type>
                <wsdl-message-mapping>
                    <wsdl-message xmlns:wsdlMsgNS="http://oramaster/WSPLSQL3.wsdl">wsdlMsgNS:WSPLSQL3_spModificararticulo</wsdl-message>
                    <wsdl-message-part-name>String_1</wsdl-message-part-name>
                    <parameter-mode>IN</parameter-mode>
                </wsdl-message-mapping>
            </method-param-parts-mapping>
            <method-param-parts-mapping>
                <param-position>1</param-position>
                <param-type>java.math.BigDecimal</param-type>
                <wsdl-message-mapping>
                    <wsdl-message xmlns:wsdlMsgNS="http://oramaster/WSPLSQL3.wsdl">wsdlMsgNS:WSPLSQL3_spModificararticulo</wsdl-message>
                    <wsdl-message-part-name>BigDecimal_2</wsdl-message-part-name>
                    <parameter-mode>IN</parameter-mode>
                </wsdl-message-mapping>
            </method-param-parts-mapping>
        </service-endpoint-method-mapping>
        <service-endpoint-method-mapping>
            <java-method-name>spModificarcomponente</java-method-name>
            <wsdl-operation>spModificarcomponente</wsdl-operation>
            <method-param-parts-mapping>
                <param-position>0</param-position>
                <param-type>java.lang.String</param-type>
                <wsdl-message-mapping>
                    <wsdl-message xmlns:wsdlMsgNS="http://oramaster/WSPLSQL3.wsdl">wsdlMsgNS:WSPLSQL3_spModificarcomponente</wsdl-message>
                    <wsdl-message-part-name>String_1</wsdl-message-part-name>
                    <parameter-mode>IN</parameter-mode>
                </wsdl-message-mapping>
            </method-param-parts-mapping>
            <method-param-parts-mapping>
                <param-position>1</param-position>
                <param-type>java.lang.String</param-type>
                <wsdl-message-mapping>
                    <wsdl-message xmlns:wsdlMsgNS="http://oramaster/WSPLSQL3.wsdl">wsdlMsgNS:WSPLSQL3_spModificarcomponente</wsdl-message>
                    <wsdl-message-part-name>String_2</wsdl-message-part-name>
                    <parameter-mode>IN</parameter-mode>
                </wsdl-message-mapping>
            </method-param-parts-mapping>
        </service-endpoint-method-mapping>
    </service-endpoint-interface-mapping>
</java-wsdl-mapping>

