<?xml version = '1.0' encoding = 'UTF-8'?>
<oracle-webservice-clients xmlns:ns2="http://java.sun.com/xml/ns/javaee">
   <webservice-client>
      <service-qname localpart="WSPLSQLMS" namespaceURI="http://oramaster/WSPLSQLMS.wsdl"/>
      <port-info>
         <wsdl-port localpart="WSPLSQLMSPort" namespaceURI="http://oramaster/WSPLSQLMS.wsdl"/>
         <runtime/>
         <operations>
            <operation name="listarticulos"/>
         </operations>
      </port-info>
   </webservice-client>
</oracle-webservice-clients>
