<?xml version = '1.0' encoding = 'UTF-8'?>
<oracle-webservice-clients xmlns:ns2="http://java.sun.com/xml/ns/javaee">
   <webservice-client>
      <service-qname localpart="WSPLSQL" namespaceURI="http://oramaster/WSPLSQL.wsdl"/>
      <port-info>
         <wsdl-port localpart="WSPLSQLPort" namespaceURI="http://oramaster/WSPLSQL.wsdl"/>
         <runtime/>
         <operations>
            <operation name="listarticulos"/>
            <operation name="listcomponentes"/>
            <operation name="listfamilias"/>
            <operation name="listmarcas"/>
            <operation name="listproylistaprecios"/>
            <operation name="listtipocambios"/>
            <operation name="listunidmedidas"/>
         </operations>
      </port-info>
   </webservice-client>
</oracle-webservice-clients>
