<?xml version = '1.0' encoding = 'UTF-8'?>
<Entity class="oracle.dbtools.crest.model.design.logical.Entity" directorySegmentName="seg_0" id="0E402688-F64A-280F-D9A0-749C0BA38006" name="T COTIZACIONES">
<createdBy>riho</createdBy>
<createdTime>2015-04-17 23:12:24 UTC</createdTime>
<generatorID>617B92BB-1F47-F8B8-8B10-A2E390E9FDE9</generatorID>
<ownerDesignName>IC4302-DB2-Progra1-TEC</ownerDesignName>
<engineerTo>
<item key="8573F936-3B20-55D2-F213-4B818EA75230" value="true"/>
</engineerTo>
<adequatelyNormalized>NO</adequatelyNormalized>
<expectedVolumes>0</expectedVolumes>
<fwdEngineeringStrategyName>Single Table</fwdEngineeringStrategyName>
<growthPercent>0</growthPercent>
<growthType>Year</growthType>
<maxVolumes>9999999</maxVolumes>
<minVolumes>0</minVolumes>
<normalForm>Third</normalForm>
<attributes itemClass="oracle.dbtools.crest.model.design.logical.Attribute">
<Attribute name="NUMERO" id="1EB4C4C9-BD9C-9E70-B3E7-BBA8585694DF">
<createdBy>riho</createdBy>
<createdTime>2015-04-17 23:12:24 UTC</createdTime>
<generatorID>323805B4-DD74-20C3-44F9-0596CDEDA2AB</generatorID>
<ownerDesignName>IC4302-DB2-Progra1-TEC</ownerDesignName>
<engineerTo>
<item key="8573F936-3B20-55D2-F213-4B818EA75230" value="true"/>
</engineerTo>
<useDomainConstraints>false</useDomainConstraints>
<use>1</use>
<logicalDatatype>LOGDT019</logicalDatatype>
<dataTypePrecision>10</dataTypePrecision>
</Attribute>
<Attribute name="FECREGISTRO" id="023C69DD-F339-1FAC-5071-1874C8BBC37F">
<createdBy>riho</createdBy>
<createdTime>2015-04-17 23:12:24 UTC</createdTime>
<generatorID>9E66B9C3-A23C-2A1E-63D7-AD24D1DED7DE</generatorID>
<ownerDesignName>IC4302-DB2-Progra1-TEC</ownerDesignName>
<engineerTo>
<item key="8573F936-3B20-55D2-F213-4B818EA75230" value="true"/>
</engineerTo>
<useDomainConstraints>false</useDomainConstraints>
<use>1</use>
<logicalDatatype>LOGDT007</logicalDatatype>
<dataTypeSize>7</dataTypeSize>
</Attribute>
<Attribute name="CEDJURCLIENTE" id="8B1F1CAA-2D5B-81A0-34F7-297A5998AB1D">
<createdBy>riho</createdBy>
<createdTime>2015-04-17 23:12:24 UTC</createdTime>
<generatorID>3395902A-7DDB-702D-493A-55E2A207ED71</generatorID>
<ownerDesignName>IC4302-DB2-Progra1-TEC</ownerDesignName>
<engineerTo>
<item key="8573F936-3B20-55D2-F213-4B818EA75230" value="true"/>
</engineerTo>
<referedAttribute>A9462079-8CC4-9022-5330-CACADBAA7D17</referedAttribute>
<useDomainConstraints>false</useDomainConstraints>
<use>1</use>
<logicalDatatype>LOGDT019</logicalDatatype>
<dataTypePrecision>10</dataTypePrecision>
</Attribute>
<Attribute name="CONDICIONPAGO" id="DD1D9694-6FC4-4162-C23F-ECB19CFF4B91">
<createdBy>riho</createdBy>
<createdTime>2015-04-17 23:12:24 UTC</createdTime>
<generatorID>13FB05E1-A019-923D-4799-2447470FD8D6</generatorID>
<ownerDesignName>IC4302-DB2-Progra1-TEC</ownerDesignName>
<engineerTo>
<item key="8573F936-3B20-55D2-F213-4B818EA75230" value="true"/>
</engineerTo>
<useDomainConstraints>false</useDomainConstraints>
<use>1</use>
<logicalDatatype>LOGDT024</logicalDatatype>
<dataTypeSize>60 BYTE</dataTypeSize>
</Attribute>
<Attribute name="CONDICIONVENTA" id="D2189E75-ABD0-C3F5-62F1-E1B8EB1DAA8E">
<createdBy>riho</createdBy>
<createdTime>2015-04-17 23:12:24 UTC</createdTime>
<generatorID>73C4C0D7-8B1F-3BD4-B9FC-2DCE0160B4F7</generatorID>
<ownerDesignName>IC4302-DB2-Progra1-TEC</ownerDesignName>
<engineerTo>
<item key="8573F936-3B20-55D2-F213-4B818EA75230" value="true"/>
</engineerTo>
<useDomainConstraints>false</useDomainConstraints>
<use>1</use>
<logicalDatatype>LOGDT024</logicalDatatype>
<dataTypeSize>60 BYTE</dataTypeSize>
</Attribute>
<Attribute name="VIGENCIA" id="A38262B6-60B5-9954-7CFA-431076C6C1AD">
<createdBy>riho</createdBy>
<createdTime>2015-04-17 23:12:24 UTC</createdTime>
<generatorID>81F93509-AFF5-2E32-59ED-A780059B334B</generatorID>
<ownerDesignName>IC4302-DB2-Progra1-TEC</ownerDesignName>
<engineerTo>
<item key="8573F936-3B20-55D2-F213-4B818EA75230" value="true"/>
</engineerTo>
<useDomainConstraints>false</useDomainConstraints>
<use>1</use>
<logicalDatatype>LOGDT024</logicalDatatype>
<dataTypeSize>30 BYTE</dataTypeSize>
</Attribute>
<Attribute name="OBSERVACIONES" id="3D8B1E02-6204-C9FD-6C92-0997EDD2C776">
<createdBy>riho</createdBy>
<createdTime>2015-04-17 23:12:24 UTC</createdTime>
<generatorID>16D674F3-EC97-D244-E777-B15869266368</generatorID>
<ownerDesignName>IC4302-DB2-Progra1-TEC</ownerDesignName>
<engineerTo>
<item key="8573F936-3B20-55D2-F213-4B818EA75230" value="true"/>
</engineerTo>
<useDomainConstraints>false</useDomainConstraints>
<use>1</use>
<logicalDatatype>LOGDT024</logicalDatatype>
<dataTypeSize>100 BYTE</dataTypeSize>
</Attribute>
<Attribute name="CODMONEDA" id="96A1E218-7DEF-8528-863B-780119A872B2">
<createdBy>riho</createdBy>
<createdTime>2015-04-17 23:12:24 UTC</createdTime>
<generatorID>75A99455-5212-0616-2C6B-F8AA0663B5DB</generatorID>
<ownerDesignName>IC4302-DB2-Progra1-TEC</ownerDesignName>
<engineerTo>
<item key="8573F936-3B20-55D2-F213-4B818EA75230" value="true"/>
</engineerTo>
<referedAttribute>BA6E2EF1-E00A-6D54-48EB-C2481DA0465B</referedAttribute>
<useDomainConstraints>false</useDomainConstraints>
<use>1</use>
<logicalDatatype>LOGDT019</logicalDatatype>
<dataTypePrecision>3</dataTypePrecision>
</Attribute>
<Attribute name="CODESTADOCOTIZ" id="BF82B485-CC00-0ADC-8850-F21F732810F9">
<createdBy>riho</createdBy>
<createdTime>2015-04-17 23:12:24 UTC</createdTime>
<generatorID>15B26123-7BA7-6B0A-98E7-720E55137D5C</generatorID>
<ownerDesignName>IC4302-DB2-Progra1-TEC</ownerDesignName>
<engineerTo>
<item key="8573F936-3B20-55D2-F213-4B818EA75230" value="true"/>
</engineerTo>
<referedAttribute>E209864E-72DC-6EE2-3C95-6C882416981E</referedAttribute>
<useDomainConstraints>false</useDomainConstraints>
<use>1</use>
<logicalDatatype>LOGDT019</logicalDatatype>
<dataTypePrecision>3</dataTypePrecision>
</Attribute>
<Attribute name="CODLISTAPRECIOS" id="0BAF2739-01B2-BCDA-D2B1-1657D85E5D55">
<createdBy>riho</createdBy>
<createdTime>2015-04-17 23:12:24 UTC</createdTime>
<generatorID>E480268D-F8CF-71C4-5987-67DE0F782236</generatorID>
<ownerDesignName>IC4302-DB2-Progra1-TEC</ownerDesignName>
<engineerTo>
<item key="8573F936-3B20-55D2-F213-4B818EA75230" value="true"/>
</engineerTo>
<referedAttribute>423DA991-DC70-60B3-ADE4-AE352A9F4916</referedAttribute>
<useDomainConstraints>false</useDomainConstraints>
<use>1</use>
<logicalDatatype>LOGDT019</logicalDatatype>
<dataTypePrecision>3</dataTypePrecision>
</Attribute>
<Attribute name="MESENTREG" id="0E73861E-C99A-60C4-BC65-9DBD9A609FA9">
<createdBy>riho</createdBy>
<createdTime>2015-04-17 23:12:24 UTC</createdTime>
<generatorID>1D94ACB0-17DE-3CFE-E020-3AFD8CD59515</generatorID>
<ownerDesignName>IC4302-DB2-Progra1-TEC</ownerDesignName>
<engineerTo>
<item key="8573F936-3B20-55D2-F213-4B818EA75230" value="true"/>
</engineerTo>
<referedAttribute>D4879BE7-DFB0-D1A7-C410-5362BB6A69D2</referedAttribute>
<useDomainConstraints>false</useDomainConstraints>
<use>1</use>
<logicalDatatype>LOGDT019</logicalDatatype>
<dataTypePrecision>2</dataTypePrecision>
</Attribute>
<Attribute name="ANIOENTREG" id="B68F364E-C617-CBBC-89FD-86F069422ACB">
<createdBy>riho</createdBy>
<createdTime>2015-04-17 23:12:24 UTC</createdTime>
<generatorID>1D94ACB0-17DE-3CFE-E020-3AFD8CD59515</generatorID>
<ownerDesignName>IC4302-DB2-Progra1-TEC</ownerDesignName>
<engineerTo>
<item key="8573F936-3B20-55D2-F213-4B818EA75230" value="true"/>
</engineerTo>
<referedAttribute>F14BA3BC-D909-D88C-50F6-63E1D756D9DD</referedAttribute>
<useDomainConstraints>false</useDomainConstraints>
<use>1</use>
<logicalDatatype>LOGDT019</logicalDatatype>
<dataTypePrecision>4</dataTypePrecision>
</Attribute>
</attributes>
<identifiers itemClass="oracle.dbtools.crest.model.design.logical.CandidateKey">
<identifier id="714AEB74-39B1-C22C-7BDA-46D53F47405A" name="T COTIZACIONES PK">
<createdBy>riho</createdBy>
<createdTime>2015-04-17 23:12:24 UTC</createdTime>
<generatorID>0689BFB2-F4C0-BDBE-7F8C-242D8C600083</generatorID>
<ownerDesignName>IC4302-DB2-Progra1-TEC</ownerDesignName>
<engineerTo>
<item key="8573F936-3B20-55D2-F213-4B818EA75230" value="true"/>
</engineerTo>
<pk>true</pk>
<usedAttributes>
<attributeRef>1EB4C4C9-BD9C-9E70-B3E7-BBA8585694DF</attributeRef>
</usedAttributes>
</identifier>
</identifiers>
</Entity>