<?xml version = '1.0' encoding = 'UTF-8'?>
<Entity class="oracle.dbtools.crest.model.design.logical.Entity" directorySegmentName="seg_0" id="2F385C52-D5DA-936A-F0B5-52FF3B97D1C1" name="T MARCAS">
<createdBy>riho</createdBy>
<createdTime>2015-04-17 23:12:24 UTC</createdTime>
<generatorID>20229B81-272B-4BC9-7274-81B8828DA535</generatorID>
<ownerDesignName>IC4302-DB2-Progra1-TEC</ownerDesignName>
<engineerTo>
<item key="8573F936-3B20-55D2-F213-4B818EA75230" value="true"/>
</engineerTo>
<adequatelyNormalized>NO</adequatelyNormalized>
<expectedVolumes>0</expectedVolumes>
<fwdEngineeringStrategyName>Single Table</fwdEngineeringStrategyName>
<growthPercent>0</growthPercent>
<growthType>Year</growthType>
<maxVolumes>9999999</maxVolumes>
<minVolumes>0</minVolumes>
<normalForm>Third</normalForm>
<attributes itemClass="oracle.dbtools.crest.model.design.logical.Attribute">
<Attribute name="CODIGO" id="79D55444-0D21-280A-021D-F9123FE9FC6F">
<createdBy>riho</createdBy>
<createdTime>2015-04-17 23:12:24 UTC</createdTime>
<generatorID>6F095C2B-5D6E-A34C-91C0-C09938A2D039</generatorID>
<ownerDesignName>IC4302-DB2-Progra1-TEC</ownerDesignName>
<engineerTo>
<item key="8573F936-3B20-55D2-F213-4B818EA75230" value="true"/>
</engineerTo>
<useDomainConstraints>false</useDomainConstraints>
<use>1</use>
<logicalDatatype>LOGDT019</logicalDatatype>
<dataTypePrecision>3</dataTypePrecision>
</Attribute>
<Attribute name="DESCRIPCION" id="ED66E567-CECE-EEDF-E841-CA6AEBA55BB8">
<createdBy>riho</createdBy>
<createdTime>2015-04-17 23:12:24 UTC</createdTime>
<generatorID>693E3744-77D1-081F-0C38-2AA2E18E2681</generatorID>
<ownerDesignName>IC4302-DB2-Progra1-TEC</ownerDesignName>
<engineerTo>
<item key="8573F936-3B20-55D2-F213-4B818EA75230" value="true"/>
</engineerTo>
<useDomainConstraints>false</useDomainConstraints>
<use>1</use>
<logicalDatatype>LOGDT024</logicalDatatype>
<dataTypeSize>20 BYTE</dataTypeSize>
</Attribute>
</attributes>
<identifiers itemClass="oracle.dbtools.crest.model.design.logical.CandidateKey">
<identifier id="DC73CBC6-5B39-2BC6-21DB-374CFFCDC467" name="T MARCAS PK">
<createdBy>riho</createdBy>
<createdTime>2015-04-17 23:12:24 UTC</createdTime>
<generatorID>5B8DA6E3-B757-9734-E001-00C5B2675932</generatorID>
<ownerDesignName>IC4302-DB2-Progra1-TEC</ownerDesignName>
<engineerTo>
<item key="8573F936-3B20-55D2-F213-4B818EA75230" value="true"/>
</engineerTo>
<pk>true</pk>
<usedAttributes>
<attributeRef>79D55444-0D21-280A-021D-F9123FE9FC6F</attributeRef>
</usedAttributes>
</identifier>
</identifiers>
</Entity>