<?xml version = '1.0' encoding = 'UTF-8'?>
<Entity class="oracle.dbtools.crest.model.design.logical.Entity" directorySegmentName="seg_0" id="62056A3F-5B68-E3B3-D1FB-1DFFD715529A" name="T FAMILIAS">
<createdBy>riho</createdBy>
<createdTime>2015-04-17 23:12:24 UTC</createdTime>
<generatorID>7BABA851-B602-6CFF-C069-072BEA759B8A</generatorID>
<ownerDesignName>IC4302-DB2-Progra1-TEC</ownerDesignName>
<engineerTo>
<item key="8573F936-3B20-55D2-F213-4B818EA75230" value="true"/>
</engineerTo>
<adequatelyNormalized>NO</adequatelyNormalized>
<expectedVolumes>0</expectedVolumes>
<fwdEngineeringStrategyName>Single Table</fwdEngineeringStrategyName>
<growthPercent>0</growthPercent>
<growthType>Year</growthType>
<maxVolumes>9999999</maxVolumes>
<minVolumes>0</minVolumes>
<normalForm>Third</normalForm>
<attributes itemClass="oracle.dbtools.crest.model.design.logical.Attribute">
<Attribute name="CODIGO" id="6545594A-FDEB-4A6B-225B-EEBE342D9A14">
<createdBy>riho</createdBy>
<createdTime>2015-04-17 23:12:24 UTC</createdTime>
<generatorID>7458A2E5-1BD8-5F39-7CE5-034E5F31B456</generatorID>
<ownerDesignName>IC4302-DB2-Progra1-TEC</ownerDesignName>
<engineerTo>
<item key="8573F936-3B20-55D2-F213-4B818EA75230" value="true"/>
</engineerTo>
<useDomainConstraints>false</useDomainConstraints>
<use>1</use>
<logicalDatatype>LOGDT019</logicalDatatype>
<dataTypePrecision>3</dataTypePrecision>
</Attribute>
<Attribute name="DESCRIPCION" id="13B93291-FD8E-9D57-C760-9BCAEDA865C4">
<createdBy>riho</createdBy>
<createdTime>2015-04-17 23:12:24 UTC</createdTime>
<generatorID>AB8BFF9E-C89D-245E-AF0D-62A66E9A2EB7</generatorID>
<ownerDesignName>IC4302-DB2-Progra1-TEC</ownerDesignName>
<engineerTo>
<item key="8573F936-3B20-55D2-F213-4B818EA75230" value="true"/>
</engineerTo>
<useDomainConstraints>false</useDomainConstraints>
<use>1</use>
<logicalDatatype>LOGDT024</logicalDatatype>
<dataTypeSize>40 BYTE</dataTypeSize>
</Attribute>
<Attribute name="PORCIMPACOMPRA" id="4CD066E7-EF3B-9135-1518-AA326A00EAF0">
<createdBy>riho</createdBy>
<createdTime>2015-04-17 23:12:24 UTC</createdTime>
<generatorID>8144282A-A6DA-90F9-2A0D-141FBDF5BCB4</generatorID>
<ownerDesignName>IC4302-DB2-Progra1-TEC</ownerDesignName>
<engineerTo>
<item key="8573F936-3B20-55D2-F213-4B818EA75230" value="true"/>
</engineerTo>
<useDomainConstraints>false</useDomainConstraints>
<use>1</use>
<logicalDatatype>LOGDT019</logicalDatatype>
<dataTypePrecision>3</dataTypePrecision>
</Attribute>
<Attribute name="CODINDICEECONOMICO" id="483242AD-09DC-A5D2-E2A3-79635B8D329D">
<createdBy>riho</createdBy>
<createdTime>2015-04-17 23:12:24 UTC</createdTime>
<generatorID>DC8044CD-204A-3F8C-34D8-3E4B1311673C</generatorID>
<ownerDesignName>IC4302-DB2-Progra1-TEC</ownerDesignName>
<engineerTo>
<item key="8573F936-3B20-55D2-F213-4B818EA75230" value="true"/>
</engineerTo>
<referedAttribute>D66E432A-A422-17BF-0717-35A44BFBD0CE</referedAttribute>
<useDomainConstraints>false</useDomainConstraints>
<use>1</use>
<logicalDatatype>LOGDT024</logicalDatatype>
<dataTypeSize>20 BYTE</dataTypeSize>
</Attribute>
</attributes>
<identifiers itemClass="oracle.dbtools.crest.model.design.logical.CandidateKey">
<identifier id="3797451E-39B1-2C1C-857D-F907C7DDC347" name="T FAMILIAS PK">
<createdBy>riho</createdBy>
<createdTime>2015-04-17 23:12:24 UTC</createdTime>
<generatorID>03AA8D59-650F-E2BC-FD32-469FC255C2D4</generatorID>
<ownerDesignName>IC4302-DB2-Progra1-TEC</ownerDesignName>
<engineerTo>
<item key="8573F936-3B20-55D2-F213-4B818EA75230" value="true"/>
</engineerTo>
<pk>true</pk>
<usedAttributes>
<attributeRef>6545594A-FDEB-4A6B-225B-EEBE342D9A14</attributeRef>
</usedAttributes>
</identifier>
</identifiers>
</Entity>