<?xml version = '1.0' encoding = 'UTF-8'?>
<Diagram class="oracle.dbtools.crest.swingui.logical.DPVLogical" name="Logical" id="15E3D0F2-F344-59DA-0D1B-1FEC7415332C">
<createdBy>riho</createdBy>
<createdTime>2015-04-17 23:12:24 UTC</createdTime>
<autoRoute>false</autoRoute>
<boxInbox>true</boxInbox>
<showLegend>false</showLegend>
<showLabels>false</showLabels>
<showRelAttributes>false</showRelAttributes>
<showGrid>false</showGrid>
<diagramColor>-1</diagramColor>
<display>false</display>
<notation>1</notation>
<objectViews>
<OView class="oracle.dbtools.crest.swingui.logical.TVEntity" oid="06B3A31A-19FF-9CA3-882C-1F2239679847" otype="Entity" vid="53C6A014-BAF2-0515-DFB1-1D4E8E1543AB">
<hideElementsInCurrentOnly>false</hideElementsInCurrentOnly>
<bounds x="2470" y="664" width="262" height="88"/>
</OView>
<OView class="oracle.dbtools.crest.swingui.logical.TVEntity" oid="0E402688-F64A-280F-D9A0-749C0BA38006" otype="Entity" vid="02B46B74-0033-9887-0B68-E0D0138B9553">
<hideElementsInCurrentOnly>false</hideElementsInCurrentOnly>
<bounds x="382" y="434" width="294" height="310"/>
</OView>
<OView class="oracle.dbtools.crest.swingui.logical.TVEntity" oid="180140E2-4189-56F5-BB9D-7397F7E16B85" otype="Entity" vid="5071A94D-C874-C665-4D05-CC71DDFCDD92">
<hideElementsInCurrentOnly>false</hideElementsInCurrentOnly>
<bounds x="735" y="1612" width="170" height="94"/>
</OView>
<OView class="oracle.dbtools.crest.swingui.logical.TVEntity" oid="1C8BDCA8-26D0-E4CB-E256-C408795EBF1D" otype="Entity" vid="D06A13EF-957F-9AAE-C2BD-F7E9D9A86701">
<hideElementsInCurrentOnly>false</hideElementsInCurrentOnly>
<bounds x="2895" y="1062" width="236" height="94"/>
</OView>
<OView class="oracle.dbtools.crest.swingui.logical.TVEntity" oid="29A39345-4272-9A62-7AE4-C351F8B9894B" otype="Entity" vid="B1387F37-45D2-D6DB-42C9-AB1AA385E90D">
<hideElementsInCurrentOnly>false</hideElementsInCurrentOnly>
<bounds x="383" y="1020" width="271" height="156"/>
</OView>
<OView class="oracle.dbtools.crest.swingui.logical.TVEntity" oid="2A4C79AF-E570-9CE1-772D-BCDE21A2C66A" otype="Entity" vid="10443561-576C-2EAD-652A-7017A1586D13">
<hideElementsInCurrentOnly>false</hideElementsInCurrentOnly>
<bounds x="1608" y="434" width="337" height="144"/>
</OView>
<OView class="oracle.dbtools.crest.swingui.logical.TVEntity" oid="2B9266D9-DBF9-5759-C048-F0CC16275208" otype="Entity" vid="6FFADF97-C9FF-8DA6-C934-B867FBF9D2EA">
<hideElementsInCurrentOnly>false</hideElementsInCurrentOnly>
<bounds x="2550" y="1062" width="241" height="128"/>
</OView>
<OView class="oracle.dbtools.crest.swingui.logical.TVEntity" oid="2E4D32AE-A290-1E54-6FD4-39BF26E3655B" otype="Entity" vid="64BDCDE3-40A0-88BF-6A18-75C793144CDD">
<hideElementsInCurrentOnly>false</hideElementsInCurrentOnly>
<bounds x="735" y="1020" width="249" height="156"/>
</OView>
<OView class="oracle.dbtools.crest.swingui.logical.TVEntity" oid="2F385C52-D5DA-936A-F0B5-52FF3B97D1C1" otype="Entity" vid="70A7C409-E400-4848-3988-633BDBBFCE03">
<hideElementsInCurrentOnly>false</hideElementsInCurrentOnly>
<bounds x="2470" y="886" width="236" height="94"/>
</OView>
<OView class="oracle.dbtools.crest.swingui.logical.TVEntity" oid="3623ED14-23B4-9AA9-BE0B-771464ABE264" otype="Entity" vid="83E0E34B-F2E7-6606-1F14-AA84B67EB626">
<hideElementsInCurrentOnly>false</hideElementsInCurrentOnly>
<bounds x="1064" y="804" width="236" height="136"/>
</OView>
<OView class="oracle.dbtools.crest.swingui.logical.TVEntity" oid="3767BF2E-B70B-5B3C-DE03-5864B0DB2418" otype="Entity" vid="E7EDB032-D464-BC65-6BCA-0D2E4D053FC9">
<hideElementsInCurrentOnly>false</hideElementsInCurrentOnly>
<bounds x="2106" y="1062" width="364" height="156"/>
</OView>
<OView class="oracle.dbtools.crest.swingui.logical.TVEntity" oid="3A094A55-6F80-B5AE-3C26-1AE3F779B95D" otype="Entity" vid="5EAED79B-6D48-6F13-63D4-182D93995BE6">
<hideElementsInCurrentOnly>false</hideElementsInCurrentOnly>
<bounds x="1896" y="1283" width="270" height="142"/>
</OView>
<OView class="oracle.dbtools.crest.swingui.logical.TVEntity" oid="3C3002E4-B684-1F98-8D0F-39DBCAE26C54" otype="Entity" vid="152DDB02-B683-3A8A-67C7-A7B48EE6BA1C">
<hideElementsInCurrentOnly>false</hideElementsInCurrentOnly>
<bounds x="756" y="434" width="236" height="94"/>
</OView>
<OView class="oracle.dbtools.crest.swingui.logical.TVEntity" oid="4283020D-931B-97D0-9C5C-14EBC7A87B77" otype="Entity" vid="6963C9BA-6DB2-D4CC-F828-D77C49521208">
<hideElementsInCurrentOnly>false</hideElementsInCurrentOnly>
<bounds x="383" y="804" width="255" height="156"/>
</OView>
<OView class="oracle.dbtools.crest.swingui.logical.TVEntity" oid="4441DAA8-9B2D-7935-0136-D7ECC3CF889E" otype="Entity" vid="B3D62FA5-9D12-25BF-729F-4108886E4226">
<hideElementsInCurrentOnly>false</hideElementsInCurrentOnly>
<bounds x="735" y="1236" width="244" height="128"/>
</OView>
<OView class="oracle.dbtools.crest.swingui.logical.TVEntity" oid="4C4FAF5D-F03F-6231-C8F7-87A7E5F367E8" otype="Entity" vid="8EEBD003-406E-3A3B-F615-BACB984F85A1">
<hideElementsInCurrentOnly>false</hideElementsInCurrentOnly>
<bounds x="2106" y="664" width="284" height="338"/>
</OView>
<OView class="oracle.dbtools.crest.swingui.logical.TVEntity" oid="4FCBF7B7-A3FE-D813-17C6-2C916FD257AD" otype="Entity" vid="074B1869-05EC-287C-2430-B32431F5F3C2">
<hideElementsInCurrentOnly>false</hideElementsInCurrentOnly>
<bounds x="20" y="804" width="282" height="226"/>
</OView>
<OView class="oracle.dbtools.crest.swingui.logical.TVEntity" oid="5970951F-344C-A0EE-27C0-3D9B7940F905" otype="Entity" vid="950C68A5-E40C-E3D8-BBBB-B1141D2D9406">
<hideElementsInCurrentOnly>false</hideElementsInCurrentOnly>
<bounds x="2551" y="1438" width="236" height="94"/>
</OView>
<OView class="oracle.dbtools.crest.swingui.logical.TVEntity" oid="62056A3F-5B68-E3B3-D1FB-1DFFD715529A" otype="Entity" vid="AF773D62-40F9-8A9E-B177-B88BF04740AF">
<hideElementsInCurrentOnly>false</hideElementsInCurrentOnly>
<bounds x="2106" y="462" width="286" height="142"/>
</OView>
<OView class="oracle.dbtools.crest.swingui.logical.TVEntity" oid="6CBEE0CC-990D-E720-49A8-5258FB76B400" otype="Entity" vid="5B97623C-ADA4-637B-817E-387A2667DD6C">
<hideElementsInCurrentOnly>false</hideElementsInCurrentOnly>
<bounds x="735" y="1424" width="244" height="128"/>
</OView>
<OView class="oracle.dbtools.crest.swingui.logical.TVEntity" oid="87BF7E84-0C86-C0BF-7D69-966D5122CD36" otype="Entity" vid="CAD337E3-7B5B-7664-1DEB-530802FB00BC">
<hideElementsInCurrentOnly>false</hideElementsInCurrentOnly>
<bounds x="748" y="20" width="241" height="94"/>
</OView>
<OView class="oracle.dbtools.crest.swingui.logical.TVEntity" oid="928450F0-52B4-4F80-500E-F1AC399D7D47" otype="Entity" vid="A2D3A223-AC13-0635-E464-44686D317898">
<hideElementsInCurrentOnly>false</hideElementsInCurrentOnly>
<bounds x="718" y="804" width="264" height="94"/>
</OView>
<OView class="oracle.dbtools.crest.swingui.logical.TVEntity" oid="92942ABD-6BC9-D79D-7B24-5F4793D3DCC9" otype="Entity" vid="A7896B64-B062-5E4D-A2D5-92D612733F5C">
<hideElementsInCurrentOnly>false</hideElementsInCurrentOnly>
<bounds x="383" y="1236" width="272" height="94"/>
</OView>
<OView class="oracle.dbtools.crest.swingui.logical.TVEntity" oid="BA5C54CC-62B7-29B1-88DB-89319325965C" otype="Entity" vid="C0A8E54A-8345-4B26-8A8D-4BB41A9563C0">
<hideElementsInCurrentOnly>false</hideElementsInCurrentOnly>
<bounds x="2221" y="1466" width="236" height="94"/>
</OView>
<OView class="oracle.dbtools.crest.swingui.logical.TVEntity" oid="C4F26656-C82B-70C3-6198-525AF1893536" otype="Entity" vid="0076DDEB-999C-DD04-303F-453C57F9445C">
<hideElementsInCurrentOnly>false</hideElementsInCurrentOnly>
<bounds x="2551" y="1250" width="264" height="128"/>
</OView>
<OView class="oracle.dbtools.crest.swingui.logical.TVEntity" oid="C887A49A-C584-958F-A8C1-8029C87D89FF" otype="Entity" vid="7CA49AA9-81B2-9059-568E-C0DCB6EC9201">
<hideElementsInCurrentOnly>false</hideElementsInCurrentOnly>
<bounds x="1608" y="638" width="383" height="128"/>
</OView>
<OView class="oracle.dbtools.crest.swingui.logical.TVEntity" oid="D0C9BCF6-6849-DFC1-EC0D-BAFC0748595F" otype="Entity" vid="0D0AD09E-5339-77C6-733E-C51637392218">
<hideElementsInCurrentOnly>false</hideElementsInCurrentOnly>
<bounds x="1608" y="280" width="179" height="94"/>
</OView>
<OView class="oracle.dbtools.crest.swingui.logical.TVEntity" oid="D63BAA63-E809-4672-C388-1F7FF3581E6E" otype="Entity" vid="B751DE00-FB28-9447-D26A-68D2091B8E26">
<hideElementsInCurrentOnly>false</hideElementsInCurrentOnly>
<bounds x="2221" y="1250" width="249" height="156"/>
</OView>
<OView class="oracle.dbtools.crest.swingui.logical.TVEntity" oid="D838020B-A851-1E41-AAC5-8C3C13235C42" otype="Entity" vid="89846CF3-DF57-24D3-66EC-A26313109C7A">
<hideElementsInCurrentOnly>false</hideElementsInCurrentOnly>
<bounds x="382" y="20" width="286" height="200"/>
</OView>
<OView class="oracle.dbtools.crest.swingui.logical.TVEntity" oid="E146F3BF-3E9C-FE5E-D2C5-B4386B1A1799" otype="Entity" vid="E873938E-E948-2D25-445E-B28ED5BF0AE9">
<hideElementsInCurrentOnly>false</hideElementsInCurrentOnly>
<bounds x="382" y="280" width="207" height="94"/>
</OView>
<OView class="oracle.dbtools.crest.swingui.logical.TVEntity" oid="F30944DD-7643-2FCC-4912-D50B0C056E25" otype="Entity" vid="A203AA8A-9557-6EC8-FE95-2574A77B76F5">
<hideElementsInCurrentOnly>false</hideElementsInCurrentOnly>
<bounds x="2470" y="772" width="236" height="94"/>
</OView>
<OView class="oracle.dbtools.crest.swingui.logical.TVEntity" oid="FD9EA060-45A9-0EA4-83AB-B829F1D34EC8" otype="Entity" vid="D186E3D4-7CDB-3717-2C97-12B020C1F8AB">
<hideElementsInCurrentOnly>false</hideElementsInCurrentOnly>
<bounds x="2106" y="280" width="279" height="122"/>
</OView>
</objectViews>
<connectors>
<Connector class="oracle.dbtools.crest.swingui.logical.TVRelation" oid="01694676-4DDA-B4BE-EF65-920FB343A3DA" otype="Relation" vid_source="AF773D62-40F9-8A9E-B177-B88BF04740AF" vid_target="8EEBD003-406E-3A3B-F615-BACB984F85A1">
<hideElementsInCurrentOnly>false</hideElementsInCurrentOnly>
<lineWidth>1</lineWidth>
<points>
<point x="2248" y="604"/>
<point x="2248" y="664"/>
</points>
</Connector>
<Connector class="oracle.dbtools.crest.swingui.logical.TVRelation" oid="0568C7C6-AF5A-F44D-F17C-C3C6250318F0" otype="Relation" vid_source="8EEBD003-406E-3A3B-F615-BACB984F85A1" vid_target="53C6A014-BAF2-0515-DFB1-1D4E8E1543AB">
<hideElementsInCurrentOnly>false</hideElementsInCurrentOnly>
<lineWidth>1</lineWidth>
<points>
<point x="2390" y="718"/>
<point x="2470" y="718"/>
</points>
</Connector>
<Connector class="oracle.dbtools.crest.swingui.logical.TVRelation" oid="091C6FC8-A540-B951-0126-857D4B1E3C93" otype="Relation" vid_source="0D0AD09E-5339-77C6-733E-C51637392218" vid_target="89846CF3-DF57-24D3-66EC-A26313109C7A">
<hideElementsInCurrentOnly>false</hideElementsInCurrentOnly>
<lineWidth>1</lineWidth>
<points>
<point x="1608" y="327"/>
<point x="668" y="120"/>
</points>
</Connector>
<Connector class="oracle.dbtools.crest.swingui.logical.TVRelation" oid="0AB4F675-F29A-C4BB-3EFB-9A6E45E822D5" otype="Relation" vid_source="950C68A5-E40C-E3D8-BBBB-B1141D2D9406" vid_target="0076DDEB-999C-DD04-303F-453C57F9445C">
<hideElementsInCurrentOnly>false</hideElementsInCurrentOnly>
<lineWidth>1</lineWidth>
<points>
<point x="2669" y="1438"/>
<point x="2669" y="1378"/>
</points>
</Connector>
<Connector class="oracle.dbtools.crest.swingui.logical.TVRelation" oid="11E0B34B-EF7D-3266-1BB5-7EE921B35033" otype="Relation" vid_source="02B46B74-0033-9887-0B68-E0D0138B9553" vid_target="074B1869-05EC-287C-2430-B32431F5F3C2">
<hideElementsInCurrentOnly>false</hideElementsInCurrentOnly>
<lineWidth>1</lineWidth>
<points>
<point x="382" y="589"/>
<point x="161" y="804"/>
</points>
</Connector>
<Connector class="oracle.dbtools.crest.swingui.logical.TVRelation" oid="12D83C6E-40F9-2E20-93B8-655CB9DD4A5D" otype="Relation" vid_source="8EEBD003-406E-3A3B-F615-BACB984F85A1" vid_target="E7EDB032-D464-BC65-6BCA-0D2E4D053FC9">
<hideElementsInCurrentOnly>false</hideElementsInCurrentOnly>
<lineWidth>1</lineWidth>
<points>
<point x="2248" y="1002"/>
<point x="2248" y="1062"/>
</points>
</Connector>
<Connector class="oracle.dbtools.crest.swingui.logical.TVRelation" oid="1311AB6A-9901-D6A2-3F5E-D07CF3A8256D" otype="Relation" vid_source="5071A94D-C874-C665-4D05-CC71DDFCDD92" vid_target="5B97623C-ADA4-637B-817E-387A2667DD6C">
<hideElementsInCurrentOnly>false</hideElementsInCurrentOnly>
<lineWidth>1</lineWidth>
<points>
<point x="820" y="1612"/>
<point x="820" y="1552"/>
</points>
</Connector>
<Connector class="oracle.dbtools.crest.swingui.logical.TVRelation" oid="15B26123-7BA7-6B0A-98E7-720E55137D5C" otype="Relation" vid_source="152DDB02-B683-3A8A-67C7-A7B48EE6BA1C" vid_target="02B46B74-0033-9887-0B68-E0D0138B9553">
<hideElementsInCurrentOnly>false</hideElementsInCurrentOnly>
<lineWidth>1</lineWidth>
<points>
<point x="756" y="481"/>
<point x="676" y="481"/>
</points>
</Connector>
<Connector class="oracle.dbtools.crest.swingui.logical.TVRelation" oid="1B04FF73-E4E3-61ED-F712-866D9BF03588" otype="Relation" vid_source="8EEBD003-406E-3A3B-F615-BACB984F85A1" vid_target="074B1869-05EC-287C-2430-B32431F5F3C2">
<hideElementsInCurrentOnly>false</hideElementsInCurrentOnly>
<lineWidth>1</lineWidth>
<points>
<point x="2106" y="903"/>
<point x="302" y="903"/>
</points>
</Connector>
<Connector class="oracle.dbtools.crest.swingui.logical.TVRelation" oid="1B6F0A45-2237-D928-775C-717402A1E6EE" otype="Relation" vid_source="A2D3A223-AC13-0635-E464-44686D317898" vid_target="6963C9BA-6DB2-D4CC-F828-D77C49521208">
<hideElementsInCurrentOnly>false</hideElementsInCurrentOnly>
<lineWidth>1</lineWidth>
<points>
<point x="718" y="851"/>
<point x="638" y="851"/>
</points>
</Connector>
<Connector class="oracle.dbtools.crest.swingui.logical.TVRelation" oid="1D94ACB0-17DE-3CFE-E020-3AFD8CD59515" otype="Relation" vid_source="0D0AD09E-5339-77C6-733E-C51637392218" vid_target="02B46B74-0033-9887-0B68-E0D0138B9553">
<hideElementsInCurrentOnly>false</hideElementsInCurrentOnly>
<lineWidth>1</lineWidth>
<points>
<point x="1608" y="327"/>
<point x="676" y="589"/>
</points>
</Connector>
<Connector class="oracle.dbtools.crest.swingui.logical.TVRelation" oid="22127814-95A5-81D8-645D-0092439FDC52" otype="Relation" vid_source="83E0E34B-F2E7-6606-1F14-AA84B67EB626" vid_target="7CA49AA9-81B2-9059-568E-C0DCB6EC9201">
<hideElementsInCurrentOnly>false</hideElementsInCurrentOnly>
<lineWidth>1</lineWidth>
<points>
<point x="1300" y="872"/>
<point x="1608" y="702"/>
</points>
</Connector>
<Connector class="oracle.dbtools.crest.swingui.logical.TVRelation" oid="24C81DD8-7673-B38D-4364-A63E29004D87" otype="Relation" vid_source="CAD337E3-7B5B-7664-1DEB-530802FB00BC" vid_target="89846CF3-DF57-24D3-66EC-A26313109C7A">
<hideElementsInCurrentOnly>false</hideElementsInCurrentOnly>
<lineWidth>1</lineWidth>
<points>
<point x="748" y="67"/>
<point x="668" y="67"/>
</points>
</Connector>
<Connector class="oracle.dbtools.crest.swingui.logical.TVRelation" oid="3395902A-7DDB-702D-493A-55E2A207ED71" otype="Relation" vid_source="6963C9BA-6DB2-D4CC-F828-D77C49521208" vid_target="02B46B74-0033-9887-0B68-E0D0138B9553">
<hideElementsInCurrentOnly>false</hideElementsInCurrentOnly>
<lineWidth>1</lineWidth>
<points>
<point x="510" y="804"/>
<point x="510" y="744"/>
</points>
</Connector>
<Connector class="oracle.dbtools.crest.swingui.logical.TVRelation" oid="34FC8462-E44E-9E8E-4D3D-755EEF2C3315" otype="Relation" vid_source="6FFADF97-C9FF-8DA6-C934-B867FBF9D2EA" vid_target="5EAED79B-6D48-6F13-63D4-182D93995BE6">
<hideElementsInCurrentOnly>false</hideElementsInCurrentOnly>
<lineWidth>1</lineWidth>
<points>
<point x="2550" y="1126"/>
<point x="2166" y="1354"/>
</points>
</Connector>
<Connector class="oracle.dbtools.crest.swingui.logical.TVRelation" oid="45E0F16D-FC0C-73CD-34EA-305483A19C2E" otype="Relation" vid_source="64BDCDE3-40A0-88BF-6A18-75C793144CDD" vid_target="6963C9BA-6DB2-D4CC-F828-D77C49521208">
<hideElementsInCurrentOnly>false</hideElementsInCurrentOnly>
<lineWidth>1</lineWidth>
<points>
<point x="735" y="1098"/>
<point x="510" y="960"/>
</points>
</Connector>
<Connector class="oracle.dbtools.crest.swingui.logical.TVRelation" oid="48867677-139A-5A24-6BC0-DDC7E7E61DF9" otype="Relation" vid_source="6FFADF97-C9FF-8DA6-C934-B867FBF9D2EA" vid_target="B751DE00-FB28-9447-D26A-68D2091B8E26">
<hideElementsInCurrentOnly>false</hideElementsInCurrentOnly>
<lineWidth>1</lineWidth>
<points>
<point x="2670" y="1190"/>
<point x="2470" y="1328"/>
</points>
</Connector>
<Connector class="oracle.dbtools.crest.swingui.logical.TVRelation" oid="5DA3F496-71F6-4777-BE9F-0E4E622FD518" otype="Relation" vid_source="0076DDEB-999C-DD04-303F-453C57F9445C" vid_target="6FFADF97-C9FF-8DA6-C934-B867FBF9D2EA">
<hideElementsInCurrentOnly>false</hideElementsInCurrentOnly>
<lineWidth>1</lineWidth>
<points>
<point x="2681" y="1250"/>
<point x="2681" y="1190"/>
</points>
</Connector>
<Connector class="oracle.dbtools.crest.swingui.logical.TVRelation" oid="60DF3F37-3042-7809-BD86-2EF626753A95" otype="Relation" vid_source="A203AA8A-9557-6EC8-FE95-2574A77B76F5" vid_target="8EEBD003-406E-3A3B-F615-BACB984F85A1">
<hideElementsInCurrentOnly>false</hideElementsInCurrentOnly>
<lineWidth>1</lineWidth>
<points>
<point x="2470" y="819"/>
<point x="2390" y="819"/>
</points>
</Connector>
<Connector class="oracle.dbtools.crest.swingui.logical.TVRelation" oid="6414AC9F-9FC4-C447-06A1-EF7654B91052" otype="Relation" vid_source="7CA49AA9-81B2-9059-568E-C0DCB6EC9201" vid_target="10443561-576C-2EAD-652A-7017A1586D13">
<hideElementsInCurrentOnly>false</hideElementsInCurrentOnly>
<lineWidth>1</lineWidth>
<points>
<point x="1776" y="638"/>
<point x="1776" y="578"/>
</points>
</Connector>
<Connector class="oracle.dbtools.crest.swingui.logical.TVRelation" oid="64178FB8-5B8A-1503-9353-7B0E31B614A3" otype="Relation" vid_source="D06A13EF-957F-9AAE-C2BD-F7E9D9A86701" vid_target="8EEBD003-406E-3A3B-F615-BACB984F85A1">
<hideElementsInCurrentOnly>false</hideElementsInCurrentOnly>
<lineWidth>1</lineWidth>
<points>
<point x="2895" y="1109"/>
<point x="2390" y="833"/>
</points>
</Connector>
<Connector class="oracle.dbtools.crest.swingui.logical.TVRelation" oid="75A99455-5212-0616-2C6B-F8AA0663B5DB" otype="Relation" vid_source="E873938E-E948-2D25-445E-B28ED5BF0AE9" vid_target="02B46B74-0033-9887-0B68-E0D0138B9553">
<hideElementsInCurrentOnly>false</hideElementsInCurrentOnly>
<lineWidth>1</lineWidth>
<points>
<point x="485" y="374"/>
<point x="485" y="434"/>
</points>
</Connector>
<Connector class="oracle.dbtools.crest.swingui.logical.TVRelation" oid="7B99466A-4963-CE89-20B7-7E0BA3B64BB1" otype="Relation" vid_source="70A7C409-E400-4848-3988-633BDBBFCE03" vid_target="8EEBD003-406E-3A3B-F615-BACB984F85A1">
<hideElementsInCurrentOnly>false</hideElementsInCurrentOnly>
<lineWidth>1</lineWidth>
<points>
<point x="2470" y="933"/>
<point x="2390" y="933"/>
</points>
</Connector>
<Connector class="oracle.dbtools.crest.swingui.logical.TVRelation" oid="831A5016-F293-54B0-0F1C-3630A0685198" otype="Relation" vid_source="6FFADF97-C9FF-8DA6-C934-B867FBF9D2EA" vid_target="8EEBD003-406E-3A3B-F615-BACB984F85A1">
<hideElementsInCurrentOnly>false</hideElementsInCurrentOnly>
<lineWidth>1</lineWidth>
<points>
<point x="2670" y="1062"/>
<point x="2390" y="833"/>
</points>
</Connector>
<Connector class="oracle.dbtools.crest.swingui.logical.TVRelation" oid="8325554B-93CF-59D0-9319-AD401A6C1D41" otype="Relation" vid_source="0D0AD09E-5339-77C6-733E-C51637392218" vid_target="10443561-576C-2EAD-652A-7017A1586D13">
<hideElementsInCurrentOnly>false</hideElementsInCurrentOnly>
<lineWidth>1</lineWidth>
<points>
<point x="1697" y="374"/>
<point x="1697" y="434"/>
</points>
</Connector>
<Connector class="oracle.dbtools.crest.swingui.logical.TVRelation" oid="9025B284-0837-8B5C-0DDF-B5446057F387" otype="Relation" vid_source="A7896B64-B062-5E4D-A2D5-92D612733F5C" vid_target="B1387F37-45D2-D6DB-42C9-AB1AA385E90D">
<hideElementsInCurrentOnly>false</hideElementsInCurrentOnly>
<lineWidth>1</lineWidth>
<points>
<point x="518" y="1236"/>
<point x="518" y="1176"/>
</points>
</Connector>
<Connector class="oracle.dbtools.crest.swingui.logical.TVRelation" oid="909B0869-A3A7-E56C-20EF-4BFBA2AAF9E3" otype="Relation" vid_source="C0A8E54A-8345-4B26-8A8D-4BB41A9563C0" vid_target="B751DE00-FB28-9447-D26A-68D2091B8E26">
<hideElementsInCurrentOnly>false</hideElementsInCurrentOnly>
<lineWidth>1</lineWidth>
<points>
<point x="2339" y="1466"/>
<point x="2339" y="1406"/>
</points>
</Connector>
<Connector class="oracle.dbtools.crest.swingui.logical.TVRelation" oid="9BE21071-9BD2-C5F8-4369-B6D766AC63DD" otype="Relation" vid_source="6963C9BA-6DB2-D4CC-F828-D77C49521208" vid_target="B1387F37-45D2-D6DB-42C9-AB1AA385E90D">
<hideElementsInCurrentOnly>false</hideElementsInCurrentOnly>
<lineWidth>1</lineWidth>
<points>
<point x="520" y="960"/>
<point x="520" y="1020"/>
</points>
</Connector>
<Connector class="oracle.dbtools.crest.swingui.logical.TVRelation" oid="A3A52444-DC0B-42ED-4A74-FE28E102B728" otype="Relation" vid_source="5B97623C-ADA4-637B-817E-387A2667DD6C" vid_target="B3D62FA5-9D12-25BF-729F-4108886E4226">
<hideElementsInCurrentOnly>false</hideElementsInCurrentOnly>
<lineWidth>1</lineWidth>
<points>
<point x="857" y="1424"/>
<point x="857" y="1364"/>
</points>
</Connector>
<Connector class="oracle.dbtools.crest.swingui.logical.TVRelation" oid="A93E52AC-7DEC-4B3D-DB25-9EB67CF0B334" otype="Relation" vid_source="D186E3D4-7CDB-3717-2C97-12B020C1F8AB" vid_target="89846CF3-DF57-24D3-66EC-A26313109C7A">
<hideElementsInCurrentOnly>false</hideElementsInCurrentOnly>
<lineWidth>1</lineWidth>
<points>
<point x="2106" y="341"/>
<point x="668" y="120"/>
</points>
</Connector>
<Connector class="oracle.dbtools.crest.swingui.logical.TVRelation" oid="AE72FC06-8ABF-70BA-ADEC-F6A82CB0E305" otype="Relation" vid_source="8EEBD003-406E-3A3B-F615-BACB984F85A1" vid_target="7CA49AA9-81B2-9059-568E-C0DCB6EC9201">
<hideElementsInCurrentOnly>false</hideElementsInCurrentOnly>
<lineWidth>1</lineWidth>
<points>
<point x="2106" y="715"/>
<point x="1991" y="715"/>
</points>
</Connector>
<Connector class="oracle.dbtools.crest.swingui.logical.TVRelation" oid="B66DB1B8-0130-AA4E-CB85-792FC2924901" otype="Relation" vid_source="D06A13EF-957F-9AAE-C2BD-F7E9D9A86701" vid_target="074B1869-05EC-287C-2430-B32431F5F3C2">
<hideElementsInCurrentOnly>false</hideElementsInCurrentOnly>
<lineWidth>1</lineWidth>
<points>
<point x="2895" y="1109"/>
<point x="302" y="917"/>
</points>
</Connector>
<Connector class="oracle.dbtools.crest.swingui.logical.TVRelation" oid="B9C8C028-757D-5375-EF57-4DF83A7A9B41" otype="Relation" vid_source="8EEBD003-406E-3A3B-F615-BACB984F85A1" vid_target="53C6A014-BAF2-0515-DFB1-1D4E8E1543AB">
<hideElementsInCurrentOnly>false</hideElementsInCurrentOnly>
<lineWidth>1</lineWidth>
<points>
<point x="2390" y="708"/>
<point x="2470" y="708"/>
</points>
</Connector>
<Connector class="oracle.dbtools.crest.swingui.logical.TVRelation" oid="C1FACAB8-764D-E305-2B7E-0FBFB8D5E174" otype="Relation" vid_source="B3D62FA5-9D12-25BF-729F-4108886E4226" vid_target="64BDCDE3-40A0-88BF-6A18-75C793144CDD">
<hideElementsInCurrentOnly>false</hideElementsInCurrentOnly>
<lineWidth>1</lineWidth>
<points>
<point x="857" y="1236"/>
<point x="857" y="1176"/>
</points>
</Connector>
<Connector class="oracle.dbtools.crest.swingui.logical.TVRelation" oid="C2503C2B-26F5-89A2-D7B2-BE1A39B369FB" otype="Relation" vid_source="E873938E-E948-2D25-445E-B28ED5BF0AE9" vid_target="89846CF3-DF57-24D3-66EC-A26313109C7A">
<hideElementsInCurrentOnly>false</hideElementsInCurrentOnly>
<lineWidth>1</lineWidth>
<points>
<point x="485" y="280"/>
<point x="485" y="220"/>
</points>
</Connector>
<Connector class="oracle.dbtools.crest.swingui.logical.TVRelation" oid="C9523B81-D357-7F4A-ECEF-BA60989A583F" otype="Relation" vid_source="5EAED79B-6D48-6F13-63D4-182D93995BE6" vid_target="E7EDB032-D464-BC65-6BCA-0D2E4D053FC9">
<hideElementsInCurrentOnly>false</hideElementsInCurrentOnly>
<lineWidth>1</lineWidth>
<points>
<point x="2136" y="1283"/>
<point x="2136" y="1218"/>
</points>
</Connector>
<Connector class="oracle.dbtools.crest.swingui.logical.TVRelation" oid="DC8044CD-204A-3F8C-34D8-3E4B1311673C" otype="Relation" vid_source="D186E3D4-7CDB-3717-2C97-12B020C1F8AB" vid_target="AF773D62-40F9-8A9E-B177-B88BF04740AF">
<hideElementsInCurrentOnly>false</hideElementsInCurrentOnly>
<lineWidth>1</lineWidth>
<points>
<point x="2245" y="402"/>
<point x="2245" y="462"/>
</points>
</Connector>
<Connector class="oracle.dbtools.crest.swingui.logical.TVRelation" oid="E480268D-F8CF-71C4-5987-67DE0F782236" otype="Relation" vid_source="83E0E34B-F2E7-6606-1F14-AA84B67EB626" vid_target="02B46B74-0033-9887-0B68-E0D0138B9553">
<hideElementsInCurrentOnly>false</hideElementsInCurrentOnly>
<lineWidth>1</lineWidth>
<points>
<point x="1064" y="872"/>
<point x="676" y="589"/>
</points>
</Connector>
<Connector class="oracle.dbtools.crest.swingui.logical.TVRelation" oid="FA2FCFF9-2521-31F7-92CA-6708FD08B18F" otype="Relation" vid_source="E873938E-E948-2D25-445E-B28ED5BF0AE9" vid_target="89846CF3-DF57-24D3-66EC-A26313109C7A">
<hideElementsInCurrentOnly>false</hideElementsInCurrentOnly>
<lineWidth>1</lineWidth>
<points>
<point x="495" y="280"/>
<point x="495" y="220"/>
</points>
</Connector>
</connectors>
</Diagram>