<?xml version = '1.0' encoding = 'UTF-8'?>
<Diagram class="oracle.dbtools.crest.swingui.logical.DPVLogicalSubView" name="From_RM_oraserveri-proyectopdb-mviales - SubView_1" id="F0D2AE48-DBE9-0C9A-B6EB-FB017B0363A9">
<createdBy>riho</createdBy>
<createdTime>2015-04-17 23:12:25 UTC</createdTime>
<autoRoute>false</autoRoute>
<boxInbox>true</boxInbox>
<showLegend>false</showLegend>
<showLabels>false</showLabels>
<showRelAttributes>false</showRelAttributes>
<showGrid>false</showGrid>
<diagramColor>-1</diagramColor>
<display>false</display>
<generatorId>B995EFF1-36E8-1055-717D-6314A317A148</generatorId>
<notation>1</notation>
</Diagram>