<?xml version = '1.0' encoding = 'UTF-8'?>
<oracle-webservice-clients xmlns:ns2="http://java.sun.com/xml/ns/javaee">
   <webservice-client>
      <service-qname localpart="WSPLSQL" namespaceURI="http://oraserveri/WSPLSQL.wsdl"/>
      <port-info>
         <wsdl-port localpart="WSPLSQLPort" namespaceURI="http://oraserveri/WSPLSQL.wsdl"/>
         <runtime/>
         <operations>
            <operation name="funGetarticulosV3"/>
            <operation name="spBorrarcomponente"/>
            <operation name="spGetarticulos"/>
            <operation name="spGetcomponentes"/>
            <operation name="spInsertararticulo"/>
            <operation name="spInsertarcomponente"/>
            <operation name="spModificararticulo"/>
            <operation name="spModificarcomponente"/>
         </operations>
      </port-info>
   </webservice-client>
</oracle-webservice-clients>
