<?xml version = '1.0' encoding = 'UTF-8'?>
<SegmentOraclev10g class="oracle.dbtools.crest.model.design.storage.oracle.v10g.SegmentOraclev10g" name="Storage2" directorySegmentName="seg_0" id="1FC080AE-E47C-0EC9-99B3-2F77123479F3">
<createdBy>riho</createdBy>
<createdTime>2015-04-17 22:47:15 UTC</createdTime>
<ownerDesignName>IC4302-DB2-Progra1-TEC</ownerDesignName>
<maxTrans>255</maxTrans>
<pcTFree>25</pcTFree>
<scInitialExtent>204800</scInitialExtent>
<scMaxExtents>2147483645</scMaxExtents>
<scNextExtent>106496</scNextExtent>
</SegmentOraclev10g>