<?xml version = '1.0' encoding = 'UTF-8'?>
<SegmentOraclev10g class="oracle.dbtools.crest.model.design.storage.oracle.v10g.SegmentOraclev10g" name="Storage3" directorySegmentName="seg_0" id="348F1196-13E4-CEEF-C298-B4EBB83BB57D">
<createdBy>riho</createdBy>
<createdTime>2015-04-17 22:47:15 UTC</createdTime>
<ownerDesignName>IC4302-DB2-Progra1-TEC</ownerDesignName>
<maxTrans>255</maxTrans>
<pcTFree>28</pcTFree>
<scInitialExtent>245760</scInitialExtent>
<scMaxExtents>2147483645</scMaxExtents>
<scNextExtent>122880</scNextExtent>
</SegmentOraclev10g>