<?xml version = '1.0' encoding = 'UTF-8'?>
<SegmentOraclev10g class="oracle.dbtools.crest.model.design.storage.oracle.v10g.SegmentOraclev10g" name="Storage1" directorySegmentName="seg_0" id="A405B916-0F64-EAAE-BE2D-F17298043A39">
<createdBy>riho</createdBy>
<createdTime>2015-04-17 22:47:15 UTC</createdTime>
<ownerDesignName>IC4302-DB2-Progra1-TEC</ownerDesignName>
<maxTrans>255</maxTrans>
<pcTFree>60</pcTFree>
<scInitialExtent>172032</scInitialExtent>
<scMaxExtents>2147483645</scMaxExtents>
<scNextExtent>98304</scNextExtent>
</SegmentOraclev10g>