<?xml version = '1.0' encoding = 'UTF-8'?>
<relationalModel class="oracle.dbtools.crest.model.design.relational.RelationalDesign" name="oraserveri-proyectopdb-mviales" id="8573F936-3B20-55D2-F213-4B818EA75230" mainViewID="AD47BCA0-3DE0-C95C-A2AB-A386C321D8EC">
<createdBy>riho</createdBy>
<createdTime>2015-04-17 22:47:15 UTC</createdTime>
<ownerDesignName>IC4302-DB2-Progra1-TEC</ownerDesignName>
<shouldBeOpen>false</shouldBeOpen>
<selectedRDBMSSite>3FD120B5-9F4E-6278-D5E2-746D192C8319</selectedRDBMSSite>
<importConnectionStamps>
<importConnectionStamp class="oracle.dbtools.crest.imports.DBConnectionStamp">
<connName>oraserveri-proyectopdb-mviales</connName>
<connUrl>jdbc:oracle:thin:@172.19.127.101:1521/proyectopdb</connUrl>
<connUser>mviales</connUser>
<connType>1</connType>
</importConnectionStamp>
</importConnectionStamps>
</relationalModel>