<?xml version = '1.0' encoding = 'UTF-8'?>
<UserOraclev10g class="oracle.dbtools.crest.model.design.storage.oracle.v10g.UserOraclev10g" name="MVIALES" directorySegmentName="seg_0" id="23EA419D-9760-8EA2-FE3F-EAF70E91A3C5">
<sourceConnName>oraserveri-proyectopdb-mviales</sourceConnName>
<sourceObjName>MVIALES</sourceObjName>
<createdBy>riho</createdBy>
<createdTime>2015-04-17 22:47:15 UTC</createdTime>
<ownerDesignName>IC4302-DB2-Progra1-TEC</ownerDesignName>
<schemaObject>887EEE25-4325-0FDB-46F4-CA761433F2BF</schemaObject>
</UserOraclev10g>