<?xml version = '1.0' encoding = 'UTF-8'?>
<Relation class="oracle.dbtools.crest.model.design.logical.Relation" name="FKT_TIPOCAMB923514" directorySegmentName="seg_0" id="091C6FC8-A540-B951-0126-857D4B1E3C93">
<createdBy>riho</createdBy>
<createdTime>2015-04-17 23:12:25 UTC</createdTime>
<generatorID>5B243D8C-B366-3D38-BF09-95B8931BBBFE</generatorID>
<ownerDesignName>IC4302-DB2-Progra1-TEC</ownerDesignName>
<engineerTo>
<item key="8573F936-3B20-55D2-F213-4B818EA75230" value="true"/>
</engineerTo>
<sourcePk>BC7B5423-62E3-F2FA-4E37-D3F5A02345EA</sourcePk>
<identifying>false</identifying>
<optionalSource>true</optionalSource>
<optionalTarget>false</optionalTarget>
<sourceCardinality>1</sourceCardinality>
<sourceEntity>D0C9BCF6-6849-DFC1-EC0D-BAFC0748595F</sourceEntity>
<targetCardinalityString>*</targetCardinalityString>
<targetEntity>D838020B-A851-1E41-AAC5-8C3C13235C42</targetEntity>
<transferable>true</transferable>
<deleteRule>NO ACTION</deleteRule>
</Relation>