<?xml version = '1.0' encoding = 'UTF-8'?>
<Relation class="oracle.dbtools.crest.model.design.logical.Relation" name="FKT_LINEASFA481568" directorySegmentName="seg_0" id="12D83C6E-40F9-2E20-93B8-655CB9DD4A5D">
<createdBy>riho</createdBy>
<createdTime>2015-04-17 23:12:25 UTC</createdTime>
<generatorID>0FD06061-BB41-3068-2189-2E93BD475E27</generatorID>
<ownerDesignName>IC4302-DB2-Progra1-TEC</ownerDesignName>
<engineerTo>
<item key="8573F936-3B20-55D2-F213-4B818EA75230" value="true"/>
</engineerTo>
<sourcePk>1D58A4F3-582B-010D-F7BB-7DDEF5131956</sourcePk>
<identifying>true</identifying>
<optionalSource>true</optionalSource>
<optionalTarget>false</optionalTarget>
<sourceCardinality>1</sourceCardinality>
<sourceEntity>4C4FAF5D-F03F-6231-C8F7-87A7E5F367E8</sourceEntity>
<targetCardinalityString>*</targetCardinalityString>
<targetEntity>3767BF2E-B70B-5B3C-DE03-5864B0DB2418</targetEntity>
<transferable>true</transferable>
<deleteRule>NO ACTION</deleteRule>
</Relation>