<?xml version = '1.0' encoding = 'UTF-8'?>
<Relation class="oracle.dbtools.crest.model.design.logical.Relation" name="FKT_COTIZACI429323" directorySegmentName="seg_0" id="3395902A-7DDB-702D-493A-55E2A207ED71">
<createdBy>riho</createdBy>
<createdTime>2015-04-17 23:12:25 UTC</createdTime>
<generatorID>C4CFD135-20F5-7CAF-CDF6-865CF0C807A7</generatorID>
<ownerDesignName>IC4302-DB2-Progra1-TEC</ownerDesignName>
<engineerTo>
<item key="8573F936-3B20-55D2-F213-4B818EA75230" value="true"/>
</engineerTo>
<sourcePk>FDFA3B08-FF68-F60F-B2C0-88EDBE6F9410</sourcePk>
<identifying>false</identifying>
<optionalSource>true</optionalSource>
<optionalTarget>false</optionalTarget>
<sourceCardinality>1</sourceCardinality>
<sourceEntity>4283020D-931B-97D0-9C5C-14EBC7A87B77</sourceEntity>
<targetCardinalityString>*</targetCardinalityString>
<targetEntity>0E402688-F64A-280F-D9A0-749C0BA38006</targetEntity>
<transferable>true</transferable>
<deleteRule>NO ACTION</deleteRule>
</Relation>