<?xml version = '1.0' encoding = 'UTF-8'?>
<Relation class="oracle.dbtools.crest.model.design.logical.Relation" name="FKT_EMPRESA469254" directorySegmentName="seg_0" id="45E0F16D-FC0C-73CD-34EA-305483A19C2E">
<createdBy>riho</createdBy>
<createdTime>2015-04-17 23:12:25 UTC</createdTime>
<generatorID>6A689E78-C9DC-7578-0D23-0ECC49A61CD7</generatorID>
<ownerDesignName>IC4302-DB2-Progra1-TEC</ownerDesignName>
<engineerTo>
<item key="8573F936-3B20-55D2-F213-4B818EA75230" value="true"/>
</engineerTo>
<sourcePk>7F70CE7A-9017-2CE0-5AFC-CC3E9C7E13C4</sourcePk>
<identifying>false</identifying>
<optionalSource>true</optionalSource>
<optionalTarget>false</optionalTarget>
<sourceCardinality>1</sourceCardinality>
<sourceEntity>2E4D32AE-A290-1E54-6FD4-39BF26E3655B</sourceEntity>
<targetCardinalityString>*</targetCardinalityString>
<targetEntity>4283020D-931B-97D0-9C5C-14EBC7A87B77</targetEntity>
<transferable>true</transferable>
<deleteRule>NO ACTION</deleteRule>
</Relation>