<?xml version = '1.0' encoding = 'UTF-8'?>
<Relation class="oracle.dbtools.crest.model.design.logical.Relation" name="FKT_BITACORA84906" directorySegmentName="seg_0" id="48867677-139A-5A24-6BC0-DDC7E7E61DF9">
<createdBy>riho</createdBy>
<createdTime>2015-04-17 23:12:25 UTC</createdTime>
<generatorID>E8662C70-836C-7D25-CC9A-ED68860CBEB3</generatorID>
<ownerDesignName>IC4302-DB2-Progra1-TEC</ownerDesignName>
<engineerTo>
<item key="8573F936-3B20-55D2-F213-4B818EA75230" value="true"/>
</engineerTo>
<sourcePk>F0B2027A-EBAB-D48C-44FC-916B40E55DED</sourcePk>
<identifying>false</identifying>
<optionalSource>true</optionalSource>
<optionalTarget>false</optionalTarget>
<sourceCardinality>1</sourceCardinality>
<sourceEntity>2B9266D9-DBF9-5759-C048-F0CC16275208</sourceEntity>
<targetCardinalityString>*</targetCardinalityString>
<targetEntity>D63BAA63-E809-4672-C388-1F7FF3581E6E</targetEntity>
<transferable>true</transferable>
<deleteRule>NO ACTION</deleteRule>
</Relation>