<?xml version = '1.0' encoding = 'UTF-8'?>
<Relation class="oracle.dbtools.crest.model.design.logical.Relation" name="FKT_PROYECCI566293" directorySegmentName="seg_0" id="6414AC9F-9FC4-C447-06A1-EF7654B91052">
<createdBy>riho</createdBy>
<createdTime>2015-04-17 23:12:25 UTC</createdTime>
<generatorID>67A0DA84-10CF-F388-585D-E5A84EC94CBF</generatorID>
<ownerDesignName>IC4302-DB2-Progra1-TEC</ownerDesignName>
<engineerTo>
<item key="8573F936-3B20-55D2-F213-4B818EA75230" value="true"/>
</engineerTo>
<sourcePk>1667BF21-9B28-08BF-973D-CAC95F6495E1</sourcePk>
<identifying>false</identifying>
<optionalSource>true</optionalSource>
<optionalTarget>false</optionalTarget>
<sourceCardinality>1</sourceCardinality>
<sourceEntity>C887A49A-C584-958F-A8C1-8029C87D89FF</sourceEntity>
<targetCardinalityString>*</targetCardinalityString>
<targetEntity>2A4C79AF-E570-9CE1-772D-BCDE21A2C66A</targetEntity>
<transferable>true</transferable>
<deleteRule>NO ACTION</deleteRule>
</Relation>