<?xml version = '1.0' encoding = 'UTF-8'?>
<Relation class="oracle.dbtools.crest.model.design.logical.Relation" name="FKT_ARTICULO578076" directorySegmentName="seg_0" id="831A5016-F293-54B0-0F1C-3630A0685198">
<createdBy>riho</createdBy>
<createdTime>2015-04-17 23:12:25 UTC</createdTime>
<generatorID>AEDD75F6-CE21-04B7-5A05-44C0C83291A7</generatorID>
<ownerDesignName>IC4302-DB2-Progra1-TEC</ownerDesignName>
<engineerTo>
<item key="8573F936-3B20-55D2-F213-4B818EA75230" value="true"/>
</engineerTo>
<sourcePk>F0B2027A-EBAB-D48C-44FC-916B40E55DED</sourcePk>
<identifying>false</identifying>
<optionalSource>true</optionalSource>
<optionalTarget>false</optionalTarget>
<sourceCardinality>1</sourceCardinality>
<sourceEntity>2B9266D9-DBF9-5759-C048-F0CC16275208</sourceEntity>
<targetCardinalityString>*</targetCardinalityString>
<targetEntity>4C4FAF5D-F03F-6231-C8F7-87A7E5F367E8</targetEntity>
<transferable>true</transferable>
<deleteRule>NO ACTION</deleteRule>
</Relation>