<?xml version = '1.0' encoding = 'UTF-8'?>
<Relation class="oracle.dbtools.crest.model.design.logical.Relation" name="FKT_PROYECCI761595" directorySegmentName="seg_0" id="8325554B-93CF-59D0-9319-AD401A6C1D41">
<createdBy>riho</createdBy>
<createdTime>2015-04-17 23:12:25 UTC</createdTime>
<generatorID>65B2BC4F-D3EA-0CFA-CCE3-2B351A8E7972</generatorID>
<ownerDesignName>IC4302-DB2-Progra1-TEC</ownerDesignName>
<engineerTo>
<item key="8573F936-3B20-55D2-F213-4B818EA75230" value="true"/>
</engineerTo>
<sourcePk>BC7B5423-62E3-F2FA-4E37-D3F5A02345EA</sourcePk>
<identifying>false</identifying>
<optionalSource>true</optionalSource>
<optionalTarget>false</optionalTarget>
<sourceCardinality>1</sourceCardinality>
<sourceEntity>D0C9BCF6-6849-DFC1-EC0D-BAFC0748595F</sourceEntity>
<targetCardinalityString>*</targetCardinalityString>
<targetEntity>2A4C79AF-E570-9CE1-772D-BCDE21A2C66A</targetEntity>
<transferable>true</transferable>
<deleteRule>NO ACTION</deleteRule>
</Relation>