<?xml version = '1.0' encoding = 'UTF-8'?>
<Relation class="oracle.dbtools.crest.model.design.logical.Relation" name="FKT_LISTAPRE160880" directorySegmentName="seg_0" id="AE72FC06-8ABF-70BA-ADEC-F6A82CB0E305">
<createdBy>riho</createdBy>
<createdTime>2015-04-17 23:12:25 UTC</createdTime>
<generatorID>F29D2ABC-6C90-6339-0BFD-251FA31F8E48</generatorID>
<ownerDesignName>IC4302-DB2-Progra1-TEC</ownerDesignName>
<engineerTo>
<item key="8573F936-3B20-55D2-F213-4B818EA75230" value="true"/>
</engineerTo>
<sourcePk>1D58A4F3-582B-010D-F7BB-7DDEF5131956</sourcePk>
<identifying>true</identifying>
<optionalSource>true</optionalSource>
<optionalTarget>false</optionalTarget>
<sourceCardinality>1</sourceCardinality>
<sourceEntity>4C4FAF5D-F03F-6231-C8F7-87A7E5F367E8</sourceEntity>
<targetCardinalityString>*</targetCardinalityString>
<targetEntity>C887A49A-C584-958F-A8C1-8029C87D89FF</targetEntity>
<transferable>true</transferable>
<deleteRule>NO ACTION</deleteRule>
</Relation>