<?xml version = '1.0' encoding = 'UTF-8'?>
<Relation class="oracle.dbtools.crest.model.design.logical.Relation" name="FKT_ARTICULO522199" directorySegmentName="seg_0" id="B66DB1B8-0130-AA4E-CB85-792FC2924901">
<createdBy>riho</createdBy>
<createdTime>2015-04-17 23:12:25 UTC</createdTime>
<generatorID>9EBFF32D-6D38-5E06-43ED-9A20007FCD98</generatorID>
<ownerDesignName>IC4302-DB2-Progra1-TEC</ownerDesignName>
<engineerTo>
<item key="8573F936-3B20-55D2-F213-4B818EA75230" value="true"/>
</engineerTo>
<sourcePk>ED014296-4A33-4F55-94F2-C85C94E4C96C</sourcePk>
<identifying>false</identifying>
<optionalSource>true</optionalSource>
<optionalTarget>false</optionalTarget>
<sourceCardinality>1</sourceCardinality>
<sourceEntity>1C8BDCA8-26D0-E4CB-E256-C408795EBF1D</sourceEntity>
<targetCardinalityString>*</targetCardinalityString>
<targetEntity>4FCBF7B7-A3FE-D813-17C6-2C916FD257AD</targetEntity>
<transferable>true</transferable>
<deleteRule>NO ACTION</deleteRule>
</Relation>