<?xml version = '1.0' encoding = 'UTF-8'?>
<TableProxyOraclev11g class="oracle.dbtools.crest.model.design.storage.oracle.v11g.TableProxyOraclev11g" name="T_FACTURACOMPRAS" directorySegmentName="seg_0" id="1DD023D0-F3B0-9022-BAC5-332EED46191C">
<createdBy>kescobar</createdBy>
<createdTime>2015-04-21 15:58:36 UTC</createdTime>
<generatorID>Generado por el Usuario</generatorID>
<ownerDesignName>diseno datamodeler 21-4-15</ownerDesignName>
<schemaObject>BC8BCB6E-3D5F-3E0A-0851-B4733B08DF0E</schemaObject>
<logging>YES</logging>
<partitionedRowMovement>DISABLE</partitionedRowMovement>
<segment>8C7350E5-4F7A-7A49-A455-EA36B7A12E0B</segment>
<tableSpace>B7678D59-5D9D-00E1-6420-ED140220136B</tableSpace>
<temporaryChanged>false</temporaryChanged>
<accessDriverType>oracle_loader</accessDriverType>
<rejectLimit></rejectLimit>
<indexProxies>
<IndexProxy class="oracle.dbtools.crest.model.design.storage.oracle.v10g.IndexProxyOraclev10g" name="T_FACTURACOMPRAS_PK" id="E4613C40-B942-149B-40E4-373A45A2A8BA">
<createdBy>kescobar</createdBy>
<createdTime>2015-04-21 15:58:37 UTC</createdTime>
<generatorID>Generado por el Usuario</generatorID>
<ownerDesignName>diseno datamodeler 21-4-15</ownerDesignName>
<schemaObject>BC8BCB6E-3D5F-3E0A-0851-B4733B08DF0E</schemaObject>
<segment>F114A762-89EF-D68C-42BA-F81FE1252C30</segment>
<tableSpace>B7678D59-5D9D-00E1-6420-ED140220136B</tableSpace>
</IndexProxy>
</indexProxies>
<columnProxies itemClass="oracle.dbtools.crest.model.design.storage.oracle.v12c.ColumnProxyOraclev12c">
<ColumnProxy name="CODIGO" id="3CCF87FB-EA95-E5AE-3E1F-979D567A867B">
<createdBy>kescobar</createdBy>
<createdTime>2015-04-21 15:58:37 UTC</createdTime>
<generatorID>Generado por el Usuario</generatorID>
<ownerDesignName>diseno datamodeler 21-4-15</ownerDesignName>
</ColumnProxy>
<ColumnProxy name="FECREGISTRO" id="4C98F9C8-2702-627F-3A0D-10FB69000471">
<createdBy>kescobar</createdBy>
<createdTime>2015-04-21 15:58:37 UTC</createdTime>
<generatorID>Generado por el Usuario</generatorID>
<ownerDesignName>diseno datamodeler 21-4-15</ownerDesignName>
</ColumnProxy>
<ColumnProxy name="FECCOMPRA" id="67C591E7-5B0F-24BE-7740-059C8DF78D9B">
<createdBy>kescobar</createdBy>
<createdTime>2015-04-21 15:58:37 UTC</createdTime>
<generatorID>Generado por el Usuario</generatorID>
<ownerDesignName>diseno datamodeler 21-4-15</ownerDesignName>
</ColumnProxy>
<ColumnProxy name="CODUSERREGISTRO" id="858A92AA-5E3F-98D9-74AC-1D3D6E0ACC51">
<createdBy>kescobar</createdBy>
<createdTime>2015-04-21 15:58:37 UTC</createdTime>
<generatorID>Generado por el Usuario</generatorID>
<ownerDesignName>diseno datamodeler 21-4-15</ownerDesignName>
</ColumnProxy>
</columnProxies>
<foreignKeys>
<ForeignKey class="oracle.dbtools.crest.model.design.storage.oracle.v10g.FKProxyOraclev10g" name="FKT_FACTURAC28973" id="3175DB04-01D2-CBDC-9D3F-D1EAF1F11012">
<createdBy>kescobar</createdBy>
<createdTime>2015-04-21 15:58:40 UTC</createdTime>
<generatorID>Generado por el Usuario</generatorID>
<ownerDesignName>diseno datamodeler 21-4-15</ownerDesignName>
</ForeignKey>
</foreignKeys>
<primaryKeys>
<PrimaryKey class="oracle.dbtools.crest.model.design.storage.oracle.v10g.PKProxyOraclev10g" name="T_FACTURACOMPRAS_PK" id="D499681C-37EF-518A-D952-F2B0C7874CA5">
<createdBy>kescobar</createdBy>
<createdTime>2015-04-21 15:58:38 UTC</createdTime>
<generatorID>Generado por el Usuario</generatorID>
<ownerDesignName>diseno datamodeler 21-4-15</ownerDesignName>
<segment>F114A762-89EF-D68C-42BA-F81FE1252C30</segment>
<tableSpace>B7678D59-5D9D-00E1-6420-ED140220136B</tableSpace>
<existingIndex>E4613C40-B942-149B-40E4-373A45A2A8BA</existingIndex>
<indexSegment>F114A762-89EF-D68C-42BA-F81FE1252C30</indexSegment>
<indexSort>SORTED</indexSort>
<usingIndex>BY INDEX NAME</usingIndex>
</PrimaryKey>
</primaryKeys>
</TableProxyOraclev11g>