<?xml version = '1.0' encoding = 'UTF-8'?>
<TableProxyOraclev11g class="oracle.dbtools.crest.model.design.storage.oracle.v11g.TableProxyOraclev11g" name="T_UNIDADMEDIDAS" directorySegmentName="seg_0" id="6167440A-B006-DD6F-E46F-21F874DD1AE1">
<createdBy>kescobar</createdBy>
<createdTime>2015-04-21 15:58:36 UTC</createdTime>
<generatorID>Generado por el Usuario</generatorID>
<ownerDesignName>diseno datamodeler 21-4-15</ownerDesignName>
<schemaObject>BC8BCB6E-3D5F-3E0A-0851-B4733B08DF0E</schemaObject>
<logging>YES</logging>
<partitionedRowMovement>DISABLE</partitionedRowMovement>
<segment>D6F58489-54E8-758B-7A0C-4F974FECCF41</segment>
<tableSpace>B7678D59-5D9D-00E1-6420-ED140220136B</tableSpace>
<temporaryChanged>false</temporaryChanged>
<accessDriverType>oracle_loader</accessDriverType>
<rejectLimit></rejectLimit>
<indexProxies>
<IndexProxy class="oracle.dbtools.crest.model.design.storage.oracle.v10g.IndexProxyOraclev10g" name="T_UNIDADMEDIDAS_PK" id="23D7F45C-2F60-6B89-C5C3-31A0AF8098AE">
<createdBy>kescobar</createdBy>
<createdTime>2015-04-21 15:58:37 UTC</createdTime>
<generatorID>Generado por el Usuario</generatorID>
<ownerDesignName>diseno datamodeler 21-4-15</ownerDesignName>
<schemaObject>BC8BCB6E-3D5F-3E0A-0851-B4733B08DF0E</schemaObject>
<segment>F114A762-89EF-D68C-42BA-F81FE1252C30</segment>
<tableSpace>B7678D59-5D9D-00E1-6420-ED140220136B</tableSpace>
</IndexProxy>
</indexProxies>
<columnProxies itemClass="oracle.dbtools.crest.model.design.storage.oracle.v12c.ColumnProxyOraclev12c">
<ColumnProxy name="CODIGO" id="4546AD6E-C7F0-AAFA-C636-58A438C1B905">
<createdBy>kescobar</createdBy>
<createdTime>2015-04-21 15:58:37 UTC</createdTime>
<generatorID>Generado por el Usuario</generatorID>
<ownerDesignName>diseno datamodeler 21-4-15</ownerDesignName>
</ColumnProxy>
<ColumnProxy name="DESCRIPCION" id="6B0C0A03-67DB-01AE-D5B6-63C3062ECC4A">
<createdBy>kescobar</createdBy>
<createdTime>2015-04-21 15:58:37 UTC</createdTime>
<generatorID>Generado por el Usuario</generatorID>
<ownerDesignName>diseno datamodeler 21-4-15</ownerDesignName>
</ColumnProxy>
</columnProxies>
<primaryKeys>
<PrimaryKey class="oracle.dbtools.crest.model.design.storage.oracle.v10g.PKProxyOraclev10g" name="T_UNIDADMEDIDAS_PK" id="DB4E3601-CA8D-481E-1A28-86418CDC4AE3">
<createdBy>kescobar</createdBy>
<createdTime>2015-04-21 15:58:39 UTC</createdTime>
<generatorID>Generado por el Usuario</generatorID>
<ownerDesignName>diseno datamodeler 21-4-15</ownerDesignName>
<segment>F114A762-89EF-D68C-42BA-F81FE1252C30</segment>
<tableSpace>B7678D59-5D9D-00E1-6420-ED140220136B</tableSpace>
<existingIndex>23D7F45C-2F60-6B89-C5C3-31A0AF8098AE</existingIndex>
<indexSegment>F114A762-89EF-D68C-42BA-F81FE1252C30</indexSegment>
<indexSort>SORTED</indexSort>
<usingIndex>BY INDEX NAME</usingIndex>
</PrimaryKey>
</primaryKeys>
</TableProxyOraclev11g>