<?xml version = '1.0' encoding = 'UTF-8'?>
<TableProxyOraclev11g class="oracle.dbtools.crest.model.design.storage.oracle.v11g.TableProxyOraclev11g" name="T_TIPOCONTACTOS" directorySegmentName="seg_0" id="9871EC49-3A76-8008-1DCD-5AE0C8ADD213">
<createdBy>kescobar</createdBy>
<createdTime>2015-04-21 15:58:36 UTC</createdTime>
<generatorID>Generado por el Usuario</generatorID>
<ownerDesignName>diseno datamodeler 21-4-15</ownerDesignName>
<schemaObject>BC8BCB6E-3D5F-3E0A-0851-B4733B08DF0E</schemaObject>
<logging>YES</logging>
<partitionedRowMovement>DISABLE</partitionedRowMovement>
<segment>D6F58489-54E8-758B-7A0C-4F974FECCF41</segment>
<tableSpace>B7678D59-5D9D-00E1-6420-ED140220136B</tableSpace>
<temporaryChanged>false</temporaryChanged>
<accessDriverType>oracle_loader</accessDriverType>
<rejectLimit></rejectLimit>
<indexProxies>
<IndexProxy class="oracle.dbtools.crest.model.design.storage.oracle.v10g.IndexProxyOraclev10g" name="T_TIPOCONTACTOS_PK" id="E17815F7-45AE-FE09-D5EA-1DBAABD614D7">
<createdBy>kescobar</createdBy>
<createdTime>2015-04-21 15:58:37 UTC</createdTime>
<generatorID>Generado por el Usuario</generatorID>
<ownerDesignName>diseno datamodeler 21-4-15</ownerDesignName>
<schemaObject>BC8BCB6E-3D5F-3E0A-0851-B4733B08DF0E</schemaObject>
<segment>F114A762-89EF-D68C-42BA-F81FE1252C30</segment>
<tableSpace>B7678D59-5D9D-00E1-6420-ED140220136B</tableSpace>
</IndexProxy>
</indexProxies>
<columnProxies itemClass="oracle.dbtools.crest.model.design.storage.oracle.v12c.ColumnProxyOraclev12c">
<ColumnProxy name="NOMBRE" id="1D9D07B4-9E5A-9E3D-8F85-C6964847E02F">
<createdBy>kescobar</createdBy>
<createdTime>2015-04-21 15:58:37 UTC</createdTime>
<generatorID>Generado por el Usuario</generatorID>
<ownerDesignName>diseno datamodeler 21-4-15</ownerDesignName>
</ColumnProxy>
<ColumnProxy name="CODTIPOCONTACTO" id="79A40A14-DF3B-9BF0-3F99-CBC77E51BF15">
<createdBy>kescobar</createdBy>
<createdTime>2015-04-21 15:58:37 UTC</createdTime>
<generatorID>Generado por el Usuario</generatorID>
<ownerDesignName>diseno datamodeler 21-4-15</ownerDesignName>
</ColumnProxy>
</columnProxies>
<primaryKeys>
<PrimaryKey class="oracle.dbtools.crest.model.design.storage.oracle.v10g.PKProxyOraclev10g" name="T_TIPOCONTACTOS_PK" id="E62055C6-6E92-D98E-6D61-8DEAB997F230">
<createdBy>kescobar</createdBy>
<createdTime>2015-04-21 15:58:39 UTC</createdTime>
<generatorID>Generado por el Usuario</generatorID>
<ownerDesignName>diseno datamodeler 21-4-15</ownerDesignName>
<segment>F114A762-89EF-D68C-42BA-F81FE1252C30</segment>
<tableSpace>B7678D59-5D9D-00E1-6420-ED140220136B</tableSpace>
<existingIndex>E17815F7-45AE-FE09-D5EA-1DBAABD614D7</existingIndex>
<indexSegment>F114A762-89EF-D68C-42BA-F81FE1252C30</indexSegment>
<indexSort>SORTED</indexSort>
<usingIndex>BY INDEX NAME</usingIndex>
</PrimaryKey>
</primaryKeys>
</TableProxyOraclev11g>