<?xml version = '1.0' encoding = 'UTF-8'?>
<TableProxyOraclev11g class="oracle.dbtools.crest.model.design.storage.oracle.v11g.TableProxyOraclev11g" name="T_COTIZACIONES" directorySegmentName="seg_0" id="EA0EB424-E769-FF83-1A4A-A0D149368843">
<createdBy>kescobar</createdBy>
<createdTime>2015-04-21 15:58:36 UTC</createdTime>
<generatorID>Generado por el Usuario</generatorID>
<ownerDesignName>diseno datamodeler 21-4-15</ownerDesignName>
<schemaObject>BC8BCB6E-3D5F-3E0A-0851-B4733B08DF0E</schemaObject>
<logging>YES</logging>
<partitionedRowMovement>DISABLE</partitionedRowMovement>
<segment>8C7350E5-4F7A-7A49-A455-EA36B7A12E0B</segment>
<tableSpace>B7678D59-5D9D-00E1-6420-ED140220136B</tableSpace>
<temporaryChanged>false</temporaryChanged>
<accessDriverType>oracle_loader</accessDriverType>
<rejectLimit></rejectLimit>
<indexProxies>
<IndexProxy class="oracle.dbtools.crest.model.design.storage.oracle.v10g.IndexProxyOraclev10g" name="T_COTIZACIONES_PK" id="43E5D927-ACC0-D737-E8E4-7318879EE425">
<createdBy>kescobar</createdBy>
<createdTime>2015-04-21 15:58:37 UTC</createdTime>
<generatorID>Generado por el Usuario</generatorID>
<ownerDesignName>diseno datamodeler 21-4-15</ownerDesignName>
<schemaObject>BC8BCB6E-3D5F-3E0A-0851-B4733B08DF0E</schemaObject>
<segment>F114A762-89EF-D68C-42BA-F81FE1252C30</segment>
<tableSpace>B7678D59-5D9D-00E1-6420-ED140220136B</tableSpace>
</IndexProxy>
</indexProxies>
<columnProxies itemClass="oracle.dbtools.crest.model.design.storage.oracle.v12c.ColumnProxyOraclev12c">
<ColumnProxy name="NUMERO" id="0D67899F-23A1-6EE2-DF40-B9C5F66EF244">
<createdBy>kescobar</createdBy>
<createdTime>2015-04-21 15:58:37 UTC</createdTime>
<generatorID>Generado por el Usuario</generatorID>
<ownerDesignName>diseno datamodeler 21-4-15</ownerDesignName>
</ColumnProxy>
<ColumnProxy name="OBSERVACIONES" id="0F0ABFC0-550D-3CE7-03E1-CF3C8B125C65">
<createdBy>kescobar</createdBy>
<createdTime>2015-04-21 15:58:37 UTC</createdTime>
<generatorID>Generado por el Usuario</generatorID>
<ownerDesignName>diseno datamodeler 21-4-15</ownerDesignName>
</ColumnProxy>
<ColumnProxy name="CODLISTAPRECIOS" id="103FD3D5-3FC3-F718-3241-759CF83E35F9">
<createdBy>kescobar</createdBy>
<createdTime>2015-04-21 15:58:37 UTC</createdTime>
<generatorID>Generado por el Usuario</generatorID>
<ownerDesignName>diseno datamodeler 21-4-15</ownerDesignName>
</ColumnProxy>
<ColumnProxy name="CODESTADOCOTIZ" id="16F12361-3952-8317-85B1-061E6A589253">
<createdBy>kescobar</createdBy>
<createdTime>2015-04-21 15:58:37 UTC</createdTime>
<generatorID>Generado por el Usuario</generatorID>
<ownerDesignName>diseno datamodeler 21-4-15</ownerDesignName>
</ColumnProxy>
<ColumnProxy name="CONDICIONPAGO" id="379B8D86-7D0C-7409-DC84-DD18315259AC">
<createdBy>kescobar</createdBy>
<createdTime>2015-04-21 15:58:37 UTC</createdTime>
<generatorID>Generado por el Usuario</generatorID>
<ownerDesignName>diseno datamodeler 21-4-15</ownerDesignName>
</ColumnProxy>
<ColumnProxy name="FECREGISTRO" id="4799CEF5-5497-8B2C-0CD2-A986152DE758">
<createdBy>kescobar</createdBy>
<createdTime>2015-04-21 15:58:37 UTC</createdTime>
<generatorID>Generado por el Usuario</generatorID>
<ownerDesignName>diseno datamodeler 21-4-15</ownerDesignName>
</ColumnProxy>
<ColumnProxy name="CEDJURCLIENTE" id="4828E311-213F-68E9-63EF-90584FCAB33C">
<createdBy>kescobar</createdBy>
<createdTime>2015-04-21 15:58:37 UTC</createdTime>
<generatorID>Generado por el Usuario</generatorID>
<ownerDesignName>diseno datamodeler 21-4-15</ownerDesignName>
</ColumnProxy>
<ColumnProxy name="VIGENCIA" id="4A5876F6-3A1C-00C6-E697-C57CA03FFE13">
<createdBy>kescobar</createdBy>
<createdTime>2015-04-21 15:58:37 UTC</createdTime>
<generatorID>Generado por el Usuario</generatorID>
<ownerDesignName>diseno datamodeler 21-4-15</ownerDesignName>
</ColumnProxy>
<ColumnProxy name="MESENTREG" id="631B0BE6-ABDF-7329-8E62-1BA9B7DAB0DB">
<createdBy>kescobar</createdBy>
<createdTime>2015-04-21 15:58:37 UTC</createdTime>
<generatorID>Generado por el Usuario</generatorID>
<ownerDesignName>diseno datamodeler 21-4-15</ownerDesignName>
</ColumnProxy>
<ColumnProxy name="CONDICIONVENTA" id="872CB858-201D-3C7F-663B-1D5F99F28B79">
<createdBy>kescobar</createdBy>
<createdTime>2015-04-21 15:58:37 UTC</createdTime>
<generatorID>Generado por el Usuario</generatorID>
<ownerDesignName>diseno datamodeler 21-4-15</ownerDesignName>
</ColumnProxy>
<ColumnProxy name="ANIOENTREG" id="9EF4ACDE-A5B7-1DBA-E146-CDF9EFBDD362">
<createdBy>kescobar</createdBy>
<createdTime>2015-04-21 15:58:37 UTC</createdTime>
<generatorID>Generado por el Usuario</generatorID>
<ownerDesignName>diseno datamodeler 21-4-15</ownerDesignName>
</ColumnProxy>
<ColumnProxy name="CODMONEDA" id="B2480A61-C8EB-5918-4B9B-2ED3AAE36125">
<createdBy>kescobar</createdBy>
<createdTime>2015-04-21 15:58:37 UTC</createdTime>
<generatorID>Generado por el Usuario</generatorID>
<ownerDesignName>diseno datamodeler 21-4-15</ownerDesignName>
</ColumnProxy>
</columnProxies>
<foreignKeys>
<ForeignKey class="oracle.dbtools.crest.model.design.storage.oracle.v10g.FKProxyOraclev10g" name="FKT_COTIZACI429323" id="2723468F-849F-77F9-779D-47008965DFE7">
<createdBy>kescobar</createdBy>
<createdTime>2015-04-21 15:58:40 UTC</createdTime>
<generatorID>Generado por el Usuario</generatorID>
<ownerDesignName>diseno datamodeler 21-4-15</ownerDesignName>
</ForeignKey>
<ForeignKey class="oracle.dbtools.crest.model.design.storage.oracle.v10g.FKProxyOraclev10g" name="FKT_COTIZACI344790" id="3E7E297E-AA3D-9A9E-4C22-37D4869F5FBE">
<createdBy>kescobar</createdBy>
<createdTime>2015-04-21 15:58:40 UTC</createdTime>
<generatorID>Generado por el Usuario</generatorID>
<ownerDesignName>diseno datamodeler 21-4-15</ownerDesignName>
</ForeignKey>
<ForeignKey class="oracle.dbtools.crest.model.design.storage.oracle.v10g.FKProxyOraclev10g" name="FKT_COTIZACI656953" id="537C25F4-38D0-CB31-6DC7-6977C9B07ECE">
<createdBy>kescobar</createdBy>
<createdTime>2015-04-21 15:58:40 UTC</createdTime>
<generatorID>Generado por el Usuario</generatorID>
<ownerDesignName>diseno datamodeler 21-4-15</ownerDesignName>
</ForeignKey>
<ForeignKey class="oracle.dbtools.crest.model.design.storage.oracle.v10g.FKProxyOraclev10g" name="FKT_COTIZACI920077" id="7BA7E22B-1199-E0A3-F1D1-0DABD6B31DED">
<createdBy>kescobar</createdBy>
<createdTime>2015-04-21 15:58:40 UTC</createdTime>
<generatorID>Generado por el Usuario</generatorID>
<ownerDesignName>diseno datamodeler 21-4-15</ownerDesignName>
</ForeignKey>
<ForeignKey class="oracle.dbtools.crest.model.design.storage.oracle.v10g.FKProxyOraclev10g" name="FKT_COTIZACI717841" id="98DE8E8C-349A-856B-D0F3-957625037481">
<createdBy>kescobar</createdBy>
<createdTime>2015-04-21 15:58:40 UTC</createdTime>
<generatorID>Generado por el Usuario</generatorID>
<ownerDesignName>diseno datamodeler 21-4-15</ownerDesignName>
</ForeignKey>
</foreignKeys>
<primaryKeys>
<PrimaryKey class="oracle.dbtools.crest.model.design.storage.oracle.v10g.PKProxyOraclev10g" name="T_COTIZACIONES_PK" id="5D9B08DA-1870-1FEC-FC5C-90AD89F25872">
<createdBy>kescobar</createdBy>
<createdTime>2015-04-21 15:58:38 UTC</createdTime>
<generatorID>Generado por el Usuario</generatorID>
<ownerDesignName>diseno datamodeler 21-4-15</ownerDesignName>
<segment>F114A762-89EF-D68C-42BA-F81FE1252C30</segment>
<tableSpace>B7678D59-5D9D-00E1-6420-ED140220136B</tableSpace>
<existingIndex>43E5D927-ACC0-D737-E8E4-7318879EE425</existingIndex>
<indexSegment>F114A762-89EF-D68C-42BA-F81FE1252C30</indexSegment>
<indexSort>SORTED</indexSort>
<usingIndex>BY INDEX NAME</usingIndex>
</PrimaryKey>
</primaryKeys>
</TableProxyOraclev11g>