<?xml version = '1.0' encoding = 'UTF-8'?>
<TableProxyOraclev11g class="oracle.dbtools.crest.model.design.storage.oracle.v11g.TableProxyOraclev11g" name="T_TIPOCAMBIOS" directorySegmentName="seg_0" id="EB84A1E6-BA72-5193-1A9D-52EC9DCBAA45">
<createdBy>kescobar</createdBy>
<createdTime>2015-04-21 15:58:36 UTC</createdTime>
<generatorID>Generado por el Usuario</generatorID>
<ownerDesignName>diseno datamodeler 21-4-15</ownerDesignName>
<schemaObject>BC8BCB6E-3D5F-3E0A-0851-B4733B08DF0E</schemaObject>
<logging>YES</logging>
<partitionedRowMovement>DISABLE</partitionedRowMovement>
<segment>8C7350E5-4F7A-7A49-A455-EA36B7A12E0B</segment>
<tableSpace>B7678D59-5D9D-00E1-6420-ED140220136B</tableSpace>
<temporaryChanged>false</temporaryChanged>
<accessDriverType>oracle_loader</accessDriverType>
<rejectLimit></rejectLimit>
<columnProxies itemClass="oracle.dbtools.crest.model.design.storage.oracle.v12c.ColumnProxyOraclev12c">
<ColumnProxy name="ESTADO" id="05500F1C-C93B-CE99-89FA-7898A9F17439">
<createdBy>kescobar</createdBy>
<createdTime>2015-04-21 15:58:37 UTC</createdTime>
<generatorID>Generado por el Usuario</generatorID>
<ownerDesignName>diseno datamodeler 21-4-15</ownerDesignName>
</ColumnProxy>
<ColumnProxy name="MES" id="506E6DF9-C16E-CF34-D429-0161E9E223EF">
<createdBy>kescobar</createdBy>
<createdTime>2015-04-21 15:58:37 UTC</createdTime>
<generatorID>Generado por el Usuario</generatorID>
<ownerDesignName>diseno datamodeler 21-4-15</ownerDesignName>
</ColumnProxy>
<ColumnProxy name="MONTO" id="734884A1-6F92-5726-7D9F-07FEC453B2C5">
<createdBy>kescobar</createdBy>
<createdTime>2015-04-21 15:58:37 UTC</createdTime>
<generatorID>Generado por el Usuario</generatorID>
<ownerDesignName>diseno datamodeler 21-4-15</ownerDesignName>
</ColumnProxy>
<ColumnProxy name="CODINDICEECONOMICO" id="7C92BF72-0DD8-082A-0D30-891580E2EA36">
<createdBy>kescobar</createdBy>
<createdTime>2015-04-21 15:58:37 UTC</createdTime>
<generatorID>Generado por el Usuario</generatorID>
<ownerDesignName>diseno datamodeler 21-4-15</ownerDesignName>
</ColumnProxy>
<ColumnProxy name="CODMONEDA1" id="A461DC3A-89CA-F40D-0BF0-098A1984097C">
<createdBy>kescobar</createdBy>
<createdTime>2015-04-21 15:58:37 UTC</createdTime>
<generatorID>Generado por el Usuario</generatorID>
<ownerDesignName>diseno datamodeler 21-4-15</ownerDesignName>
</ColumnProxy>
<ColumnProxy name="ANIO" id="C372BEA0-590B-8A98-1B27-7125F46917FC">
<createdBy>kescobar</createdBy>
<createdTime>2015-04-21 15:58:37 UTC</createdTime>
<generatorID>Generado por el Usuario</generatorID>
<ownerDesignName>diseno datamodeler 21-4-15</ownerDesignName>
</ColumnProxy>
<ColumnProxy name="CODMONEDA2" id="DE987251-BC82-D13A-249A-2EF2D3FCCDCD">
<createdBy>kescobar</createdBy>
<createdTime>2015-04-21 15:58:37 UTC</createdTime>
<generatorID>Generado por el Usuario</generatorID>
<ownerDesignName>diseno datamodeler 21-4-15</ownerDesignName>
</ColumnProxy>
</columnProxies>
<foreignKeys>
<ForeignKey class="oracle.dbtools.crest.model.design.storage.oracle.v10g.FKProxyOraclev10g" name="FKT_TIPOCAMB620100" id="55CCF144-CBFC-5925-6882-7280EBA1615F">
<createdBy>kescobar</createdBy>
<createdTime>2015-04-21 15:58:40 UTC</createdTime>
<generatorID>Generado por el Usuario</generatorID>
<ownerDesignName>diseno datamodeler 21-4-15</ownerDesignName>
</ForeignKey>
<ForeignKey class="oracle.dbtools.crest.model.design.storage.oracle.v10g.FKProxyOraclev10g" name="FKT_TIPOCAMB620101" id="94D02F00-0398-F04B-66FE-285ADF4C17ED">
<createdBy>kescobar</createdBy>
<createdTime>2015-04-21 15:58:40 UTC</createdTime>
<generatorID>Generado por el Usuario</generatorID>
<ownerDesignName>diseno datamodeler 21-4-15</ownerDesignName>
</ForeignKey>
<ForeignKey class="oracle.dbtools.crest.model.design.storage.oracle.v10g.FKProxyOraclev10g" name="FKT_TIPOCAMB651026" id="A0097B33-8CEB-C9C1-DCA1-B929A48B9C71">
<createdBy>kescobar</createdBy>
<createdTime>2015-04-21 15:58:40 UTC</createdTime>
<generatorID>Generado por el Usuario</generatorID>
<ownerDesignName>diseno datamodeler 21-4-15</ownerDesignName>
</ForeignKey>
<ForeignKey class="oracle.dbtools.crest.model.design.storage.oracle.v10g.FKProxyOraclev10g" name="FKT_TIPOCAMB317616" id="E2128E1F-E4AC-B7CB-245C-0FB75CF3A113">
<createdBy>kescobar</createdBy>
<createdTime>2015-04-21 15:58:40 UTC</createdTime>
<generatorID>Generado por el Usuario</generatorID>
<ownerDesignName>diseno datamodeler 21-4-15</ownerDesignName>
</ForeignKey>
<ForeignKey class="oracle.dbtools.crest.model.design.storage.oracle.v10g.FKProxyOraclev10g" name="FKT_TIPOCAMB923514" id="F9AD717E-47E8-F00B-5A85-B7D3BF050346">
<createdBy>kescobar</createdBy>
<createdTime>2015-04-21 15:58:40 UTC</createdTime>
<generatorID>Generado por el Usuario</generatorID>
<ownerDesignName>diseno datamodeler 21-4-15</ownerDesignName>
</ForeignKey>
</foreignKeys>
</TableProxyOraclev11g>