<?xml version = '1.0' encoding = 'UTF-8'?>
<TableSpaceOraclev10g class="oracle.dbtools.crest.model.design.storage.oracle.v10g.TableSpaceOraclev10g" name="PROYECTO" directorySegmentName="seg_0" id="B7678D59-5D9D-00E1-6420-ED140220136B">
<sourceConnName>oraserveri</sourceConnName>
<sourceObjName>PROYECTO</sourceObjName>
<createdBy>kescobar</createdBy>
<createdTime>2015-04-21 15:58:35 UTC</createdTime>
<generatorID>Generado por el Usuario</generatorID>
<ownerDesignName>diseno datamodeler 21-4-15</ownerDesignName>
<dsInitialExtent>1048576</dsInitialExtent>
<dsMaxExtents>2147483645</dsMaxExtents>
<dsNextExtent>1048576</dsNextExtent>
<emLocalSubtype>UNIFORM</emLocalSubtype>
<emUniformSize>1048576</emUniformSize>
<extentManagement>LOCAL</extentManagement>
<minExtLen>1048576</minExtLen>
<dsCompression>NOCOMPRESS</dsCompression>
<fileType>SMALLFILE</fileType>
</TableSpaceOraclev10g>