<?xml version = '1.0' encoding = 'UTF-8'?>
<Diagram class="oracle.dbtools.crest.swingui.relational.DPVRelational" name="oraserveri-proyectopdb-mviales" id="AD47BCA0-3DE0-C95C-A2AB-A386C321D8EC">
<createdBy>riho</createdBy>
<createdTime>2015-04-17 22:47:15 UTC</createdTime>
<autoRoute>false</autoRoute>
<boxInbox>true</boxInbox>
<showLegend>false</showLegend>
<showLabels>false</showLabels>
<showRelAttributes>false</showRelAttributes>
<showGrid>true</showGrid>
<diagramColor>-1</diagramColor>
<display>false</display>
<notation>1</notation>
<objectViews>
<OView class="oracle.dbtools.crest.swingui.relational.TVTable" oid="0660332F-3282-D41F-0D38-732C7E942184" otype="Table" vid="9E465B52-2070-1CE7-B760-A70835DC12F4">
<hideElementsInCurrentOnly>false</hideElementsInCurrentOnly>
<bounds x="2106" y="664" width="284" height="338"/>
</OView>
<OView class="oracle.dbtools.crest.swingui.relational.TVTable" oid="0715F84F-4BF1-A90B-AA6B-52F4B68809E1" otype="Table" vid="E93BBC31-819A-0363-C463-8A2C09CED9DF">
<hideElementsInCurrentOnly>false</hideElementsInCurrentOnly>
<bounds x="1064" y="804" width="236" height="136"/>
</OView>
<OView class="oracle.dbtools.crest.swingui.relational.TVTable" oid="20229B81-272B-4BC9-7274-81B8828DA535" otype="Table" vid="47140948-776C-8D8C-F7A6-2CD5849F73E5">
<hideElementsInCurrentOnly>false</hideElementsInCurrentOnly>
<bounds x="2470" y="886" width="236" height="94"/>
</OView>
<OView class="oracle.dbtools.crest.swingui.relational.TVTable" oid="2C38AB0D-323C-0B6F-939C-58321458A18B" otype="Table" vid="5A253678-A862-97D0-D251-6C43AAB55668">
<hideElementsInCurrentOnly>false</hideElementsInCurrentOnly>
<bounds x="2221" y="1466" width="236" height="94"/>
</OView>
<OView class="oracle.dbtools.crest.swingui.relational.TVTable" oid="3314E968-A06B-929F-12D3-A93D7EAAB89A" otype="Table" vid="1159BD2B-0C96-4713-5C7B-0E6072CAA8D0">
<hideElementsInCurrentOnly>false</hideElementsInCurrentOnly>
<bounds x="383" y="1236" width="272" height="94"/>
</OView>
<OView class="oracle.dbtools.crest.swingui.relational.TVTable" oid="4042B0B9-6E83-1FF1-70C7-ADB7E012F567" otype="Table" vid="C7F7562A-8004-B547-E122-11A99310BAFD">
<hideElementsInCurrentOnly>false</hideElementsInCurrentOnly>
<bounds x="1608" y="434" width="337" height="144"/>
</OView>
<OView class="oracle.dbtools.crest.swingui.relational.TVTable" oid="617B92BB-1F47-F8B8-8B10-A2E390E9FDE9" otype="Table" vid="8585A09C-8561-941B-2BD3-D445D02236C2">
<hideElementsInCurrentOnly>false</hideElementsInCurrentOnly>
<bounds x="382" y="434" width="294" height="310"/>
</OView>
<OView class="oracle.dbtools.crest.swingui.relational.TVTable" oid="67E0F8BE-8C04-0EB8-6F15-2F5BD64FABAD" otype="Table" vid="056F88FF-05DF-DFAB-6610-E6B6A0A6D46B">
<hideElementsInCurrentOnly>false</hideElementsInCurrentOnly>
<bounds x="748" y="20" width="241" height="94"/>
</OView>
<OView class="oracle.dbtools.crest.swingui.relational.TVTable" oid="6C6BB792-C4EC-1236-1CD0-A19764E42871" otype="Table" vid="2B9D0FCC-F1E3-88B2-A0B7-D335DE06C46A">
<hideElementsInCurrentOnly>false</hideElementsInCurrentOnly>
<bounds x="735" y="1612" width="170" height="94"/>
</OView>
<OView class="oracle.dbtools.crest.swingui.relational.TVTable" oid="6F096BAB-5E93-A7BA-DC10-94FA64EC2C90" otype="Table" vid="9C5104A4-1F2F-0433-E1F6-AAA32B9EDBB7">
<hideElementsInCurrentOnly>false</hideElementsInCurrentOnly>
<bounds x="756" y="434" width="236" height="94"/>
</OView>
<OView class="oracle.dbtools.crest.swingui.relational.TVTable" oid="71C7D0DC-80F2-BE1D-0211-928E1705B866" otype="Table" vid="C0FDF56C-9D16-AAAF-EE2D-84813A6D5D0B">
<hideElementsInCurrentOnly>false</hideElementsInCurrentOnly>
<bounds x="2106" y="280" width="279" height="122"/>
</OView>
<OView class="oracle.dbtools.crest.swingui.relational.TVTable" oid="7BABA851-B602-6CFF-C069-072BEA759B8A" otype="Table" vid="66823B73-10CF-9311-6FDB-4638DF4DBC3A">
<hideElementsInCurrentOnly>false</hideElementsInCurrentOnly>
<bounds x="2106" y="462" width="286" height="142"/>
</OView>
<OView class="oracle.dbtools.crest.swingui.relational.TVTable" oid="7DA724BA-1A3A-D1A0-B6DD-9303427E5013" otype="Table" vid="AFC6B8EB-F8FD-5CC3-2890-688214C0A7D5">
<hideElementsInCurrentOnly>false</hideElementsInCurrentOnly>
<bounds x="2895" y="1062" width="236" height="94"/>
</OView>
<OView class="oracle.dbtools.crest.swingui.relational.TVTable" oid="7DC7988B-EF7F-49EA-D85D-0A465F391FF5" otype="Table" vid="4D77B9A1-0F3D-047F-F450-4AD70991915E">
<hideElementsInCurrentOnly>false</hideElementsInCurrentOnly>
<bounds x="1860" y="1280" width="270" height="142"/>
</OView>
<OView class="oracle.dbtools.crest.swingui.relational.TVTable" oid="8469D92D-90FA-9928-D0B9-BA5B71B9D9C2" otype="Table" vid="A7E91BFB-B990-ABDD-E899-E3CB6DDE4650">
<hideElementsInCurrentOnly>false</hideElementsInCurrentOnly>
<bounds x="1608" y="638" width="383" height="128"/>
</OView>
<OView class="oracle.dbtools.crest.swingui.relational.TVTable" oid="8E3C4EA5-F85B-9951-B16F-4A0A381B2ABF" otype="Table" vid="B3A26B94-08BC-B1FB-AB8B-C39AFAE7D7A5">
<hideElementsInCurrentOnly>false</hideElementsInCurrentOnly>
<bounds x="1608" y="280" width="179" height="94"/>
</OView>
<OView class="oracle.dbtools.crest.swingui.relational.TVTable" oid="8F6DB802-1AAB-A9DB-7E80-846C9D2FC618" otype="Table" vid="47A4F129-3782-4413-0C74-5B5A36FF5AB7">
<hideElementsInCurrentOnly>false</hideElementsInCurrentOnly>
<bounds x="2550" y="1062" width="241" height="128"/>
</OView>
<OView class="oracle.dbtools.crest.swingui.relational.TVTable" oid="932F6D82-7ADB-5D78-26C5-07DAC347D830" otype="Table" vid="F7B7CCA2-C416-46B3-CF85-42DA2E1E6A6A">
<hideElementsInCurrentOnly>false</hideElementsInCurrentOnly>
<bounds x="382" y="20" width="286" height="200"/>
</OView>
<OView class="oracle.dbtools.crest.swingui.relational.TVTable" oid="9BC4E739-874B-C75C-A0CB-29539EA8E644" otype="Table" vid="2BD2BB30-6FF6-C07A-411C-9BFE5CEB4BF8">
<hideElementsInCurrentOnly>false</hideElementsInCurrentOnly>
<bounds x="718" y="804" width="264" height="94"/>
</OView>
<OView class="oracle.dbtools.crest.swingui.relational.TVTable" oid="A4CF6A6E-C853-1407-99BA-4DEC37F38B15" otype="Table" vid="72CF34C1-9187-6892-8F69-55214904C3B4">
<hideElementsInCurrentOnly>false</hideElementsInCurrentOnly>
<bounds x="383" y="1020" width="271" height="156"/>
</OView>
<OView class="oracle.dbtools.crest.swingui.relational.TVTable" oid="AFFE39F7-DA8C-2581-2C2B-D6224500AE4A" otype="Table" vid="F2B61CBB-6641-9592-CC6A-26C03B7C147E">
<hideElementsInCurrentOnly>false</hideElementsInCurrentOnly>
<bounds x="735" y="1020" width="249" height="156"/>
</OView>
<OView class="oracle.dbtools.crest.swingui.relational.TVTable" oid="B0B503D9-CCA1-0C6B-57ED-18EFA028511C" otype="Table" vid="4EC47D45-7DB4-85D9-E015-C9ED9E9E4F76">
<hideElementsInCurrentOnly>false</hideElementsInCurrentOnly>
<bounds x="2551" y="1250" width="264" height="128"/>
</OView>
<OView class="oracle.dbtools.crest.swingui.relational.TVTable" oid="B11253C5-F914-8189-5D2C-EE81227DB0E0" otype="Table" vid="16D0E6BB-BCAD-1EAA-BA3E-CE1060247CA7">
<hideElementsInCurrentOnly>false</hideElementsInCurrentOnly>
<bounds x="2470" y="772" width="236" height="94"/>
</OView>
<OView class="oracle.dbtools.crest.swingui.relational.TVTable" oid="B44BC783-7C10-F23E-5EF0-FC8B941E3707" otype="Table" vid="D677EE35-012C-61EC-74D9-ECAE5CFA290E">
<hideElementsInCurrentOnly>false</hideElementsInCurrentOnly>
<bounds x="383" y="804" width="255" height="156"/>
</OView>
<OView class="oracle.dbtools.crest.swingui.relational.TVTable" oid="BDC3025B-5DF0-A9D5-D854-9075158B4C65" otype="Table" vid="833C17C6-7F68-6B5C-5775-27EC434BBD3E">
<hideElementsInCurrentOnly>false</hideElementsInCurrentOnly>
<bounds x="382" y="280" width="207" height="94"/>
</OView>
<OView class="oracle.dbtools.crest.swingui.relational.TVTable" oid="C9F54769-FB53-67C4-2E1B-3B15AECE7B37" otype="Table" vid="7A1C18D0-EF56-044B-A831-BD122040358F">
<hideElementsInCurrentOnly>false</hideElementsInCurrentOnly>
<bounds x="20" y="804" width="282" height="226"/>
</OView>
<OView class="oracle.dbtools.crest.swingui.relational.TVTable" oid="D22A7486-E806-ACD2-2873-475F1A59F658" otype="Table" vid="AEBFC24C-43E4-D8A0-6ACA-6A40AD91B75F">
<hideElementsInCurrentOnly>false</hideElementsInCurrentOnly>
<bounds x="2551" y="1438" width="236" height="94"/>
</OView>
<OView class="oracle.dbtools.crest.swingui.relational.TVTable" oid="DC8B9ED6-5249-E76A-0851-196CBA716E2C" otype="Table" vid="356B6D0E-FF8B-A151-12F9-4F1536BA9EC4">
<hideElementsInCurrentOnly>false</hideElementsInCurrentOnly>
<bounds x="2106" y="1062" width="364" height="156"/>
</OView>
<OView class="oracle.dbtools.crest.swingui.relational.TVTable" oid="DF682E59-8DA3-E1C7-C3F3-4B81338CA866" otype="Table" vid="65E3F52B-5387-31A1-A42F-6E28646D4E62">
<hideElementsInCurrentOnly>false</hideElementsInCurrentOnly>
<bounds x="735" y="1236" width="244" height="128"/>
</OView>
<OView class="oracle.dbtools.crest.swingui.relational.TVTable" oid="E51AC1DF-0F40-2A9F-69DA-531F4FCCB2FF" otype="Table" vid="423D055D-5AA6-1764-4339-CDEBF2BE8F91">
<hideElementsInCurrentOnly>false</hideElementsInCurrentOnly>
<bounds x="2221" y="1250" width="249" height="156"/>
</OView>
<OView class="oracle.dbtools.crest.swingui.relational.TVTable" oid="F8D8D75C-240F-A6D5-EEF5-8A48029E1BD9" otype="Table" vid="9391854B-087D-1B86-7485-757C4DB525BF">
<hideElementsInCurrentOnly>false</hideElementsInCurrentOnly>
<bounds x="735" y="1424" width="244" height="128"/>
</OView>
<OView class="oracle.dbtools.crest.swingui.relational.TVTable" oid="FC27F091-A4E3-0066-1D5A-6442BD7D0CF8" otype="Table" vid="8B2F5C46-7C83-71B1-AC4F-2134F77CA9FA">
<hideElementsInCurrentOnly>false</hideElementsInCurrentOnly>
<bounds x="2470" y="664" width="262" height="88"/>
</OView>
</objectViews>
<connectors>
<Connector class="oracle.dbtools.crest.swingui.relational.TVFKRelation" oid="0D6A741D-6A3A-F8F8-90DE-2133AD27950E" otype="FKIndexAssociation" vid_source="E93BBC31-819A-0363-C463-8A2C09CED9DF" vid_target="A7E91BFB-B990-ABDD-E899-E3CB6DDE4650">
<hideElementsInCurrentOnly>false</hideElementsInCurrentOnly>
<lineWidth>1</lineWidth>
<points>
<point x="1300" y="872"/>
<point x="1608" y="702"/>
</points>
</Connector>
<Connector class="oracle.dbtools.crest.swingui.relational.TVFKRelation" oid="0FD06061-BB41-3068-2189-2E93BD475E27" otype="FKIndexAssociation" vid_source="9E465B52-2070-1CE7-B760-A70835DC12F4" vid_target="356B6D0E-FF8B-A151-12F9-4F1536BA9EC4">
<hideElementsInCurrentOnly>false</hideElementsInCurrentOnly>
<lineWidth>1</lineWidth>
<points>
<point x="2248" y="1002"/>
<point x="2248" y="1062"/>
</points>
</Connector>
<Connector class="oracle.dbtools.crest.swingui.relational.TVFKRelation" oid="16412154-E84D-9D01-28E0-09FE6D9B52D5" otype="FKIndexAssociation" vid_source="66823B73-10CF-9311-6FDB-4638DF4DBC3A" vid_target="9E465B52-2070-1CE7-B760-A70835DC12F4">
<hideElementsInCurrentOnly>false</hideElementsInCurrentOnly>
<lineWidth>1</lineWidth>
<points>
<point x="2248" y="604"/>
<point x="2248" y="664"/>
</points>
</Connector>
<Connector class="oracle.dbtools.crest.swingui.relational.TVFKRelation" oid="32FEB21F-C884-ADF6-152A-1974F50461C8" otype="FKIndexAssociation" vid_source="9E465B52-2070-1CE7-B760-A70835DC12F4" vid_target="8B2F5C46-7C83-71B1-AC4F-2134F77CA9FA">
<hideElementsInCurrentOnly>false</hideElementsInCurrentOnly>
<lineWidth>1</lineWidth>
<points>
<point x="2390" y="718"/>
<point x="2470" y="718"/>
</points>
</Connector>
<Connector class="oracle.dbtools.crest.swingui.relational.TVFKRelation" oid="37F18F2C-AB0B-EA76-B849-DCCF18404B44" otype="FKIndexAssociation" vid_source="AEBFC24C-43E4-D8A0-6ACA-6A40AD91B75F" vid_target="4EC47D45-7DB4-85D9-E015-C9ED9E9E4F76">
<hideElementsInCurrentOnly>false</hideElementsInCurrentOnly>
<lineWidth>1</lineWidth>
<points>
<point x="2669" y="1438"/>
<point x="2669" y="1378"/>
</points>
</Connector>
<Connector class="oracle.dbtools.crest.swingui.relational.TVFKRelation" oid="386464FC-4212-F251-A762-5E801E02F584" otype="FKIndexAssociation" vid_source="B3A26B94-08BC-B1FB-AB8B-C39AFAE7D7A5" vid_target="8585A09C-8561-941B-2BD3-D445D02236C2">
<hideElementsInCurrentOnly>false</hideElementsInCurrentOnly>
<lineWidth>1</lineWidth>
<points>
<point x="1608" y="327"/>
<point x="676" y="589"/>
</points>
</Connector>
<Connector class="oracle.dbtools.crest.swingui.relational.TVFKRelation" oid="46CADF35-84A9-F1F2-7A49-F2D72A02BD21" otype="FKIndexAssociation" vid_source="833C17C6-7F68-6B5C-5775-27EC434BBD3E" vid_target="8585A09C-8561-941B-2BD3-D445D02236C2">
<hideElementsInCurrentOnly>false</hideElementsInCurrentOnly>
<lineWidth>1</lineWidth>
<points>
<point x="485" y="374"/>
<point x="485" y="434"/>
</points>
</Connector>
<Connector class="oracle.dbtools.crest.swingui.relational.TVFKRelation" oid="5624D202-6ACF-C5E4-5997-68320E4DA5AD" otype="FKIndexAssociation" vid_source="C0FDF56C-9D16-AAAF-EE2D-84813A6D5D0B" vid_target="F7B7CCA2-C416-46B3-CF85-42DA2E1E6A6A">
<hideElementsInCurrentOnly>false</hideElementsInCurrentOnly>
<lineWidth>1</lineWidth>
<points>
<point x="2106" y="341"/>
<point x="668" y="120"/>
</points>
</Connector>
<Connector class="oracle.dbtools.crest.swingui.relational.TVFKRelation" oid="5680308E-279A-098C-49A9-732AC2EB8865" otype="FKIndexAssociation" vid_source="65E3F52B-5387-31A1-A42F-6E28646D4E62" vid_target="F2B61CBB-6641-9592-CC6A-26C03B7C147E">
<hideElementsInCurrentOnly>false</hideElementsInCurrentOnly>
<lineWidth>1</lineWidth>
<points>
<point x="857" y="1236"/>
<point x="857" y="1176"/>
</points>
</Connector>
<Connector class="oracle.dbtools.crest.swingui.relational.TVFKRelation" oid="5B243D8C-B366-3D38-BF09-95B8931BBBFE" otype="FKIndexAssociation" vid_source="B3A26B94-08BC-B1FB-AB8B-C39AFAE7D7A5" vid_target="F7B7CCA2-C416-46B3-CF85-42DA2E1E6A6A">
<hideElementsInCurrentOnly>false</hideElementsInCurrentOnly>
<lineWidth>1</lineWidth>
<points>
<point x="1608" y="327"/>
<point x="668" y="120"/>
</points>
</Connector>
<Connector class="oracle.dbtools.crest.swingui.relational.TVFKRelation" oid="60258481-004F-B88E-3A0F-A5AD1138326A" otype="FKIndexAssociation" vid_source="C0FDF56C-9D16-AAAF-EE2D-84813A6D5D0B" vid_target="66823B73-10CF-9311-6FDB-4638DF4DBC3A">
<hideElementsInCurrentOnly>false</hideElementsInCurrentOnly>
<lineWidth>1</lineWidth>
<points>
<point x="2245" y="402"/>
<point x="2245" y="462"/>
</points>
</Connector>
<Connector class="oracle.dbtools.crest.swingui.relational.TVFKRelation" oid="610CBE2E-1F9E-D53A-478B-83E829F4EA01" otype="FKIndexAssociation" vid_source="47140948-776C-8D8C-F7A6-2CD5849F73E5" vid_target="9E465B52-2070-1CE7-B760-A70835DC12F4">
<hideElementsInCurrentOnly>false</hideElementsInCurrentOnly>
<lineWidth>1</lineWidth>
<points>
<point x="2470" y="933"/>
<point x="2390" y="933"/>
</points>
</Connector>
<Connector class="oracle.dbtools.crest.swingui.relational.TVFKRelation" oid="65B2BC4F-D3EA-0CFA-CCE3-2B351A8E7972" otype="FKIndexAssociation" vid_source="B3A26B94-08BC-B1FB-AB8B-C39AFAE7D7A5" vid_target="C7F7562A-8004-B547-E122-11A99310BAFD">
<hideElementsInCurrentOnly>false</hideElementsInCurrentOnly>
<lineWidth>1</lineWidth>
<points>
<point x="1697" y="374"/>
<point x="1697" y="434"/>
</points>
</Connector>
<Connector class="oracle.dbtools.crest.swingui.relational.TVFKRelation" oid="662E4869-8724-5FB0-2B98-C13F21E0FD3A" otype="FKIndexAssociation" vid_source="2B9D0FCC-F1E3-88B2-A0B7-D335DE06C46A" vid_target="9391854B-087D-1B86-7485-757C4DB525BF">
<hideElementsInCurrentOnly>false</hideElementsInCurrentOnly>
<lineWidth>1</lineWidth>
<points>
<point x="820" y="1612"/>
<point x="820" y="1552"/>
</points>
</Connector>
<Connector class="oracle.dbtools.crest.swingui.relational.TVFKRelation" oid="67A0DA84-10CF-F388-585D-E5A84EC94CBF" otype="FKIndexAssociation" vid_source="A7E91BFB-B990-ABDD-E899-E3CB6DDE4650" vid_target="C7F7562A-8004-B547-E122-11A99310BAFD">
<hideElementsInCurrentOnly>false</hideElementsInCurrentOnly>
<lineWidth>1</lineWidth>
<points>
<point x="1776" y="638"/>
<point x="1776" y="578"/>
</points>
</Connector>
<Connector class="oracle.dbtools.crest.swingui.relational.TVFKRelation" oid="6A689E78-C9DC-7578-0D23-0ECC49A61CD7" otype="FKIndexAssociation" vid_source="F2B61CBB-6641-9592-CC6A-26C03B7C147E" vid_target="D677EE35-012C-61EC-74D9-ECAE5CFA290E">
<hideElementsInCurrentOnly>false</hideElementsInCurrentOnly>
<lineWidth>1</lineWidth>
<points>
<point x="735" y="1098"/>
<point x="510" y="960"/>
</points>
</Connector>
<Connector class="oracle.dbtools.crest.swingui.relational.TVFKRelation" oid="6BCFF1D8-0DBA-8605-C117-67F96E3C09B2" otype="FKIndexAssociation" vid_source="1159BD2B-0C96-4713-5C7B-0E6072CAA8D0" vid_target="72CF34C1-9187-6892-8F69-55214904C3B4">
<hideElementsInCurrentOnly>false</hideElementsInCurrentOnly>
<lineWidth>1</lineWidth>
<points>
<point x="518" y="1236"/>
<point x="518" y="1176"/>
</points>
</Connector>
<Connector class="oracle.dbtools.crest.swingui.relational.TVFKRelation" oid="706B1DE2-ADAD-D463-525C-CE9AE642E2EE" otype="FKIndexAssociation" vid_source="47A4F129-3782-4413-0C74-5B5A36FF5AB7" vid_target="4D77B9A1-0F3D-047F-F450-4AD70991915E">
<hideElementsInCurrentOnly>false</hideElementsInCurrentOnly>
<lineWidth>1</lineWidth>
<points>
<point x="2550" y="1126"/>
<point x="2130" y="1351"/>
</points>
</Connector>
<Connector class="oracle.dbtools.crest.swingui.relational.TVFKRelation" oid="73B88560-36CA-67A4-A294-CBE1BAD81FA9" otype="FKIndexAssociation" vid_source="5A253678-A862-97D0-D251-6C43AAB55668" vid_target="423D055D-5AA6-1764-4339-CDEBF2BE8F91">
<hideElementsInCurrentOnly>false</hideElementsInCurrentOnly>
<lineWidth>1</lineWidth>
<points>
<point x="2339" y="1466"/>
<point x="2339" y="1406"/>
</points>
</Connector>
<Connector class="oracle.dbtools.crest.swingui.relational.TVFKRelation" oid="74C628BA-2EE8-1D20-B517-A37AE84720CC" otype="FKIndexAssociation" vid_source="056F88FF-05DF-DFAB-6610-E6B6A0A6D46B" vid_target="F7B7CCA2-C416-46B3-CF85-42DA2E1E6A6A">
<hideElementsInCurrentOnly>false</hideElementsInCurrentOnly>
<lineWidth>1</lineWidth>
<points>
<point x="748" y="67"/>
<point x="668" y="67"/>
</points>
</Connector>
<Connector class="oracle.dbtools.crest.swingui.relational.TVFKRelation" oid="7CD0070F-A6BF-731C-EDEC-66CFA98D6371" otype="FKIndexAssociation" vid_source="4EC47D45-7DB4-85D9-E015-C9ED9E9E4F76" vid_target="47A4F129-3782-4413-0C74-5B5A36FF5AB7">
<hideElementsInCurrentOnly>false</hideElementsInCurrentOnly>
<lineWidth>1</lineWidth>
<points>
<point x="2681" y="1250"/>
<point x="2681" y="1190"/>
</points>
</Connector>
<Connector class="oracle.dbtools.crest.swingui.relational.TVFKRelation" oid="8B075ECF-8A68-62A4-FCD3-BD524203F2DA" otype="FKIndexAssociation" vid_source="9E465B52-2070-1CE7-B760-A70835DC12F4" vid_target="8B2F5C46-7C83-71B1-AC4F-2134F77CA9FA">
<hideElementsInCurrentOnly>false</hideElementsInCurrentOnly>
<lineWidth>1</lineWidth>
<points>
<point x="2390" y="708"/>
<point x="2470" y="708"/>
</points>
</Connector>
<Connector class="oracle.dbtools.crest.swingui.relational.TVFKRelation" oid="8F699B38-8D64-4A98-D71E-9C7DD78DBA2C" otype="FKIndexAssociation" vid_source="4D77B9A1-0F3D-047F-F450-4AD70991915E" vid_target="356B6D0E-FF8B-A151-12F9-4F1536BA9EC4">
<hideElementsInCurrentOnly>false</hideElementsInCurrentOnly>
<lineWidth>1</lineWidth>
<points>
<point x="2118" y="1280"/>
<point x="2118" y="1218"/>
</points>
</Connector>
<Connector class="oracle.dbtools.crest.swingui.relational.TVFKRelation" oid="9EBFF32D-6D38-5E06-43ED-9A20007FCD98" otype="FKIndexAssociation" vid_source="AFC6B8EB-F8FD-5CC3-2890-688214C0A7D5" vid_target="7A1C18D0-EF56-044B-A831-BD122040358F">
<hideElementsInCurrentOnly>false</hideElementsInCurrentOnly>
<lineWidth>1</lineWidth>
<points>
<point x="2895" y="1109"/>
<point x="302" y="917"/>
</points>
</Connector>
<Connector class="oracle.dbtools.crest.swingui.relational.TVFKRelation" oid="AB7FD3EE-3A3E-FAFD-EBFC-7C8157D0ABF5" otype="FKIndexAssociation" vid_source="E93BBC31-819A-0363-C463-8A2C09CED9DF" vid_target="8585A09C-8561-941B-2BD3-D445D02236C2">
<hideElementsInCurrentOnly>false</hideElementsInCurrentOnly>
<lineWidth>1</lineWidth>
<points>
<point x="1064" y="872"/>
<point x="676" y="589"/>
</points>
</Connector>
<Connector class="oracle.dbtools.crest.swingui.relational.TVFKRelation" oid="AEDD75F6-CE21-04B7-5A05-44C0C83291A7" otype="FKIndexAssociation" vid_source="47A4F129-3782-4413-0C74-5B5A36FF5AB7" vid_target="9E465B52-2070-1CE7-B760-A70835DC12F4">
<hideElementsInCurrentOnly>false</hideElementsInCurrentOnly>
<lineWidth>1</lineWidth>
<points>
<point x="2670" y="1062"/>
<point x="2390" y="833"/>
</points>
</Connector>
<Connector class="oracle.dbtools.crest.swingui.relational.TVFKRelation" oid="B7D6F93C-56C5-C41F-F9E9-FACA254E5E74" otype="FKIndexAssociation" vid_source="833C17C6-7F68-6B5C-5775-27EC434BBD3E" vid_target="F7B7CCA2-C416-46B3-CF85-42DA2E1E6A6A">
<hideElementsInCurrentOnly>false</hideElementsInCurrentOnly>
<lineWidth>1</lineWidth>
<points>
<point x="485" y="280"/>
<point x="485" y="220"/>
</points>
</Connector>
<Connector class="oracle.dbtools.crest.swingui.relational.TVFKRelation" oid="C18B78DE-692E-44F5-5A6B-E3B5F1E2297E" otype="FKIndexAssociation" vid_source="AFC6B8EB-F8FD-5CC3-2890-688214C0A7D5" vid_target="9E465B52-2070-1CE7-B760-A70835DC12F4">
<hideElementsInCurrentOnly>false</hideElementsInCurrentOnly>
<lineWidth>1</lineWidth>
<points>
<point x="2895" y="1109"/>
<point x="2390" y="833"/>
</points>
</Connector>
<Connector class="oracle.dbtools.crest.swingui.relational.TVFKRelation" oid="C3DB89BF-A3B6-4C70-1A20-65524B2A9A2C" otype="FKIndexAssociation" vid_source="2BD2BB30-6FF6-C07A-411C-9BFE5CEB4BF8" vid_target="D677EE35-012C-61EC-74D9-ECAE5CFA290E">
<hideElementsInCurrentOnly>false</hideElementsInCurrentOnly>
<lineWidth>1</lineWidth>
<points>
<point x="718" y="851"/>
<point x="638" y="851"/>
</points>
</Connector>
<Connector class="oracle.dbtools.crest.swingui.relational.TVFKRelation" oid="C4CFD135-20F5-7CAF-CDF6-865CF0C807A7" otype="FKIndexAssociation" vid_source="D677EE35-012C-61EC-74D9-ECAE5CFA290E" vid_target="8585A09C-8561-941B-2BD3-D445D02236C2">
<hideElementsInCurrentOnly>false</hideElementsInCurrentOnly>
<lineWidth>1</lineWidth>
<points>
<point x="510" y="804"/>
<point x="510" y="744"/>
</points>
</Connector>
<Connector class="oracle.dbtools.crest.swingui.relational.TVFKRelation" oid="D00EC24B-0F9C-99EA-F903-D26B48865034" otype="FKIndexAssociation" vid_source="9391854B-087D-1B86-7485-757C4DB525BF" vid_target="65E3F52B-5387-31A1-A42F-6E28646D4E62">
<hideElementsInCurrentOnly>false</hideElementsInCurrentOnly>
<lineWidth>1</lineWidth>
<points>
<point x="857" y="1424"/>
<point x="857" y="1364"/>
</points>
</Connector>
<Connector class="oracle.dbtools.crest.swingui.relational.TVFKRelation" oid="D1E720D5-5780-D314-08CA-79F6C32AD30E" otype="FKIndexAssociation" vid_source="8585A09C-8561-941B-2BD3-D445D02236C2" vid_target="7A1C18D0-EF56-044B-A831-BD122040358F">
<hideElementsInCurrentOnly>false</hideElementsInCurrentOnly>
<lineWidth>1</lineWidth>
<points>
<point x="382" y="589"/>
<point x="161" y="804"/>
</points>
</Connector>
<Connector class="oracle.dbtools.crest.swingui.relational.TVFKRelation" oid="E7450F1C-8C9D-A389-15CD-35B8FECD31A1" otype="FKIndexAssociation" vid_source="D677EE35-012C-61EC-74D9-ECAE5CFA290E" vid_target="72CF34C1-9187-6892-8F69-55214904C3B4">
<hideElementsInCurrentOnly>false</hideElementsInCurrentOnly>
<lineWidth>1</lineWidth>
<points>
<point x="520" y="960"/>
<point x="520" y="1020"/>
</points>
</Connector>
<Connector class="oracle.dbtools.crest.swingui.relational.TVFKRelation" oid="E8662C70-836C-7D25-CC9A-ED68860CBEB3" otype="FKIndexAssociation" vid_source="47A4F129-3782-4413-0C74-5B5A36FF5AB7" vid_target="423D055D-5AA6-1764-4339-CDEBF2BE8F91">
<hideElementsInCurrentOnly>false</hideElementsInCurrentOnly>
<lineWidth>1</lineWidth>
<points>
<point x="2670" y="1190"/>
<point x="2470" y="1328"/>
</points>
</Connector>
<Connector class="oracle.dbtools.crest.swingui.relational.TVFKRelation" oid="EF5DDC10-A099-ECFF-698D-A61CA7400167" otype="FKIndexAssociation" vid_source="9C5104A4-1F2F-0433-E1F6-AAA32B9EDBB7" vid_target="8585A09C-8561-941B-2BD3-D445D02236C2">
<hideElementsInCurrentOnly>false</hideElementsInCurrentOnly>
<lineWidth>1</lineWidth>
<points>
<point x="756" y="481"/>
<point x="676" y="481"/>
</points>
</Connector>
<Connector class="oracle.dbtools.crest.swingui.relational.TVFKRelation" oid="F08A41CB-7590-36A6-8C1A-F096B339DADA" otype="FKIndexAssociation" vid_source="9E465B52-2070-1CE7-B760-A70835DC12F4" vid_target="7A1C18D0-EF56-044B-A831-BD122040358F">
<hideElementsInCurrentOnly>false</hideElementsInCurrentOnly>
<lineWidth>1</lineWidth>
<points>
<point x="2106" y="903"/>
<point x="302" y="903"/>
</points>
</Connector>
<Connector class="oracle.dbtools.crest.swingui.relational.TVFKRelation" oid="F29D2ABC-6C90-6339-0BFD-251FA31F8E48" otype="FKIndexAssociation" vid_source="9E465B52-2070-1CE7-B760-A70835DC12F4" vid_target="A7E91BFB-B990-ABDD-E899-E3CB6DDE4650">
<hideElementsInCurrentOnly>false</hideElementsInCurrentOnly>
<lineWidth>1</lineWidth>
<points>
<point x="2106" y="715"/>
<point x="1991" y="715"/>
</points>
</Connector>
<Connector class="oracle.dbtools.crest.swingui.relational.TVFKRelation" oid="FA1C6044-34AF-8EBB-9503-DB181128FD99" otype="FKIndexAssociation" vid_source="16D0E6BB-BCAD-1EAA-BA3E-CE1060247CA7" vid_target="9E465B52-2070-1CE7-B760-A70835DC12F4">
<hideElementsInCurrentOnly>false</hideElementsInCurrentOnly>
<lineWidth>1</lineWidth>
<points>
<point x="2470" y="819"/>
<point x="2390" y="819"/>
</points>
</Connector>
<Connector class="oracle.dbtools.crest.swingui.relational.TVFKRelation" oid="FA96E1F7-8949-1EB9-BE60-8A36105E4100" otype="FKIndexAssociation" vid_source="833C17C6-7F68-6B5C-5775-27EC434BBD3E" vid_target="F7B7CCA2-C416-46B3-CF85-42DA2E1E6A6A">
<hideElementsInCurrentOnly>false</hideElementsInCurrentOnly>
<lineWidth>1</lineWidth>
<points>
<point x="495" y="280"/>
<point x="495" y="220"/>
</points>
</Connector>
</connectors>
</Diagram>