<?xml version = '1.0' encoding = 'UTF-8'?>
<FKIndexAssociation class="oracle.dbtools.crest.model.design.relational.FKIndexAssociation" directorySegmentName="seg_0" id="0D6A741D-6A3A-F8F8-90DE-2133AD27950E" name="FKT_LISTAPRE78013">
<sourceConnName>oraserveri-proyectopdb-mviales</sourceConnName>
<sourceObjSchema>MVIALES</sourceObjSchema>
<sourceObjName>FKT_LISTAPRE78013</sourceObjName>
<createdBy>riho</createdBy>
<createdTime>2015-04-17 22:47:18 UTC</createdTime>
<ownerDesignName>IC4302-DB2-Progra1-TEC</ownerDesignName>
<containerWithKeyObject>8469D92D-90FA-9928-D0B9-BA5B71B9D9C2</containerWithKeyObject>
<deleteRule>NO ACTION</deleteRule>
<localFKIndex>958B6948-381F-4388-24F5-9C44F566CA80</localFKIndex>
<keyObject>304C29E3-933D-E2D2-D38C-73E603DF1701</keyObject>
<mandatory>true</mandatory>
<transferable>true</transferable>
<columnDependencyConstraintGenerateInDDL>true</columnDependencyConstraintGenerateInDDL>
</FKIndexAssociation>