<?xml version = '1.0' encoding = 'UTF-8'?>
<FKIndexAssociation class="oracle.dbtools.crest.model.design.relational.FKIndexAssociation" directorySegmentName="seg_0" id="32FEB21F-C884-ADF6-152A-1974F50461C8" name="FKT_COMPONEN774059">
<sourceConnName>oraserveri-proyectopdb-mviales</sourceConnName>
<sourceObjSchema>MVIALES</sourceObjSchema>
<sourceObjName>FKT_COMPONEN774059</sourceObjName>
<createdBy>riho</createdBy>
<createdTime>2015-04-17 22:47:18 UTC</createdTime>
<ownerDesignName>IC4302-DB2-Progra1-TEC</ownerDesignName>
<containerWithKeyObject>FC27F091-A4E3-0066-1D5A-6442BD7D0CF8</containerWithKeyObject>
<deleteRule>NO ACTION</deleteRule>
<localFKIndex>8E42E675-0D01-4B97-54BD-3EAC7F1AF23B</localFKIndex>
<keyObject>0B4F952D-94F0-8EAA-24B9-D4BA5AE0EBDE</keyObject>
<mandatory>true</mandatory>
<transferable>true</transferable>
<columnDependencyConstraintGenerateInDDL>true</columnDependencyConstraintGenerateInDDL>
</FKIndexAssociation>