<?xml version = '1.0' encoding = 'UTF-8'?>
<FKIndexAssociation class="oracle.dbtools.crest.model.design.relational.FKIndexAssociation" directorySegmentName="seg_0" id="37F18F2C-AB0B-EA76-B849-DCCF18404B44" name="FKT_TIPOUSUA556339">
<sourceConnName>oraserveri-proyectopdb-mviales</sourceConnName>
<sourceObjSchema>MVIALES</sourceObjSchema>
<sourceObjName>FKT_TIPOUSUA556339</sourceObjName>
<createdBy>riho</createdBy>
<createdTime>2015-04-17 22:47:18 UTC</createdTime>
<ownerDesignName>IC4302-DB2-Progra1-TEC</ownerDesignName>
<containerWithKeyObject>B0B503D9-CCA1-0C6B-57ED-18EFA028511C</containerWithKeyObject>
<deleteRule>NO ACTION</deleteRule>
<localFKIndex>7AF4A439-F56A-1F60-4AB2-BFBEDCFA98A5</localFKIndex>
<keyObject>74727EF9-F726-80BF-C9F7-B15FEA56178B</keyObject>
<mandatory>true</mandatory>
<transferable>true</transferable>
<columnDependencyConstraintGenerateInDDL>true</columnDependencyConstraintGenerateInDDL>
</FKIndexAssociation>