<?xml version = '1.0' encoding = 'UTF-8'?>
<FKIndexAssociation class="oracle.dbtools.crest.model.design.relational.FKIndexAssociation" directorySegmentName="seg_0" id="386464FC-4212-F251-A762-5E801E02F584" name="FKT_COTIZACI344790">
<sourceConnName>oraserveri-proyectopdb-mviales</sourceConnName>
<sourceObjSchema>MVIALES</sourceObjSchema>
<sourceObjName>FKT_COTIZACI344790</sourceObjName>
<createdBy>riho</createdBy>
<createdTime>2015-04-17 22:47:18 UTC</createdTime>
<ownerDesignName>IC4302-DB2-Progra1-TEC</ownerDesignName>
<containerWithKeyObject>617B92BB-1F47-F8B8-8B10-A2E390E9FDE9</containerWithKeyObject>
<deleteRule>NO ACTION</deleteRule>
<localFKIndex>43689D89-7551-526A-C962-92EB94D80B6E</localFKIndex>
<keyObject>01884D72-DB07-5A8D-5B5D-E8A84B422697</keyObject>
<mandatory>true</mandatory>
<transferable>true</transferable>
<columnDependencyConstraintGenerateInDDL>true</columnDependencyConstraintGenerateInDDL>
</FKIndexAssociation>