<?xml version = '1.0' encoding = 'UTF-8'?>
<FKIndexAssociation class="oracle.dbtools.crest.model.design.relational.FKIndexAssociation" directorySegmentName="seg_0" id="46CADF35-84A9-F1F2-7A49-F2D72A02BD21" name="FKT_COTIZACI656953">
<sourceConnName>oraserveri-proyectopdb-mviales</sourceConnName>
<sourceObjSchema>MVIALES</sourceObjSchema>
<sourceObjName>FKT_COTIZACI656953</sourceObjName>
<createdBy>riho</createdBy>
<createdTime>2015-04-17 22:47:18 UTC</createdTime>
<ownerDesignName>IC4302-DB2-Progra1-TEC</ownerDesignName>
<containerWithKeyObject>617B92BB-1F47-F8B8-8B10-A2E390E9FDE9</containerWithKeyObject>
<deleteRule>NO ACTION</deleteRule>
<localFKIndex>50712883-C6DF-9E02-DA03-64EEF84C40EC</localFKIndex>
<keyObject>F6B2895E-FE14-E339-66F5-BED22661A970</keyObject>
<mandatory>true</mandatory>
<transferable>true</transferable>
<columnDependencyConstraintGenerateInDDL>true</columnDependencyConstraintGenerateInDDL>
</FKIndexAssociation>