<?xml version = '1.0' encoding = 'UTF-8'?>
<FKIndexAssociation class="oracle.dbtools.crest.model.design.relational.FKIndexAssociation" directorySegmentName="seg_0" id="5680308E-279A-098C-49A9-732AC2EB8865" name="FKT_DETALLED350223">
<sourceConnName>oraserveri-proyectopdb-mviales</sourceConnName>
<sourceObjSchema>MVIALES</sourceObjSchema>
<sourceObjName>FKT_DETALLED350223</sourceObjName>
<createdBy>riho</createdBy>
<createdTime>2015-04-17 22:47:18 UTC</createdTime>
<ownerDesignName>IC4302-DB2-Progra1-TEC</ownerDesignName>
<containerWithKeyObject>AFFE39F7-DA8C-2581-2C2B-D6224500AE4A</containerWithKeyObject>
<deleteRule>NO ACTION</deleteRule>
<localFKIndex>C4F462F2-BCB4-9FD2-0C70-30E8989C528E</localFKIndex>
<keyObject>CE4FAA4D-40FA-C86C-A8C1-23A8D242A6AE</keyObject>
<mandatory>true</mandatory>
<transferable>true</transferable>
<columnDependencyConstraintGenerateInDDL>true</columnDependencyConstraintGenerateInDDL>
</FKIndexAssociation>