<?xml version = '1.0' encoding = 'UTF-8'?>
<FKIndexAssociation class="oracle.dbtools.crest.model.design.relational.FKIndexAssociation" directorySegmentName="seg_0" id="5B243D8C-B366-3D38-BF09-95B8931BBBFE" name="FKT_TIPOCAMB923514">
<sourceConnName>oraserveri-proyectopdb-mviales</sourceConnName>
<sourceObjSchema>MVIALES</sourceObjSchema>
<sourceObjName>FKT_TIPOCAMB923514</sourceObjName>
<createdBy>riho</createdBy>
<createdTime>2015-04-17 22:47:18 UTC</createdTime>
<ownerDesignName>IC4302-DB2-Progra1-TEC</ownerDesignName>
<containerWithKeyObject>932F6D82-7ADB-5D78-26C5-07DAC347D830</containerWithKeyObject>
<deleteRule>NO ACTION</deleteRule>
<localFKIndex>8C57EEF7-B6BE-2A70-CB1E-7AAA0532CF29</localFKIndex>
<keyObject>01884D72-DB07-5A8D-5B5D-E8A84B422697</keyObject>
<mandatory>true</mandatory>
<transferable>true</transferable>
<columnDependencyConstraintGenerateInDDL>true</columnDependencyConstraintGenerateInDDL>
</FKIndexAssociation>