<?xml version = '1.0' encoding = 'UTF-8'?>
<FKIndexAssociation class="oracle.dbtools.crest.model.design.relational.FKIndexAssociation" directorySegmentName="seg_0" id="60258481-004F-B88E-3A0F-A5AD1138326A" name="FKT_FAMILIAS683386">
<sourceConnName>oraserveri-proyectopdb-mviales</sourceConnName>
<sourceObjSchema>MVIALES</sourceObjSchema>
<sourceObjName>FKT_FAMILIAS683386</sourceObjName>
<createdBy>riho</createdBy>
<createdTime>2015-04-17 22:47:18 UTC</createdTime>
<ownerDesignName>IC4302-DB2-Progra1-TEC</ownerDesignName>
<containerWithKeyObject>7BABA851-B602-6CFF-C069-072BEA759B8A</containerWithKeyObject>
<deleteRule>NO ACTION</deleteRule>
<localFKIndex>B7113573-B3FA-81D9-35BC-FCE399A423CA</localFKIndex>
<keyObject>0429FBD1-1092-5576-09E8-21F4159AA45F</keyObject>
<mandatory>true</mandatory>
<transferable>true</transferable>
<columnDependencyConstraintGenerateInDDL>true</columnDependencyConstraintGenerateInDDL>
</FKIndexAssociation>