<?xml version = '1.0' encoding = 'UTF-8'?>
<FKIndexAssociation class="oracle.dbtools.crest.model.design.relational.FKIndexAssociation" directorySegmentName="seg_0" id="67A0DA84-10CF-F388-585D-E5A84EC94CBF" name="FKT_PROYECCI566293">
<sourceConnName>oraserveri-proyectopdb-mviales</sourceConnName>
<sourceObjSchema>MVIALES</sourceObjSchema>
<sourceObjName>FKT_PROYECCI566293</sourceObjName>
<createdBy>riho</createdBy>
<createdTime>2015-04-17 22:47:18 UTC</createdTime>
<ownerDesignName>IC4302-DB2-Progra1-TEC</ownerDesignName>
<containerWithKeyObject>4042B0B9-6E83-1FF1-70C7-ADB7E012F567</containerWithKeyObject>
<deleteRule>NO ACTION</deleteRule>
<localFKIndex>EB00D0D9-FA53-1D8E-8E44-E7275F44293B</localFKIndex>
<keyObject>96621DFE-3B36-A47A-C39E-4482BB914D63</keyObject>
<mandatory>true</mandatory>
<transferable>true</transferable>
<columnDependencyConstraintGenerateInDDL>true</columnDependencyConstraintGenerateInDDL>
</FKIndexAssociation>