<?xml version = '1.0' encoding = 'UTF-8'?>
<FKIndexAssociation class="oracle.dbtools.crest.model.design.relational.FKIndexAssociation" directorySegmentName="seg_0" id="6BCFF1D8-0DBA-8605-C117-67F96E3C09B2" name="FKT_CONTACTO759656">
<sourceConnName>oraserveri-proyectopdb-mviales</sourceConnName>
<sourceObjSchema>MVIALES</sourceObjSchema>
<sourceObjName>FKT_CONTACTO759656</sourceObjName>
<createdBy>riho</createdBy>
<createdTime>2015-04-17 22:47:18 UTC</createdTime>
<ownerDesignName>IC4302-DB2-Progra1-TEC</ownerDesignName>
<containerWithKeyObject>A4CF6A6E-C853-1407-99BA-4DEC37F38B15</containerWithKeyObject>
<deleteRule>NO ACTION</deleteRule>
<localFKIndex>D5F1A705-799D-6299-5E14-63C15C677F2C</localFKIndex>
<keyObject>4A30C993-FE0A-9C54-FC0A-8133D10EAFFC</keyObject>
<mandatory>true</mandatory>
<transferable>true</transferable>
<columnDependencyConstraintGenerateInDDL>true</columnDependencyConstraintGenerateInDDL>
</FKIndexAssociation>