<?xml version = '1.0' encoding = 'UTF-8'?>
<FKIndexAssociation class="oracle.dbtools.crest.model.design.relational.FKIndexAssociation" directorySegmentName="seg_0" id="73B88560-36CA-67A4-A294-CBE1BAD81FA9" name="FKT_BITACORA251134">
<sourceConnName>oraserveri-proyectopdb-mviales</sourceConnName>
<sourceObjSchema>MVIALES</sourceObjSchema>
<sourceObjName>FKT_BITACORA251134</sourceObjName>
<createdBy>riho</createdBy>
<createdTime>2015-04-17 22:47:18 UTC</createdTime>
<ownerDesignName>IC4302-DB2-Progra1-TEC</ownerDesignName>
<containerWithKeyObject>E51AC1DF-0F40-2A9F-69DA-531F4FCCB2FF</containerWithKeyObject>
<deleteRule>NO ACTION</deleteRule>
<localFKIndex>8EADC928-D9B6-DB4D-F235-DA0CEC1E9054</localFKIndex>
<keyObject>F5E06EE4-E64A-5BEC-64DE-6241FEB239F0</keyObject>
<mandatory>true</mandatory>
<transferable>true</transferable>
<columnDependencyConstraintGenerateInDDL>true</columnDependencyConstraintGenerateInDDL>
</FKIndexAssociation>