<?xml version = '1.0' encoding = 'UTF-8'?>
<FKIndexAssociation class="oracle.dbtools.crest.model.design.relational.FKIndexAssociation" directorySegmentName="seg_0" id="74C628BA-2EE8-1D20-B517-A37AE84720CC" name="FKT_TIPOCAMB651026">
<sourceConnName>oraserveri-proyectopdb-mviales</sourceConnName>
<sourceObjSchema>MVIALES</sourceObjSchema>
<sourceObjName>FKT_TIPOCAMB651026</sourceObjName>
<createdBy>riho</createdBy>
<createdTime>2015-04-17 22:47:18 UTC</createdTime>
<ownerDesignName>IC4302-DB2-Progra1-TEC</ownerDesignName>
<containerWithKeyObject>932F6D82-7ADB-5D78-26C5-07DAC347D830</containerWithKeyObject>
<deleteRule>NO ACTION</deleteRule>
<localFKIndex>5FB8F0F6-9469-DEDB-A900-248F60CC603B</localFKIndex>
<keyObject>63FF5BBB-3D9C-AAD9-E5C9-AC0B9D893363</keyObject>
<mandatory>true</mandatory>
<transferable>true</transferable>
<columnDependencyConstraintGenerateInDDL>true</columnDependencyConstraintGenerateInDDL>
</FKIndexAssociation>