<?xml version = '1.0' encoding = 'UTF-8'?>
<FKIndexAssociation class="oracle.dbtools.crest.model.design.relational.FKIndexAssociation" directorySegmentName="seg_0" id="9EBFF32D-6D38-5E06-43ED-9A20007FCD98" name="FKT_ARTICULO522199">
<sourceConnName>oraserveri-proyectopdb-mviales</sourceConnName>
<sourceObjSchema>MVIALES</sourceObjSchema>
<sourceObjName>FKT_ARTICULO522199</sourceObjName>
<createdBy>riho</createdBy>
<createdTime>2015-04-17 22:47:18 UTC</createdTime>
<ownerDesignName>IC4302-DB2-Progra1-TEC</ownerDesignName>
<containerWithKeyObject>C9F54769-FB53-67C4-2E1B-3B15AECE7B37</containerWithKeyObject>
<deleteRule>NO ACTION</deleteRule>
<localFKIndex>801A075E-65B1-3051-5B07-09BD867EDB54</localFKIndex>
<keyObject>41660D0A-4520-7BAD-9973-B223F808DCBB</keyObject>
<mandatory>true</mandatory>
<transferable>true</transferable>
<columnDependencyConstraintGenerateInDDL>true</columnDependencyConstraintGenerateInDDL>
</FKIndexAssociation>