<?xml version = '1.0' encoding = 'UTF-8'?>
<FKIndexAssociation class="oracle.dbtools.crest.model.design.relational.FKIndexAssociation" directorySegmentName="seg_0" id="C4CFD135-20F5-7CAF-CDF6-865CF0C807A7" name="FKT_COTIZACI429323">
<sourceConnName>oraserveri-proyectopdb-mviales</sourceConnName>
<sourceObjSchema>MVIALES</sourceObjSchema>
<sourceObjName>FKT_COTIZACI429323</sourceObjName>
<createdBy>riho</createdBy>
<createdTime>2015-04-17 22:47:18 UTC</createdTime>
<ownerDesignName>IC4302-DB2-Progra1-TEC</ownerDesignName>
<containerWithKeyObject>617B92BB-1F47-F8B8-8B10-A2E390E9FDE9</containerWithKeyObject>
<deleteRule>NO ACTION</deleteRule>
<localFKIndex>CA471D13-E46B-EAD8-414E-C5141B12FFD5</localFKIndex>
<keyObject>D0B85F55-9514-9391-7BC2-0AE157843385</keyObject>
<mandatory>true</mandatory>
<transferable>true</transferable>
<columnDependencyConstraintGenerateInDDL>true</columnDependencyConstraintGenerateInDDL>
</FKIndexAssociation>