<?xml version = '1.0' encoding = 'UTF-8'?>
<FKIndexAssociation class="oracle.dbtools.crest.model.design.relational.FKIndexAssociation" directorySegmentName="seg_0" id="D00EC24B-0F9C-99EA-F903-D26B48865034" name="FKT_CUIDADES473810">
<sourceConnName>oraserveri-proyectopdb-mviales</sourceConnName>
<sourceObjSchema>MVIALES</sourceObjSchema>
<sourceObjName>FKT_CUIDADES473810</sourceObjName>
<createdBy>riho</createdBy>
<createdTime>2015-04-17 22:47:18 UTC</createdTime>
<ownerDesignName>IC4302-DB2-Progra1-TEC</ownerDesignName>
<containerWithKeyObject>DF682E59-8DA3-E1C7-C3F3-4B81338CA866</containerWithKeyObject>
<deleteRule>NO ACTION</deleteRule>
<localFKIndex>CB1C311D-1A9D-51E4-6C35-C7425547DF57</localFKIndex>
<keyObject>6D5F186F-722F-64B7-E688-F727D0357A21</keyObject>
<mandatory>true</mandatory>
<transferable>true</transferable>
<columnDependencyConstraintGenerateInDDL>true</columnDependencyConstraintGenerateInDDL>
</FKIndexAssociation>