<?xml version = '1.0' encoding = 'UTF-8'?>
<FKIndexAssociation class="oracle.dbtools.crest.model.design.relational.FKIndexAssociation" directorySegmentName="seg_0" id="E7450F1C-8C9D-A389-15CD-35B8FECD31A1" name="FKT_CONTACTO536274">
<sourceConnName>oraserveri-proyectopdb-mviales</sourceConnName>
<sourceObjSchema>MVIALES</sourceObjSchema>
<sourceObjName>FKT_CONTACTO536274</sourceObjName>
<createdBy>riho</createdBy>
<createdTime>2015-04-17 22:47:18 UTC</createdTime>
<ownerDesignName>IC4302-DB2-Progra1-TEC</ownerDesignName>
<containerWithKeyObject>A4CF6A6E-C853-1407-99BA-4DEC37F38B15</containerWithKeyObject>
<deleteRule>NO ACTION</deleteRule>
<localFKIndex>7D63E4A9-6C4A-B2F6-8BC7-E64DB7AB2FC3</localFKIndex>
<keyObject>D0B85F55-9514-9391-7BC2-0AE157843385</keyObject>
<mandatory>true</mandatory>
<transferable>true</transferable>
<columnDependencyConstraintGenerateInDDL>true</columnDependencyConstraintGenerateInDDL>
</FKIndexAssociation>