<?xml version = '1.0' encoding = 'UTF-8'?>
<FKIndexAssociation class="oracle.dbtools.crest.model.design.relational.FKIndexAssociation" directorySegmentName="seg_0" id="EF5DDC10-A099-ECFF-698D-A61CA7400167" name="FKT_COTIZACI717841">
<sourceConnName>oraserveri-proyectopdb-mviales</sourceConnName>
<sourceObjSchema>MVIALES</sourceObjSchema>
<sourceObjName>FKT_COTIZACI717841</sourceObjName>
<createdBy>riho</createdBy>
<createdTime>2015-04-17 22:47:18 UTC</createdTime>
<ownerDesignName>IC4302-DB2-Progra1-TEC</ownerDesignName>
<containerWithKeyObject>617B92BB-1F47-F8B8-8B10-A2E390E9FDE9</containerWithKeyObject>
<deleteRule>NO ACTION</deleteRule>
<localFKIndex>AE5FE9C3-4A17-D8EE-CC51-1FE583F9DECC</localFKIndex>
<keyObject>9ADF82F4-95D4-3C70-E1B9-A43345EC8294</keyObject>
<mandatory>true</mandatory>
<transferable>true</transferable>
<columnDependencyConstraintGenerateInDDL>true</columnDependencyConstraintGenerateInDDL>
</FKIndexAssociation>