<?xml version = '1.0' encoding = 'UTF-8'?>
<FKIndexAssociation class="oracle.dbtools.crest.model.design.relational.FKIndexAssociation" directorySegmentName="seg_0" id="04DF67D0-FBD2-8F32-318D-949782A7E05E" name="FKT_TIPOCAMB923514">
<sourceConnName>oraserveri</sourceConnName>
<sourceObjSchema>MVIALES</sourceObjSchema>
<sourceObjName>FKT_TIPOCAMB923514</sourceObjName>
<createdBy>kescobar</createdBy>
<createdTime>2015-04-21 15:58:40 UTC</createdTime>
<generatorID>Generado por el Usuario</generatorID>
<ownerDesignName>diseno datamodeler 21-4-15</ownerDesignName>
<containerWithKeyObject>EB84A1E6-BA72-5193-1A9D-52EC9DCBAA45</containerWithKeyObject>
<deleteRule>NO ACTION</deleteRule>
<localFKIndex>F9AD717E-47E8-F00B-5A85-B7D3BF050346</localFKIndex>
<keyObject>612699E0-9A93-0534-B03A-2764E3489C28</keyObject>
<mandatory>true</mandatory>
<transferable>true</transferable>
<columnDependencyConstraintGenerateInDDL>true</columnDependencyConstraintGenerateInDDL>
</FKIndexAssociation>