<?xml version = '1.0' encoding = 'UTF-8'?>
<FKIndexAssociation class="oracle.dbtools.crest.model.design.relational.FKIndexAssociation" directorySegmentName="seg_0" id="0C911C48-A3CB-9EDB-E8EF-0A1615CEC16B" name="FKT_TIPOCAMB651026">
<sourceConnName>oraserveri</sourceConnName>
<sourceObjSchema>MVIALES</sourceObjSchema>
<sourceObjName>FKT_TIPOCAMB651026</sourceObjName>
<createdBy>kescobar</createdBy>
<createdTime>2015-04-21 15:58:40 UTC</createdTime>
<generatorID>Generado por el Usuario</generatorID>
<ownerDesignName>diseno datamodeler 21-4-15</ownerDesignName>
<containerWithKeyObject>EB84A1E6-BA72-5193-1A9D-52EC9DCBAA45</containerWithKeyObject>
<deleteRule>NO ACTION</deleteRule>
<localFKIndex>A0097B33-8CEB-C9C1-DCA1-B929A48B9C71</localFKIndex>
<keyObject>F48BF71C-7FFB-12E9-4B70-87D32D3A0C66</keyObject>
<mandatory>true</mandatory>
<transferable>true</transferable>
<columnDependencyConstraintGenerateInDDL>true</columnDependencyConstraintGenerateInDDL>
</FKIndexAssociation>