<?xml version = '1.0' encoding = 'UTF-8'?>
<FKIndexAssociation class="oracle.dbtools.crest.model.design.relational.FKIndexAssociation" directorySegmentName="seg_0" id="17D9B47F-FAEB-6AEC-907F-5AFF6D7D9912" name="FKT_COTIZACI344790">
<sourceConnName>oraserveri</sourceConnName>
<sourceObjSchema>MVIALES</sourceObjSchema>
<sourceObjName>FKT_COTIZACI344790</sourceObjName>
<createdBy>kescobar</createdBy>
<createdTime>2015-04-21 15:58:40 UTC</createdTime>
<generatorID>Generado por el Usuario</generatorID>
<ownerDesignName>diseno datamodeler 21-4-15</ownerDesignName>
<containerWithKeyObject>EA0EB424-E769-FF83-1A4A-A0D149368843</containerWithKeyObject>
<deleteRule>NO ACTION</deleteRule>
<localFKIndex>3E7E297E-AA3D-9A9E-4C22-37D4869F5FBE</localFKIndex>
<keyObject>612699E0-9A93-0534-B03A-2764E3489C28</keyObject>
<mandatory>true</mandatory>
<transferable>true</transferable>
<columnDependencyConstraintGenerateInDDL>true</columnDependencyConstraintGenerateInDDL>
</FKIndexAssociation>