<?xml version = '1.0' encoding = 'UTF-8'?>
<FKIndexAssociation class="oracle.dbtools.crest.model.design.relational.FKIndexAssociation" directorySegmentName="seg_0" id="1FE73EC5-287E-C967-69E3-AA0EEA27B162" name="FKT_PROYECCI761595">
<sourceConnName>oraserveri</sourceConnName>
<sourceObjSchema>MVIALES</sourceObjSchema>
<sourceObjName>FKT_PROYECCI761595</sourceObjName>
<createdBy>kescobar</createdBy>
<createdTime>2015-04-21 15:58:40 UTC</createdTime>
<generatorID>Generado por el Usuario</generatorID>
<ownerDesignName>diseno datamodeler 21-4-15</ownerDesignName>
<containerWithKeyObject>1B8BE722-900A-BA6E-01AD-C834807F61CD</containerWithKeyObject>
<deleteRule>NO ACTION</deleteRule>
<localFKIndex>B11FF9AE-9BB1-A7DF-7B7C-24CFD0F4F169</localFKIndex>
<keyObject>612699E0-9A93-0534-B03A-2764E3489C28</keyObject>
<mandatory>true</mandatory>
<transferable>true</transferable>
<columnDependencyConstraintGenerateInDDL>true</columnDependencyConstraintGenerateInDDL>
</FKIndexAssociation>