<?xml version = '1.0' encoding = 'UTF-8'?>
<FKIndexAssociation class="oracle.dbtools.crest.model.design.relational.FKIndexAssociation" directorySegmentName="seg_0" id="20210098-D357-ECDF-7087-44E51203A50C" name="FKT_ARTICULO570863">
<sourceConnName>oraserveri</sourceConnName>
<sourceObjSchema>MVIALES</sourceObjSchema>
<sourceObjName>FKT_ARTICULO570863</sourceObjName>
<createdBy>kescobar</createdBy>
<createdTime>2015-04-21 15:58:39 UTC</createdTime>
<generatorID>Generado por el Usuario</generatorID>
<ownerDesignName>diseno datamodeler 21-4-15</ownerDesignName>
<containerWithKeyObject>96A6C8F8-DB55-7EE2-6EBE-38A50EE7B17E</containerWithKeyObject>
<deleteRule>NO ACTION</deleteRule>
<localFKIndex>D5AD4776-B2BB-9CD9-56C3-27E864553B9F</localFKIndex>
<keyObject>DB4E3601-CA8D-481E-1A28-86418CDC4AE3</keyObject>
<mandatory>true</mandatory>
<transferable>true</transferable>
<columnDependencyConstraintGenerateInDDL>true</columnDependencyConstraintGenerateInDDL>
</FKIndexAssociation>