<?xml version = '1.0' encoding = 'UTF-8'?>
<FKIndexAssociation class="oracle.dbtools.crest.model.design.relational.FKIndexAssociation" directorySegmentName="seg_0" id="3B9546C5-B988-53EF-C00C-000CA7D5358E" name="FKT_LISTAPRE160880">
<sourceConnName>oraserveri</sourceConnName>
<sourceObjSchema>MVIALES</sourceObjSchema>
<sourceObjName>FKT_LISTAPRE160880</sourceObjName>
<createdBy>kescobar</createdBy>
<createdTime>2015-04-21 15:58:40 UTC</createdTime>
<generatorID>Generado por el Usuario</generatorID>
<ownerDesignName>diseno datamodeler 21-4-15</ownerDesignName>
<containerWithKeyObject>9BDF8549-3147-28DE-3F59-AFFE5DF2F15F</containerWithKeyObject>
<deleteRule>NO ACTION</deleteRule>
<localFKIndex>71888BD9-670F-87B1-2712-3FC972BFCD64</localFKIndex>
<keyObject>3E2D4A4B-8F13-6AD7-46A4-C3EDF1733AB4</keyObject>
<mandatory>true</mandatory>
<transferable>true</transferable>
<columnDependencyConstraintGenerateInDDL>true</columnDependencyConstraintGenerateInDDL>
</FKIndexAssociation>