<?xml version = '1.0' encoding = 'UTF-8'?>
<FKIndexAssociation class="oracle.dbtools.crest.model.design.relational.FKIndexAssociation" directorySegmentName="seg_0" id="4B3D1FB5-5BDC-527D-966E-9F02F0A92E2E" name="FKT_ARTICULO50573">
<sourceConnName>oraserveri</sourceConnName>
<sourceObjSchema>MVIALES</sourceObjSchema>
<sourceObjName>FKT_ARTICULO50573</sourceObjName>
<createdBy>kescobar</createdBy>
<createdTime>2015-04-21 15:58:40 UTC</createdTime>
<generatorID>Generado por el Usuario</generatorID>
<ownerDesignName>diseno datamodeler 21-4-15</ownerDesignName>
<containerWithKeyObject>F8631919-876A-FF75-C68A-51A4E310DBBA</containerWithKeyObject>
<deleteRule>NO ACTION</deleteRule>
<localFKIndex>04060052-43A0-20FA-1067-55340A6D3F8F</localFKIndex>
<keyObject>5D9B08DA-1870-1FEC-FC5C-90AD89F25872</keyObject>
<mandatory>true</mandatory>
<transferable>true</transferable>
<columnDependencyConstraintGenerateInDDL>true</columnDependencyConstraintGenerateInDDL>
</FKIndexAssociation>