<?xml version = '1.0' encoding = 'UTF-8'?>
<FKIndexAssociation class="oracle.dbtools.crest.model.design.relational.FKIndexAssociation" directorySegmentName="seg_0" id="4E0620D0-D6F2-F679-4A95-FDD483D13A83" name="FKT_TIPOCAMB620101">
<sourceConnName>oraserveri</sourceConnName>
<sourceObjSchema>MVIALES</sourceObjSchema>
<sourceObjName>FKT_TIPOCAMB620101</sourceObjName>
<createdBy>kescobar</createdBy>
<createdTime>2015-04-21 15:58:40 UTC</createdTime>
<generatorID>Generado por el Usuario</generatorID>
<ownerDesignName>diseno datamodeler 21-4-15</ownerDesignName>
<containerWithKeyObject>EB84A1E6-BA72-5193-1A9D-52EC9DCBAA45</containerWithKeyObject>
<deleteRule>NO ACTION</deleteRule>
<localFKIndex>94D02F00-0398-F04B-66FE-285ADF4C17ED</localFKIndex>
<keyObject>CEC37709-21CD-0A4A-A445-0AE927B61B7E</keyObject>
<mandatory>true</mandatory>
<transferable>true</transferable>
<columnDependencyConstraintGenerateInDDL>true</columnDependencyConstraintGenerateInDDL>
</FKIndexAssociation>