<?xml version = '1.0' encoding = 'UTF-8'?>
<FKIndexAssociation class="oracle.dbtools.crest.model.design.relational.FKIndexAssociation" directorySegmentName="seg_0" id="515F46FE-7C59-7B7A-CD9E-A2C898389BAB" name="FKT_COTIZACI656953">
<sourceConnName>oraserveri</sourceConnName>
<sourceObjSchema>MVIALES</sourceObjSchema>
<sourceObjName>FKT_COTIZACI656953</sourceObjName>
<createdBy>kescobar</createdBy>
<createdTime>2015-04-21 15:58:40 UTC</createdTime>
<generatorID>Generado por el Usuario</generatorID>
<ownerDesignName>diseno datamodeler 21-4-15</ownerDesignName>
<containerWithKeyObject>EA0EB424-E769-FF83-1A4A-A0D149368843</containerWithKeyObject>
<deleteRule>NO ACTION</deleteRule>
<localFKIndex>537C25F4-38D0-CB31-6DC7-6977C9B07ECE</localFKIndex>
<keyObject>CEC37709-21CD-0A4A-A445-0AE927B61B7E</keyObject>
<mandatory>true</mandatory>
<transferable>true</transferable>
<columnDependencyConstraintGenerateInDDL>true</columnDependencyConstraintGenerateInDDL>
</FKIndexAssociation>