<?xml version = '1.0' encoding = 'UTF-8'?>
<FKIndexAssociation class="oracle.dbtools.crest.model.design.relational.FKIndexAssociation" directorySegmentName="seg_0" id="53EBB6CD-F85C-44EF-D597-ADE28367F20F" name="FKT_FACTURAC28973">
<sourceConnName>oraserveri</sourceConnName>
<sourceObjSchema>MVIALES</sourceObjSchema>
<sourceObjName>FKT_FACTURAC28973</sourceObjName>
<createdBy>kescobar</createdBy>
<createdTime>2015-04-21 15:58:40 UTC</createdTime>
<generatorID>Generado por el Usuario</generatorID>
<ownerDesignName>diseno datamodeler 21-4-15</ownerDesignName>
<containerWithKeyObject>1DD023D0-F3B0-9022-BAC5-332EED46191C</containerWithKeyObject>
<deleteRule>NO ACTION</deleteRule>
<localFKIndex>3175DB04-01D2-CBDC-9D3F-D1EAF1F11012</localFKIndex>
<keyObject>DAE40D8C-1827-520C-E0F5-51E3B774FD73</keyObject>
<mandatory>true</mandatory>
<transferable>true</transferable>
<columnDependencyConstraintGenerateInDDL>true</columnDependencyConstraintGenerateInDDL>
</FKIndexAssociation>