<?xml version = '1.0' encoding = 'UTF-8'?>
<FKIndexAssociation class="oracle.dbtools.crest.model.design.relational.FKIndexAssociation" directorySegmentName="seg_0" id="5632DB64-2ACA-60F2-4E9A-469BF568BEEC" name="FKT_TIPOCAMB317616">
<sourceConnName>oraserveri</sourceConnName>
<sourceObjSchema>MVIALES</sourceObjSchema>
<sourceObjName>FKT_TIPOCAMB317616</sourceObjName>
<createdBy>kescobar</createdBy>
<createdTime>2015-04-21 15:58:40 UTC</createdTime>
<generatorID>Generado por el Usuario</generatorID>
<ownerDesignName>diseno datamodeler 21-4-15</ownerDesignName>
<containerWithKeyObject>EB84A1E6-BA72-5193-1A9D-52EC9DCBAA45</containerWithKeyObject>
<deleteRule>NO ACTION</deleteRule>
<localFKIndex>E2128E1F-E4AC-B7CB-245C-0FB75CF3A113</localFKIndex>
<keyObject>A542EAA9-8B02-DF67-EB6B-C4D23C2E25FC</keyObject>
<mandatory>true</mandatory>
<transferable>true</transferable>
<columnDependencyConstraintGenerateInDDL>true</columnDependencyConstraintGenerateInDDL>
</FKIndexAssociation>