<?xml version = '1.0' encoding = 'UTF-8'?>
<FKIndexAssociation class="oracle.dbtools.crest.model.design.relational.FKIndexAssociation" directorySegmentName="seg_0" id="5E7EF4FD-CC2B-1E9A-5E8D-64781B87D39B" name="FKT_DETALLED350223">
<sourceConnName>oraserveri</sourceConnName>
<sourceObjSchema>MVIALES</sourceObjSchema>
<sourceObjName>FKT_DETALLED350223</sourceObjName>
<createdBy>kescobar</createdBy>
<createdTime>2015-04-21 15:58:40 UTC</createdTime>
<generatorID>Generado por el Usuario</generatorID>
<ownerDesignName>diseno datamodeler 21-4-15</ownerDesignName>
<containerWithKeyObject>2EC31CE6-F112-07A7-C9D1-1E56071CCD2C</containerWithKeyObject>
<deleteRule>NO ACTION</deleteRule>
<localFKIndex>E5BA81F5-FFB6-D717-4C27-C981BE48D618</localFKIndex>
<keyObject>7C39279E-4709-0A99-E601-4D9B879DFD10</keyObject>
<mandatory>true</mandatory>
<transferable>true</transferable>
<columnDependencyConstraintGenerateInDDL>true</columnDependencyConstraintGenerateInDDL>
</FKIndexAssociation>