<?xml version = '1.0' encoding = 'UTF-8'?>
<FKIndexAssociation class="oracle.dbtools.crest.model.design.relational.FKIndexAssociation" directorySegmentName="seg_0" id="614788F4-B299-63D0-8BA7-5582C6755D4B" name="FKT_EMPRESA228590">
<sourceConnName>oraserveri</sourceConnName>
<sourceObjSchema>MVIALES</sourceObjSchema>
<sourceObjName>FKT_EMPRESA228590</sourceObjName>
<createdBy>kescobar</createdBy>
<createdTime>2015-04-21 15:58:40 UTC</createdTime>
<generatorID>Generado por el Usuario</generatorID>
<ownerDesignName>diseno datamodeler 21-4-15</ownerDesignName>
<containerWithKeyObject>576A6CAE-5118-8E71-2BB7-3DE5638B4C8E</containerWithKeyObject>
<deleteRule>NO ACTION</deleteRule>
<localFKIndex>7EBD0DD9-26EE-83B1-4E89-992934C542B9</localFKIndex>
<keyObject>C2216876-B543-21A7-D7F4-B7C7819B121B</keyObject>
<mandatory>true</mandatory>
<transferable>true</transferable>
<columnDependencyConstraintGenerateInDDL>true</columnDependencyConstraintGenerateInDDL>
</FKIndexAssociation>