<?xml version = '1.0' encoding = 'UTF-8'?>
<FKIndexAssociation class="oracle.dbtools.crest.model.design.relational.FKIndexAssociation" directorySegmentName="seg_0" id="62C271F7-01AD-140B-900E-E57CD9736C2E" name="FKT_LINEASFA50873">
<sourceConnName>oraserveri</sourceConnName>
<sourceObjSchema>MVIALES</sourceObjSchema>
<sourceObjName>FKT_LINEASFA50873</sourceObjName>
<createdBy>kescobar</createdBy>
<createdTime>2015-04-21 15:58:40 UTC</createdTime>
<generatorID>Generado por el Usuario</generatorID>
<ownerDesignName>diseno datamodeler 21-4-15</ownerDesignName>
<containerWithKeyObject>A1FD44F2-C206-3669-B425-76A5CC384230</containerWithKeyObject>
<deleteRule>NO ACTION</deleteRule>
<localFKIndex>8C53D509-69D7-A6C6-EF12-1E37034038E3</localFKIndex>
<keyObject>D499681C-37EF-518A-D952-F2B0C7874CA5</keyObject>
<mandatory>true</mandatory>
<transferable>true</transferable>
<columnDependencyConstraintGenerateInDDL>true</columnDependencyConstraintGenerateInDDL>
</FKIndexAssociation>