<?xml version = '1.0' encoding = 'UTF-8'?>
<FKIndexAssociation class="oracle.dbtools.crest.model.design.relational.FKIndexAssociation" directorySegmentName="seg_0" id="6463CE84-2B03-2C19-0F99-939AE7AFA18A" name="FKT_COMPONEN233783">
<sourceConnName>oraserveri</sourceConnName>
<sourceObjSchema>MVIALES</sourceObjSchema>
<sourceObjName>FKT_COMPONEN233783</sourceObjName>
<createdBy>kescobar</createdBy>
<createdTime>2015-04-21 15:58:40 UTC</createdTime>
<generatorID>Generado por el Usuario</generatorID>
<ownerDesignName>diseno datamodeler 21-4-15</ownerDesignName>
<containerWithKeyObject>4D857F87-318C-5E89-107E-12D975DAF8E0</containerWithKeyObject>
<deleteRule>NO ACTION</deleteRule>
<localFKIndex>D8D6699B-802D-26AB-83A5-E40B8BF62099</localFKIndex>
<keyObject>3E2D4A4B-8F13-6AD7-46A4-C3EDF1733AB4</keyObject>
<mandatory>true</mandatory>
<transferable>true</transferable>
<columnDependencyConstraintGenerateInDDL>true</columnDependencyConstraintGenerateInDDL>
</FKIndexAssociation>