<?xml version = '1.0' encoding = 'UTF-8'?>
<FKIndexAssociation class="oracle.dbtools.crest.model.design.relational.FKIndexAssociation" directorySegmentName="seg_0" id="64B50FA3-B7B2-1F6C-0CE8-A12BD8D0EECE" name="FKT_COTIZACI717841">
<sourceConnName>oraserveri</sourceConnName>
<sourceObjSchema>MVIALES</sourceObjSchema>
<sourceObjName>FKT_COTIZACI717841</sourceObjName>
<createdBy>kescobar</createdBy>
<createdTime>2015-04-21 15:58:40 UTC</createdTime>
<generatorID>Generado por el Usuario</generatorID>
<ownerDesignName>diseno datamodeler 21-4-15</ownerDesignName>
<containerWithKeyObject>EA0EB424-E769-FF83-1A4A-A0D149368843</containerWithKeyObject>
<deleteRule>NO ACTION</deleteRule>
<localFKIndex>98DE8E8C-349A-856B-D0F3-957625037481</localFKIndex>
<keyObject>2E37B51E-E377-ED4C-1468-02D63D54FFA9</keyObject>
<mandatory>true</mandatory>
<transferable>true</transferable>
<columnDependencyConstraintGenerateInDDL>true</columnDependencyConstraintGenerateInDDL>
</FKIndexAssociation>