<?xml version = '1.0' encoding = 'UTF-8'?>
<FKIndexAssociation class="oracle.dbtools.crest.model.design.relational.FKIndexAssociation" directorySegmentName="seg_0" id="6DC625E5-A6B5-C12B-4385-BEF07D0EE04E" name="FKT_BITACORA84906">
<sourceConnName>oraserveri</sourceConnName>
<sourceObjSchema>MVIALES</sourceObjSchema>
<sourceObjName>FKT_BITACORA84906</sourceObjName>
<createdBy>kescobar</createdBy>
<createdTime>2015-04-21 15:58:40 UTC</createdTime>
<generatorID>Generado por el Usuario</generatorID>
<ownerDesignName>diseno datamodeler 21-4-15</ownerDesignName>
<containerWithKeyObject>D09AD7D0-E743-2A9C-03D1-811B6678E64F</containerWithKeyObject>
<deleteRule>NO ACTION</deleteRule>
<localFKIndex>E1880890-B689-205E-1ECD-60849B359850</localFKIndex>
<keyObject>DAE40D8C-1827-520C-E0F5-51E3B774FD73</keyObject>
<mandatory>true</mandatory>
<transferable>true</transferable>
<columnDependencyConstraintGenerateInDDL>true</columnDependencyConstraintGenerateInDDL>
</FKIndexAssociation>