<?xml version = '1.0' encoding = 'UTF-8'?>
<FKIndexAssociation class="oracle.dbtools.crest.model.design.relational.FKIndexAssociation" directorySegmentName="seg_0" id="71987552-0984-BE53-F06B-495585F97C27" name="FKT_CUIDADES473810">
<sourceConnName>oraserveri</sourceConnName>
<sourceObjSchema>MVIALES</sourceObjSchema>
<sourceObjName>FKT_CUIDADES473810</sourceObjName>
<createdBy>kescobar</createdBy>
<createdTime>2015-04-21 15:58:40 UTC</createdTime>
<generatorID>Generado por el Usuario</generatorID>
<ownerDesignName>diseno datamodeler 21-4-15</ownerDesignName>
<containerWithKeyObject>75528F44-B2D7-0F95-A530-A8FBB32B38E7</containerWithKeyObject>
<deleteRule>NO ACTION</deleteRule>
<localFKIndex>22AD30A4-3DC6-D61D-5321-0061A8722330</localFKIndex>
<keyObject>85E1A8A4-DEE6-2F13-917D-B19DD4248DE2</keyObject>
<mandatory>true</mandatory>
<transferable>true</transferable>
<columnDependencyConstraintGenerateInDDL>true</columnDependencyConstraintGenerateInDDL>
</FKIndexAssociation>