<?xml version = '1.0' encoding = 'UTF-8'?>
<FKIndexAssociation class="oracle.dbtools.crest.model.design.relational.FKIndexAssociation" directorySegmentName="seg_0" id="74EBA470-6CC0-20F1-514F-7C35651E6F7E" name="FKT_ARTICULO522199">
<sourceConnName>oraserveri</sourceConnName>
<sourceObjSchema>MVIALES</sourceObjSchema>
<sourceObjName>FKT_ARTICULO522199</sourceObjName>
<createdBy>kescobar</createdBy>
<createdTime>2015-04-21 15:58:40 UTC</createdTime>
<generatorID>Generado por el Usuario</generatorID>
<ownerDesignName>diseno datamodeler 21-4-15</ownerDesignName>
<containerWithKeyObject>F8631919-876A-FF75-C68A-51A4E310DBBA</containerWithKeyObject>
<deleteRule>NO ACTION</deleteRule>
<localFKIndex>0933153A-0EDF-B126-EB26-64B5B66BBE06</localFKIndex>
<keyObject>DB4E3601-CA8D-481E-1A28-86418CDC4AE3</keyObject>
<mandatory>true</mandatory>
<transferable>true</transferable>
<columnDependencyConstraintGenerateInDDL>true</columnDependencyConstraintGenerateInDDL>
</FKIndexAssociation>