<?xml version = '1.0' encoding = 'UTF-8'?>
<FKIndexAssociation class="oracle.dbtools.crest.model.design.relational.FKIndexAssociation" directorySegmentName="seg_0" id="78A94756-9C7B-9E1C-212B-8123869909F7" name="FKT_LINEASFA481568">
<sourceConnName>oraserveri</sourceConnName>
<sourceObjSchema>MVIALES</sourceObjSchema>
<sourceObjName>FKT_LINEASFA481568</sourceObjName>
<createdBy>kescobar</createdBy>
<createdTime>2015-04-21 15:58:40 UTC</createdTime>
<generatorID>Generado por el Usuario</generatorID>
<ownerDesignName>diseno datamodeler 21-4-15</ownerDesignName>
<containerWithKeyObject>A1FD44F2-C206-3669-B425-76A5CC384230</containerWithKeyObject>
<deleteRule>NO ACTION</deleteRule>
<localFKIndex>C1D735A7-83A6-0C05-659C-703F47FFF88B</localFKIndex>
<keyObject>3E2D4A4B-8F13-6AD7-46A4-C3EDF1733AB4</keyObject>
<mandatory>true</mandatory>
<transferable>true</transferable>
<columnDependencyConstraintGenerateInDDL>true</columnDependencyConstraintGenerateInDDL>
</FKIndexAssociation>