<?xml version = '1.0' encoding = 'UTF-8'?>
<FKIndexAssociation class="oracle.dbtools.crest.model.design.relational.FKIndexAssociation" directorySegmentName="seg_0" id="79824896-33C5-AE46-D3D4-22CE0770CD5C" name="FKT_PROVINCI451632">
<sourceConnName>oraserveri</sourceConnName>
<sourceObjSchema>MVIALES</sourceObjSchema>
<sourceObjName>FKT_PROVINCI451632</sourceObjName>
<createdBy>kescobar</createdBy>
<createdTime>2015-04-21 15:58:40 UTC</createdTime>
<generatorID>Generado por el Usuario</generatorID>
<ownerDesignName>diseno datamodeler 21-4-15</ownerDesignName>
<containerWithKeyObject>4571A8E1-C4D1-CF05-C4A9-9B1982D0D438</containerWithKeyObject>
<deleteRule>NO ACTION</deleteRule>
<localFKIndex>42BF4DE6-EBDB-59B7-6609-EFB020102906</localFKIndex>
<keyObject>1E8987B8-37CD-92FB-0EF6-8D6FB7CC9EC9</keyObject>
<mandatory>true</mandatory>
<transferable>true</transferable>
<columnDependencyConstraintGenerateInDDL>true</columnDependencyConstraintGenerateInDDL>
</FKIndexAssociation>