<?xml version = '1.0' encoding = 'UTF-8'?>
<FKIndexAssociation class="oracle.dbtools.crest.model.design.relational.FKIndexAssociation" directorySegmentName="seg_0" id="80E07E48-AA8E-2D61-64FD-A1B75C013234" name="FKT_FAMILIAS683386">
<sourceConnName>oraserveri</sourceConnName>
<sourceObjSchema>MVIALES</sourceObjSchema>
<sourceObjName>FKT_FAMILIAS683386</sourceObjName>
<createdBy>kescobar</createdBy>
<createdTime>2015-04-21 15:58:40 UTC</createdTime>
<generatorID>Generado por el Usuario</generatorID>
<ownerDesignName>diseno datamodeler 21-4-15</ownerDesignName>
<containerWithKeyObject>4C861B89-FDF6-6A42-1490-268C3AAC781A</containerWithKeyObject>
<deleteRule>NO ACTION</deleteRule>
<localFKIndex>A8070776-424B-3E4F-9304-B7A85A6B06BB</localFKIndex>
<keyObject>A542EAA9-8B02-DF67-EB6B-C4D23C2E25FC</keyObject>
<mandatory>true</mandatory>
<transferable>true</transferable>
<columnDependencyConstraintGenerateInDDL>true</columnDependencyConstraintGenerateInDDL>
</FKIndexAssociation>