<?xml version = '1.0' encoding = 'UTF-8'?>
<FKIndexAssociation class="oracle.dbtools.crest.model.design.relational.FKIndexAssociation" directorySegmentName="seg_0" id="881CAE09-DE78-1A15-16CE-128060FD26E7" name="FKT_ARTICULO840016">
<sourceConnName>oraserveri</sourceConnName>
<sourceObjSchema>MVIALES</sourceObjSchema>
<sourceObjName>FKT_ARTICULO840016</sourceObjName>
<createdBy>kescobar</createdBy>
<createdTime>2015-04-21 15:58:40 UTC</createdTime>
<generatorID>Generado por el Usuario</generatorID>
<ownerDesignName>diseno datamodeler 21-4-15</ownerDesignName>
<containerWithKeyObject>96A6C8F8-DB55-7EE2-6EBE-38A50EE7B17E</containerWithKeyObject>
<deleteRule>NO ACTION</deleteRule>
<localFKIndex>8591C981-EF5D-8FDD-8948-EB8F64A6D170</localFKIndex>
<keyObject>33A608FE-1449-9EAB-F1E6-F2E244876E34</keyObject>
<mandatory>true</mandatory>
<transferable>true</transferable>
<columnDependencyConstraintGenerateInDDL>true</columnDependencyConstraintGenerateInDDL>
</FKIndexAssociation>