<?xml version = '1.0' encoding = 'UTF-8'?>
<FKIndexAssociation class="oracle.dbtools.crest.model.design.relational.FKIndexAssociation" directorySegmentName="seg_0" id="8A26165D-FF7B-D6BE-7487-A29FE76557E5" name="FKT_ARTICULO848891">
<sourceConnName>oraserveri</sourceConnName>
<sourceObjSchema>MVIALES</sourceObjSchema>
<sourceObjName>FKT_ARTICULO848891</sourceObjName>
<createdBy>kescobar</createdBy>
<createdTime>2015-04-21 15:58:40 UTC</createdTime>
<generatorID>Generado por el Usuario</generatorID>
<ownerDesignName>diseno datamodeler 21-4-15</ownerDesignName>
<containerWithKeyObject>96A6C8F8-DB55-7EE2-6EBE-38A50EE7B17E</containerWithKeyObject>
<deleteRule>NO ACTION</deleteRule>
<localFKIndex>F45E7483-4B6F-5F9F-65AB-2FE844254488</localFKIndex>
<keyObject>3F7A41DC-8C74-B96A-2BB1-3AE361609FA8</keyObject>
<mandatory>true</mandatory>
<transferable>true</transferable>
<columnDependencyConstraintGenerateInDDL>true</columnDependencyConstraintGenerateInDDL>
</FKIndexAssociation>