<?xml version = '1.0' encoding = 'UTF-8'?>
<FKIndexAssociation class="oracle.dbtools.crest.model.design.relational.FKIndexAssociation" directorySegmentName="seg_0" id="91D89832-C812-0D54-12A3-9EA4EC3B1647" name="FKT_LISTAPRE78013">
<sourceConnName>oraserveri</sourceConnName>
<sourceObjSchema>MVIALES</sourceObjSchema>
<sourceObjName>FKT_LISTAPRE78013</sourceObjName>
<createdBy>kescobar</createdBy>
<createdTime>2015-04-21 15:58:40 UTC</createdTime>
<generatorID>Generado por el Usuario</generatorID>
<ownerDesignName>diseno datamodeler 21-4-15</ownerDesignName>
<containerWithKeyObject>9BDF8549-3147-28DE-3F59-AFFE5DF2F15F</containerWithKeyObject>
<deleteRule>NO ACTION</deleteRule>
<localFKIndex>CD5761B9-3149-FB68-8D7B-DB604620B4A3</localFKIndex>
<keyObject>D893C806-6E02-29EB-A521-3BA8B8D0CEE2</keyObject>
<mandatory>true</mandatory>
<transferable>true</transferable>
<columnDependencyConstraintGenerateInDDL>true</columnDependencyConstraintGenerateInDDL>
</FKIndexAssociation>