<?xml version = '1.0' encoding = 'UTF-8'?>
<FKIndexAssociation class="oracle.dbtools.crest.model.design.relational.FKIndexAssociation" directorySegmentName="seg_0" id="A2F73ECD-7F65-BAE1-DD4F-78F5D84D1FC1" name="FKT_EMPRESA469254">
<sourceConnName>oraserveri</sourceConnName>
<sourceObjSchema>MVIALES</sourceObjSchema>
<sourceObjName>FKT_EMPRESA469254</sourceObjName>
<createdBy>kescobar</createdBy>
<createdTime>2015-04-21 15:58:40 UTC</createdTime>
<generatorID>Generado por el Usuario</generatorID>
<ownerDesignName>diseno datamodeler 21-4-15</ownerDesignName>
<containerWithKeyObject>576A6CAE-5118-8E71-2BB7-3DE5638B4C8E</containerWithKeyObject>
<deleteRule>NO ACTION</deleteRule>
<localFKIndex>582C314E-04A8-2EA2-D645-08D6A9A47B50</localFKIndex>
<keyObject>4FACFDD3-0ADA-151C-383A-4F8928257351</keyObject>
<mandatory>true</mandatory>
<transferable>true</transferable>
<columnDependencyConstraintGenerateInDDL>true</columnDependencyConstraintGenerateInDDL>
</FKIndexAssociation>