<?xml version = '1.0' encoding = 'UTF-8'?>
<FKIndexAssociation class="oracle.dbtools.crest.model.design.relational.FKIndexAssociation" directorySegmentName="seg_0" id="B307F4E3-DF61-E92E-CC72-51C290ADB48C" name="FKT_COTIZACI429323">
<sourceConnName>oraserveri</sourceConnName>
<sourceObjSchema>MVIALES</sourceObjSchema>
<sourceObjName>FKT_COTIZACI429323</sourceObjName>
<createdBy>kescobar</createdBy>
<createdTime>2015-04-21 15:58:40 UTC</createdTime>
<generatorID>Generado por el Usuario</generatorID>
<ownerDesignName>diseno datamodeler 21-4-15</ownerDesignName>
<containerWithKeyObject>EA0EB424-E769-FF83-1A4A-A0D149368843</containerWithKeyObject>
<deleteRule>NO ACTION</deleteRule>
<localFKIndex>2723468F-849F-77F9-779D-47008965DFE7</localFKIndex>
<keyObject>2E2E05C9-9AA7-A367-2F2D-3859FB8AD943</keyObject>
<mandatory>true</mandatory>
<transferable>true</transferable>
<columnDependencyConstraintGenerateInDDL>true</columnDependencyConstraintGenerateInDDL>
</FKIndexAssociation>