<?xml version = '1.0' encoding = 'UTF-8'?>
<FKIndexAssociation class="oracle.dbtools.crest.model.design.relational.FKIndexAssociation" directorySegmentName="seg_0" id="C4553699-5B7A-54C6-5342-EB8F6804A8CE" name="FKT_CONTACTO759656">
<sourceConnName>oraserveri</sourceConnName>
<sourceObjSchema>MVIALES</sourceObjSchema>
<sourceObjName>FKT_CONTACTO759656</sourceObjName>
<createdBy>kescobar</createdBy>
<createdTime>2015-04-21 15:58:40 UTC</createdTime>
<generatorID>Generado por el Usuario</generatorID>
<ownerDesignName>diseno datamodeler 21-4-15</ownerDesignName>
<containerWithKeyObject>54118FD5-C568-F474-BABF-578111250B09</containerWithKeyObject>
<deleteRule>NO ACTION</deleteRule>
<localFKIndex>E2999023-4609-C916-BCB2-4BAEB2F016DC</localFKIndex>
<keyObject>E62055C6-6E92-D98E-6D61-8DEAB997F230</keyObject>
<mandatory>true</mandatory>
<transferable>true</transferable>
<columnDependencyConstraintGenerateInDDL>true</columnDependencyConstraintGenerateInDDL>
</FKIndexAssociation>