<?xml version = '1.0' encoding = 'UTF-8'?>
<FKIndexAssociation class="oracle.dbtools.crest.model.design.relational.FKIndexAssociation" directorySegmentName="seg_0" id="C8296C64-8DDA-342F-C4D1-33E2FB2C74F1" name="FKT_USUARIOS41238">
<sourceConnName>oraserveri</sourceConnName>
<sourceObjSchema>MVIALES</sourceObjSchema>
<sourceObjName>FKT_USUARIOS41238</sourceObjName>
<createdBy>kescobar</createdBy>
<createdTime>2015-04-21 15:58:40 UTC</createdTime>
<generatorID>Generado por el Usuario</generatorID>
<ownerDesignName>diseno datamodeler 21-4-15</ownerDesignName>
<containerWithKeyObject>B75D7B7A-6C80-BC34-87A8-9E0C49EAC998</containerWithKeyObject>
<deleteRule>NO ACTION</deleteRule>
<localFKIndex>9D3C28DC-A3A8-8A96-7FDF-F0461BE37162</localFKIndex>
<keyObject>07F0928D-A8C2-FC81-F38A-9DC2F340EB2D</keyObject>
<mandatory>true</mandatory>
<transferable>true</transferable>
<columnDependencyConstraintGenerateInDDL>true</columnDependencyConstraintGenerateInDDL>
</FKIndexAssociation>