<?xml version = '1.0' encoding = 'UTF-8'?>
<FKIndexAssociation class="oracle.dbtools.crest.model.design.relational.FKIndexAssociation" directorySegmentName="seg_0" id="CA93FB21-F4CF-A3C2-6698-A0FD157B8369" name="FKT_CONTACTO536274">
<sourceConnName>oraserveri</sourceConnName>
<sourceObjSchema>MVIALES</sourceObjSchema>
<sourceObjName>FKT_CONTACTO536274</sourceObjName>
<createdBy>kescobar</createdBy>
<createdTime>2015-04-21 15:58:40 UTC</createdTime>
<generatorID>Generado por el Usuario</generatorID>
<ownerDesignName>diseno datamodeler 21-4-15</ownerDesignName>
<containerWithKeyObject>54118FD5-C568-F474-BABF-578111250B09</containerWithKeyObject>
<deleteRule>NO ACTION</deleteRule>
<localFKIndex>9F40CF50-0FED-DB4D-33BB-04AAA9C92D2B</localFKIndex>
<keyObject>2E2E05C9-9AA7-A367-2F2D-3859FB8AD943</keyObject>
<mandatory>true</mandatory>
<transferable>true</transferable>
<columnDependencyConstraintGenerateInDDL>true</columnDependencyConstraintGenerateInDDL>
</FKIndexAssociation>