<?xml version = '1.0' encoding = 'UTF-8'?>
<FKIndexAssociation class="oracle.dbtools.crest.model.design.relational.FKIndexAssociation" directorySegmentName="seg_0" id="CB51F43F-F42E-990E-5EDF-67DBC2F2DA0E" name="FKT_ARTICULO382695">
<sourceConnName>oraserveri</sourceConnName>
<sourceObjSchema>MVIALES</sourceObjSchema>
<sourceObjName>FKT_ARTICULO382695</sourceObjName>
<createdBy>kescobar</createdBy>
<createdTime>2015-04-21 15:58:40 UTC</createdTime>
<generatorID>Generado por el Usuario</generatorID>
<ownerDesignName>diseno datamodeler 21-4-15</ownerDesignName>
<containerWithKeyObject>F8631919-876A-FF75-C68A-51A4E310DBBA</containerWithKeyObject>
<deleteRule>NO ACTION</deleteRule>
<localFKIndex>0BA3FB98-DBF2-B7D4-945D-3E88FA3B973E</localFKIndex>
<keyObject>3E2D4A4B-8F13-6AD7-46A4-C3EDF1733AB4</keyObject>
<mandatory>true</mandatory>
<transferable>true</transferable>
<columnDependencyConstraintGenerateInDDL>true</columnDependencyConstraintGenerateInDDL>
</FKIndexAssociation>