<?xml version = '1.0' encoding = 'UTF-8'?>
<FKIndexAssociation class="oracle.dbtools.crest.model.design.relational.FKIndexAssociation" directorySegmentName="seg_0" id="D0FC31CE-5EE0-61E7-AD01-7540CA1586FB" name="FKT_ARTICULO578076">
<sourceConnName>oraserveri</sourceConnName>
<sourceObjSchema>MVIALES</sourceObjSchema>
<sourceObjName>FKT_ARTICULO578076</sourceObjName>
<createdBy>kescobar</createdBy>
<createdTime>2015-04-21 15:58:40 UTC</createdTime>
<generatorID>Generado por el Usuario</generatorID>
<ownerDesignName>diseno datamodeler 21-4-15</ownerDesignName>
<containerWithKeyObject>96A6C8F8-DB55-7EE2-6EBE-38A50EE7B17E</containerWithKeyObject>
<deleteRule>NO ACTION</deleteRule>
<localFKIndex>BE5E8F23-7618-654F-D215-00B2A802DF19</localFKIndex>
<keyObject>DAE40D8C-1827-520C-E0F5-51E3B774FD73</keyObject>
<mandatory>true</mandatory>
<transferable>true</transferable>
<columnDependencyConstraintGenerateInDDL>true</columnDependencyConstraintGenerateInDDL>
</FKIndexAssociation>