<?xml version = '1.0' encoding = 'UTF-8'?>
<FKIndexAssociation class="oracle.dbtools.crest.model.design.relational.FKIndexAssociation" directorySegmentName="seg_0" id="D331225E-ED1C-8289-7071-1BE77266316E" name="FKT_BITACORA251134">
<sourceConnName>oraserveri</sourceConnName>
<sourceObjSchema>MVIALES</sourceObjSchema>
<sourceObjName>FKT_BITACORA251134</sourceObjName>
<createdBy>kescobar</createdBy>
<createdTime>2015-04-21 15:58:40 UTC</createdTime>
<generatorID>Generado por el Usuario</generatorID>
<ownerDesignName>diseno datamodeler 21-4-15</ownerDesignName>
<containerWithKeyObject>D09AD7D0-E743-2A9C-03D1-811B6678E64F</containerWithKeyObject>
<deleteRule>NO ACTION</deleteRule>
<localFKIndex>84B30B5A-98E9-130A-49AD-AA41AFE367BA</localFKIndex>
<keyObject>15BECDEE-B2E5-4DBB-6446-DE5CF2BF12E6</keyObject>
<mandatory>true</mandatory>
<transferable>true</transferable>
<columnDependencyConstraintGenerateInDDL>true</columnDependencyConstraintGenerateInDDL>
</FKIndexAssociation>