<?xml version = '1.0' encoding = 'UTF-8'?>
<FKIndexAssociation class="oracle.dbtools.crest.model.design.relational.FKIndexAssociation" directorySegmentName="seg_0" id="E6697A9C-E545-ECB8-DC69-AE0CA40F1C55" name="FKT_COMPONEN774059">
<sourceConnName>oraserveri</sourceConnName>
<sourceObjSchema>MVIALES</sourceObjSchema>
<sourceObjName>FKT_COMPONEN774059</sourceObjName>
<createdBy>kescobar</createdBy>
<createdTime>2015-04-21 15:58:40 UTC</createdTime>
<generatorID>Generado por el Usuario</generatorID>
<ownerDesignName>diseno datamodeler 21-4-15</ownerDesignName>
<containerWithKeyObject>4D857F87-318C-5E89-107E-12D975DAF8E0</containerWithKeyObject>
<deleteRule>NO ACTION</deleteRule>
<localFKIndex>ACBD9991-88B6-7033-DB08-8D13BEFBC374</localFKIndex>
<keyObject>3E2D4A4B-8F13-6AD7-46A4-C3EDF1733AB4</keyObject>
<mandatory>true</mandatory>
<transferable>true</transferable>
<columnDependencyConstraintGenerateInDDL>true</columnDependencyConstraintGenerateInDDL>
</FKIndexAssociation>