<?xml version = '1.0' encoding = 'UTF-8'?>
<FKIndexAssociation class="oracle.dbtools.crest.model.design.relational.FKIndexAssociation" directorySegmentName="seg_0" id="ED45E523-6D14-870F-90B0-BD326866E5EE" name="FKT_ARTICULO904486">
<sourceConnName>oraserveri</sourceConnName>
<sourceObjSchema>MVIALES</sourceObjSchema>
<sourceObjName>FKT_ARTICULO904486</sourceObjName>
<createdBy>kescobar</createdBy>
<createdTime>2015-04-21 15:58:40 UTC</createdTime>
<generatorID>Generado por el Usuario</generatorID>
<ownerDesignName>diseno datamodeler 21-4-15</ownerDesignName>
<containerWithKeyObject>96A6C8F8-DB55-7EE2-6EBE-38A50EE7B17E</containerWithKeyObject>
<deleteRule>NO ACTION</deleteRule>
<localFKIndex>FAE41D13-B0B5-056F-B563-CFBCB37B0ABB</localFKIndex>
<keyObject>34773246-2497-2187-3EEE-165AEAA86686</keyObject>
<mandatory>true</mandatory>
<transferable>true</transferable>
<columnDependencyConstraintGenerateInDDL>true</columnDependencyConstraintGenerateInDDL>
</FKIndexAssociation>