<?xml version = '1.0' encoding = 'UTF-8'?>
<FKIndexAssociation class="oracle.dbtools.crest.model.design.relational.FKIndexAssociation" directorySegmentName="seg_0" id="F20AD2CE-CDB9-8CA1-A4AB-23CA5006EC0E" name="FKT_PROYECCI566293">
<sourceConnName>oraserveri</sourceConnName>
<sourceObjSchema>MVIALES</sourceObjSchema>
<sourceObjName>FKT_PROYECCI566293</sourceObjName>
<createdBy>kescobar</createdBy>
<createdTime>2015-04-21 15:58:40 UTC</createdTime>
<generatorID>Generado por el Usuario</generatorID>
<ownerDesignName>diseno datamodeler 21-4-15</ownerDesignName>
<containerWithKeyObject>1B8BE722-900A-BA6E-01AD-C834807F61CD</containerWithKeyObject>
<deleteRule>NO ACTION</deleteRule>
<localFKIndex>0D09A792-C62B-47FC-0869-76BA04DFDAB0</localFKIndex>
<keyObject>8A1D37F0-6043-45F9-A902-885BC989CFF1</keyObject>
<mandatory>true</mandatory>
<transferable>true</transferable>
<columnDependencyConstraintGenerateInDDL>true</columnDependencyConstraintGenerateInDDL>
</FKIndexAssociation>