<?xml version = '1.0' encoding = 'UTF-8'?>
<FKIndexAssociation class="oracle.dbtools.crest.model.design.relational.FKIndexAssociation" directorySegmentName="seg_0" id="FA1D9035-4CF1-102B-44E6-E7E7F7B14842" name="FKT_COTIZACI920077">
<sourceConnName>oraserveri</sourceConnName>
<sourceObjSchema>MVIALES</sourceObjSchema>
<sourceObjName>FKT_COTIZACI920077</sourceObjName>
<createdBy>kescobar</createdBy>
<createdTime>2015-04-21 15:58:40 UTC</createdTime>
<generatorID>Generado por el Usuario</generatorID>
<ownerDesignName>diseno datamodeler 21-4-15</ownerDesignName>
<containerWithKeyObject>EA0EB424-E769-FF83-1A4A-A0D149368843</containerWithKeyObject>
<deleteRule>NO ACTION</deleteRule>
<localFKIndex>7BA7E22B-1199-E0A3-F1D1-0DABD6B31DED</localFKIndex>
<keyObject>D893C806-6E02-29EB-A521-3BA8B8D0CEE2</keyObject>
<mandatory>true</mandatory>
<transferable>true</transferable>
<columnDependencyConstraintGenerateInDDL>true</columnDependencyConstraintGenerateInDDL>
</FKIndexAssociation>