<?xml version = '1.0' encoding = 'UTF-8'?>
<FKIndexAssociation class="oracle.dbtools.crest.model.design.relational.FKIndexAssociation" directorySegmentName="seg_0" id="FCF27B4F-3123-FAA6-2168-44C0407BDB5F" name="FKT_TIPOCAMB620100">
<sourceConnName>oraserveri</sourceConnName>
<sourceObjSchema>MVIALES</sourceObjSchema>
<sourceObjName>FKT_TIPOCAMB620100</sourceObjName>
<createdBy>kescobar</createdBy>
<createdTime>2015-04-21 15:58:40 UTC</createdTime>
<generatorID>Generado por el Usuario</generatorID>
<ownerDesignName>diseno datamodeler 21-4-15</ownerDesignName>
<containerWithKeyObject>EB84A1E6-BA72-5193-1A9D-52EC9DCBAA45</containerWithKeyObject>
<deleteRule>NO ACTION</deleteRule>
<localFKIndex>55CCF144-CBFC-5925-6882-7280EBA1615F</localFKIndex>
<keyObject>CEC37709-21CD-0A4A-A445-0AE927B61B7E</keyObject>
<mandatory>true</mandatory>
<transferable>true</transferable>
<columnDependencyConstraintGenerateInDDL>true</columnDependencyConstraintGenerateInDDL>
</FKIndexAssociation>