<?xml version = '1.0' encoding = 'UTF-8'?>
<FKIndexAssociation class="oracle.dbtools.crest.model.design.relational.FKIndexAssociation" directorySegmentName="seg_0" id="FFEAA936-4BB2-4577-BC84-8E8A6F5D5850" name="FKT_TIPOUSUA556339">
<sourceConnName>oraserveri</sourceConnName>
<sourceObjSchema>MVIALES</sourceObjSchema>
<sourceObjName>FKT_TIPOUSUA556339</sourceObjName>
<createdBy>kescobar</createdBy>
<createdTime>2015-04-21 15:58:40 UTC</createdTime>
<generatorID>Generado por el Usuario</generatorID>
<ownerDesignName>diseno datamodeler 21-4-15</ownerDesignName>
<containerWithKeyObject>8EB8DFEE-E31F-4EFC-8877-FEEA8CB5DE80</containerWithKeyObject>
<deleteRule>NO ACTION</deleteRule>
<localFKIndex>59692A07-D391-DED3-FE65-49525DB23CE2</localFKIndex>
<keyObject>048F7F41-2EC4-C850-9562-D1A2FEB736DC</keyObject>
<mandatory>true</mandatory>
<transferable>true</transferable>
<columnDependencyConstraintGenerateInDDL>true</columnDependencyConstraintGenerateInDDL>
</FKIndexAssociation>