<?xml version = '1.0' encoding = 'UTF-8'?>
<oracle-webservice-clients xmlns:ns2="http://java.sun.com/xml/ns/javaee">
   <webservice-client>
      <service-qname localpart="WSPLSQL3" namespaceURI="http://oramaster/WSPLSQL3.wsdl"/>
      <port-info>
         <wsdl-port localpart="WSPLSQL3Port" namespaceURI="http://oramaster/WSPLSQL3.wsdl"/>
         <runtime/>
         <operations>
            <operation name="spBorrararticulo"/>
            <operation name="spBorrarcomponente"/>
            <operation name="spInsertararticulo"/>
            <operation name="spInsertarcomponente"/>
            <operation name="spModificararticulo"/>
            <operation name="spModificarcomponente"/>
         </operations>
      </port-info>
   </webservice-client>
</oracle-webservice-clients>
