<?xml version = '1.0' encoding = 'UTF-8'?>
<Table class="oracle.dbtools.crest.model.design.relational.Table" directorySegmentName="seg_0" id="8E3C4EA5-F85B-9951-B16F-4A0A381B2ABF" name="T_MESANIO">
<sourceConnName>oraserveri-proyectopdb-mviales</sourceConnName>
<sourceObjSchema>MVIALES</sourceObjSchema>
<sourceObjName>T_MESANIO</sourceObjName>
<createdBy>riho</createdBy>
<createdTime>2015-04-17 22:47:15 UTC</createdTime>
<ownerDesignName>IC4302-DB2-Progra1-TEC</ownerDesignName>
<schemaObject>887EEE25-4325-0FDB-46F4-CA761433F2BF</schemaObject>
<allowColumnReorder>false</allowColumnReorder>
<existDependencyGenerateInDDl>true</existDependencyGenerateInDDl>
<columns itemClass="oracle.dbtools.crest.model.design.relational.Column">
<Column name="MES" id="E91C313D-2A02-69E0-C664-C6EC101438BD">
<sourceConnName>oraserveri-proyectopdb-mviales</sourceConnName>
<sourceObjSchema>T_MESANIO</sourceObjSchema>
<sourceObjName>MES</sourceObjName>
<createdBy>riho</createdBy>
<createdTime>2015-04-17 22:47:16 UTC</createdTime>
<ownerDesignName>IC4302-DB2-Progra1-TEC</ownerDesignName>
<useDomainConstraints>false</useDomainConstraints>
<use>1</use>
<logicalDatatype>LOGDT019</logicalDatatype>
<dataTypePrecision>2</dataTypePrecision>
<autoIncrementCycle>false</autoIncrementCycle>
</Column>
<Column name="ANIO" id="169D7D50-AA8B-0C37-6899-439EE2E35B1A">
<sourceConnName>oraserveri-proyectopdb-mviales</sourceConnName>
<sourceObjSchema>T_MESANIO</sourceObjSchema>
<sourceObjName>ANIO</sourceObjName>
<createdBy>riho</createdBy>
<createdTime>2015-04-17 22:47:16 UTC</createdTime>
<ownerDesignName>IC4302-DB2-Progra1-TEC</ownerDesignName>
<useDomainConstraints>false</useDomainConstraints>
<use>1</use>
<logicalDatatype>LOGDT019</logicalDatatype>
<dataTypePrecision>4</dataTypePrecision>
<autoIncrementCycle>false</autoIncrementCycle>
</Column>
</columns>
<indexes itemClass="oracle.dbtools.crest.model.design.relational.Index">
<ind_PK_UK id="01884D72-DB07-5A8D-5B5D-E8A84B422697" name="T_MESANIO_PK">
<sourceConnName>oraserveri-proyectopdb-mviales</sourceConnName>
<sourceObjSchema>MVIALES</sourceObjSchema>
<sourceObjName>T_MESANIO_PK</sourceObjName>
<createdBy>riho</createdBy>
<createdTime>2015-04-17 22:47:17 UTC</createdTime>
<ownerDesignName>IC4302-DB2-Progra1-TEC</ownerDesignName>
<pk>true</pk>
<indexState>Primary Constraint</indexState>
<isSurrogateKey>false</isSurrogateKey>
<indexColumnUsage>
<colUsage columnID="E91C313D-2A02-69E0-C664-C6EC101438BD"/>
<colUsage columnID="169D7D50-AA8B-0C37-6899-439EE2E35B1A"/>
</indexColumnUsage>
</ind_PK_UK>
<ind_PK_UK id="87B62AA4-2CA8-DB07-960A-0D0EE65DE044" name="T_MESANIO_PK">
<sourceConnName>oraserveri-proyectopdb-mviales</sourceConnName>
<sourceObjSchema>MVIALES</sourceObjSchema>
<sourceObjName>T_MESANIO_PK</sourceObjName>
<createdBy>riho</createdBy>
<createdTime>2015-04-17 22:47:16 UTC</createdTime>
<ownerDesignName>IC4302-DB2-Progra1-TEC</ownerDesignName>
<indexState>Unique Plain Index</indexState>
<schemaObject>887EEE25-4325-0FDB-46F4-CA761433F2BF</schemaObject>
<isSurrogateKey>false</isSurrogateKey>
<indexColumnUsage>
<colUsage columnID="E91C313D-2A02-69E0-C664-C6EC101438BD"/>
<colUsage columnID="169D7D50-AA8B-0C37-6899-439EE2E35B1A"/>
</indexColumnUsage>
</ind_PK_UK>
</indexes>
</Table>