<?xml version = '1.0' encoding = 'UTF-8'?>
<Table class="oracle.dbtools.crest.model.design.relational.Table" directorySegmentName="seg_0" id="C9F54769-FB53-67C4-2E1B-3B15AECE7B37" name="T_ARTICULOSCOTIZADOS">
<sourceConnName>oraserveri-proyectopdb-mviales</sourceConnName>
<sourceObjSchema>MVIALES</sourceObjSchema>
<sourceObjName>T_ARTICULOSCOTIZADOS</sourceObjName>
<createdBy>riho</createdBy>
<createdTime>2015-04-17 22:47:15 UTC</createdTime>
<ownerDesignName>IC4302-DB2-Progra1-TEC</ownerDesignName>
<schemaObject>887EEE25-4325-0FDB-46F4-CA761433F2BF</schemaObject>
<allowColumnReorder>false</allowColumnReorder>
<existDependencyGenerateInDDl>true</existDependencyGenerateInDDl>
<columns itemClass="oracle.dbtools.crest.model.design.relational.Column">
<Column name="NUMCOTIZACION" id="4CEE8BBC-66B3-1EE0-AD5E-353819CA4F5E">
<sourceConnName>oraserveri-proyectopdb-mviales</sourceConnName>
<sourceObjSchema>T_ARTICULOSCOTIZADOS</sourceObjSchema>
<sourceObjName>NUMCOTIZACION</sourceObjName>
<createdBy>riho</createdBy>
<createdTime>2015-04-17 22:47:16 UTC</createdTime>
<ownerDesignName>IC4302-DB2-Progra1-TEC</ownerDesignName>
<useDomainConstraints>false</useDomainConstraints>
<use>1</use>
<logicalDatatype>LOGDT019</logicalDatatype>
<dataTypePrecision>10</dataTypePrecision>
<delegate>323805B4-DD74-20C3-44F9-0596CDEDA2AB</delegate>
<autoIncrementCycle>false</autoIncrementCycle>
<associations>
<colAssociation fkAssociation="D1E720D5-5780-D314-08CA-79F6C32AD30E" referredColumn="323805B4-DD74-20C3-44F9-0596CDEDA2AB"/>
</associations>
</Column>
<Column name="CODARTICULO" id="65FC8589-33E4-ED07-E7B0-FA25F488CA90">
<sourceConnName>oraserveri-proyectopdb-mviales</sourceConnName>
<sourceObjSchema>T_ARTICULOSCOTIZADOS</sourceObjSchema>
<sourceObjName>CODARTICULO</sourceObjName>
<createdBy>riho</createdBy>
<createdTime>2015-04-17 22:47:16 UTC</createdTime>
<ownerDesignName>IC4302-DB2-Progra1-TEC</ownerDesignName>
<useDomainConstraints>false</useDomainConstraints>
<use>1</use>
<logicalDatatype>LOGDT024</logicalDatatype>
<dataTypeSize>20 BYTE</dataTypeSize>
<delegate>B492BC08-E102-807A-18E3-C6474A8EB5DB</delegate>
<autoIncrementCycle>false</autoIncrementCycle>
<associations>
<colAssociation fkAssociation="F08A41CB-7590-36A6-8C1A-F096B339DADA" referredColumn="B492BC08-E102-807A-18E3-C6474A8EB5DB"/>
</associations>
</Column>
<Column name="UNDMEDIDA" id="7BC80983-B3C8-42A6-29FB-C7A612F7CA8A">
<sourceConnName>oraserveri-proyectopdb-mviales</sourceConnName>
<sourceObjSchema>T_ARTICULOSCOTIZADOS</sourceObjSchema>
<sourceObjName>UNDMEDIDA</sourceObjName>
<createdBy>riho</createdBy>
<createdTime>2015-04-17 22:47:16 UTC</createdTime>
<ownerDesignName>IC4302-DB2-Progra1-TEC</ownerDesignName>
<useDomainConstraints>false</useDomainConstraints>
<use>1</use>
<logicalDatatype>LOGDT019</logicalDatatype>
<dataTypePrecision>3</dataTypePrecision>
<delegate>0C839E04-5888-62F4-546F-F674022C8D57</delegate>
<autoIncrementCycle>false</autoIncrementCycle>
<associations>
<colAssociation fkAssociation="9EBFF32D-6D38-5E06-43ED-9A20007FCD98" referredColumn="0C839E04-5888-62F4-546F-F674022C8D57"/>
</associations>
</Column>
<Column name="CANTIDAD" id="910041C1-C980-C3B6-DEB5-5D42FC67E03D">
<sourceConnName>oraserveri-proyectopdb-mviales</sourceConnName>
<sourceObjSchema>T_ARTICULOSCOTIZADOS</sourceObjSchema>
<sourceObjName>CANTIDAD</sourceObjName>
<createdBy>riho</createdBy>
<createdTime>2015-04-17 22:47:16 UTC</createdTime>
<ownerDesignName>IC4302-DB2-Progra1-TEC</ownerDesignName>
<useDomainConstraints>false</useDomainConstraints>
<use>1</use>
<logicalDatatype>LOGDT019</logicalDatatype>
<dataTypePrecision>10</dataTypePrecision>
<autoIncrementCycle>false</autoIncrementCycle>
</Column>
<Column name="PORCENDESCUENTO" id="D01CAA38-F243-611C-7251-091533035613">
<sourceConnName>oraserveri-proyectopdb-mviales</sourceConnName>
<sourceObjSchema>T_ARTICULOSCOTIZADOS</sourceObjSchema>
<sourceObjName>PORCENDESCUENTO</sourceObjName>
<createdBy>riho</createdBy>
<createdTime>2015-04-17 22:47:16 UTC</createdTime>
<ownerDesignName>IC4302-DB2-Progra1-TEC</ownerDesignName>
<useDomainConstraints>false</useDomainConstraints>
<use>1</use>
<logicalDatatype>LOGDT019</logicalDatatype>
<dataTypePrecision>2</dataTypePrecision>
<autoIncrementCycle>false</autoIncrementCycle>
</Column>
<Column name="COSTOUNITARIO" id="A5C5978D-E6B1-443E-8263-93AB2142F757">
<sourceConnName>oraserveri-proyectopdb-mviales</sourceConnName>
<sourceObjSchema>T_ARTICULOSCOTIZADOS</sourceObjSchema>
<sourceObjName>COSTOUNITARIO</sourceObjName>
<createdBy>riho</createdBy>
<createdTime>2015-04-17 22:47:16 UTC</createdTime>
<ownerDesignName>IC4302-DB2-Progra1-TEC</ownerDesignName>
<useDomainConstraints>false</useDomainConstraints>
<use>1</use>
<logicalDatatype>LOGDT019</logicalDatatype>
<dataTypePrecision>17</dataTypePrecision>
<dataTypeScale>2</dataTypeScale>
<autoIncrementCycle>false</autoIncrementCycle>
</Column>
<Column name="COSTOGRABADO" id="4BDB1A86-450A-5B4D-67B0-5B38B49CC4BB">
<sourceConnName>oraserveri-proyectopdb-mviales</sourceConnName>
<sourceObjSchema>T_ARTICULOSCOTIZADOS</sourceObjSchema>
<sourceObjName>COSTOGRABADO</sourceObjName>
<createdBy>riho</createdBy>
<createdTime>2015-04-17 22:47:16 UTC</createdTime>
<ownerDesignName>IC4302-DB2-Progra1-TEC</ownerDesignName>
<useDomainConstraints>false</useDomainConstraints>
<use>1</use>
<logicalDatatype>LOGDT019</logicalDatatype>
<dataTypePrecision>17</dataTypePrecision>
<dataTypeScale>2</dataTypeScale>
<autoIncrementCycle>false</autoIncrementCycle>
</Column>
<Column name="MONTOLINEA" id="D7B66E6B-8947-7587-A3D2-44B59690975C">
<sourceConnName>oraserveri-proyectopdb-mviales</sourceConnName>
<sourceObjSchema>T_ARTICULOSCOTIZADOS</sourceObjSchema>
<sourceObjName>MONTOLINEA</sourceObjName>
<createdBy>riho</createdBy>
<createdTime>2015-04-17 22:47:16 UTC</createdTime>
<ownerDesignName>IC4302-DB2-Progra1-TEC</ownerDesignName>
<useDomainConstraints>false</useDomainConstraints>
<use>1</use>
<logicalDatatype>LOGDT019</logicalDatatype>
<dataTypePrecision>17</dataTypePrecision>
<dataTypeScale>2</dataTypeScale>
<autoIncrementCycle>false</autoIncrementCycle>
</Column>
</columns>
<indexes itemClass="oracle.dbtools.crest.model.design.relational.Index">
<ind_PK_UK id="3217FEAC-DEED-CDD9-C0A6-B96F08C8B14A" name="T_ARTICULOSCOTIZADOS_PK">
<sourceConnName>oraserveri-proyectopdb-mviales</sourceConnName>
<sourceObjSchema>MVIALES</sourceObjSchema>
<sourceObjName>T_ARTICULOSCOTIZADOS_PK</sourceObjName>
<createdBy>riho</createdBy>
<createdTime>2015-04-17 22:47:17 UTC</createdTime>
<ownerDesignName>IC4302-DB2-Progra1-TEC</ownerDesignName>
<pk>true</pk>
<indexState>Primary Constraint</indexState>
<isSurrogateKey>false</isSurrogateKey>
<indexColumnUsage>
<colUsage columnID="4CEE8BBC-66B3-1EE0-AD5E-353819CA4F5E"/>
</indexColumnUsage>
</ind_PK_UK>
<ind_PK_UK id="5021D1A9-F654-FF85-AB98-81AC27BB00FE" name="T_ARTICULOSCOTIZADOS_PK">
<sourceConnName>oraserveri-proyectopdb-mviales</sourceConnName>
<sourceObjSchema>MVIALES</sourceObjSchema>
<sourceObjName>T_ARTICULOSCOTIZADOS_PK</sourceObjName>
<createdBy>riho</createdBy>
<createdTime>2015-04-17 22:47:16 UTC</createdTime>
<ownerDesignName>IC4302-DB2-Progra1-TEC</ownerDesignName>
<indexState>Unique Plain Index</indexState>
<schemaObject>887EEE25-4325-0FDB-46F4-CA761433F2BF</schemaObject>
<isSurrogateKey>false</isSurrogateKey>
<indexColumnUsage>
<colUsage columnID="4CEE8BBC-66B3-1EE0-AD5E-353819CA4F5E"/>
</indexColumnUsage>
</ind_PK_UK>
<ind_PK_UK id="6657221A-D8F2-12E6-125E-04B124509292" name="FKT_ARTICULO382695">
<createdBy>riho</createdBy>
<createdTime>2015-04-17 22:47:18 UTC</createdTime>
<ownerDesignName>IC4302-DB2-Progra1-TEC</ownerDesignName>
<indexState>Foreign Key</indexState>
<isSurrogateKey>false</isSurrogateKey>
<indexColumnUsage>
<colUsage columnID="65FC8589-33E4-ED07-E7B0-FA25F488CA90"/>
</indexColumnUsage>
</ind_PK_UK>
<ind_PK_UK id="AD53DAAE-D2AD-64DE-2F64-BBB9071092A2" name="FKT_ARTICULO50573">
<createdBy>riho</createdBy>
<createdTime>2015-04-17 22:47:18 UTC</createdTime>
<ownerDesignName>IC4302-DB2-Progra1-TEC</ownerDesignName>
<indexState>Foreign Key</indexState>
<isSurrogateKey>false</isSurrogateKey>
<indexColumnUsage>
<colUsage columnID="4CEE8BBC-66B3-1EE0-AD5E-353819CA4F5E"/>
</indexColumnUsage>
</ind_PK_UK>
<ind_PK_UK id="801A075E-65B1-3051-5B07-09BD867EDB54" name="FKT_ARTICULO522199">
<createdBy>riho</createdBy>
<createdTime>2015-04-17 22:47:18 UTC</createdTime>
<ownerDesignName>IC4302-DB2-Progra1-TEC</ownerDesignName>
<indexState>Foreign Key</indexState>
<isSurrogateKey>false</isSurrogateKey>
<indexColumnUsage>
<colUsage columnID="7BC80983-B3C8-42A6-29FB-C7A612F7CA8A"/>
</indexColumnUsage>
</ind_PK_UK>
</indexes>
</Table>