<?xml version = '1.0' encoding = 'UTF-8'?>
<Table class="oracle.dbtools.crest.model.design.relational.Table" directorySegmentName="seg_0" id="DC8B9ED6-5249-E76A-0851-196CBA716E2C" name="T_LINEASFACTURACOMPRAS">
<sourceConnName>oraserveri-proyectopdb-mviales</sourceConnName>
<sourceObjSchema>MVIALES</sourceObjSchema>
<sourceObjName>T_LINEASFACTURACOMPRAS</sourceObjName>
<createdBy>riho</createdBy>
<createdTime>2015-04-17 22:47:15 UTC</createdTime>
<ownerDesignName>IC4302-DB2-Progra1-TEC</ownerDesignName>
<schemaObject>887EEE25-4325-0FDB-46F4-CA761433F2BF</schemaObject>
<allowColumnReorder>false</allowColumnReorder>
<existDependencyGenerateInDDl>true</existDependencyGenerateInDDl>
<columns itemClass="oracle.dbtools.crest.model.design.relational.Column">
<Column name="CODFACTURA" id="11B19689-BBCB-B789-6F54-A17416CEFD27">
<sourceConnName>oraserveri-proyectopdb-mviales</sourceConnName>
<sourceObjSchema>T_LINEASFACTURACOMPRAS</sourceObjSchema>
<sourceObjName>CODFACTURA</sourceObjName>
<createdBy>riho</createdBy>
<createdTime>2015-04-17 22:47:16 UTC</createdTime>
<ownerDesignName>IC4302-DB2-Progra1-TEC</ownerDesignName>
<useDomainConstraints>false</useDomainConstraints>
<use>1</use>
<logicalDatatype>LOGDT019</logicalDatatype>
<dataTypePrecision>10</dataTypePrecision>
<delegate>97204105-BBA5-459C-152A-1BCB4546FB52</delegate>
<autoIncrementCycle>false</autoIncrementCycle>
<associations>
<colAssociation fkAssociation="8F699B38-8D64-4A98-D71E-9C7DD78DBA2C" referredColumn="97204105-BBA5-459C-152A-1BCB4546FB52"/>
</associations>
</Column>
<Column name="CODARTICULO" id="2E374B1C-DAFA-7639-734D-F705FF8DE8E4">
<sourceConnName>oraserveri-proyectopdb-mviales</sourceConnName>
<sourceObjSchema>T_LINEASFACTURACOMPRAS</sourceObjSchema>
<sourceObjName>CODARTICULO</sourceObjName>
<createdBy>riho</createdBy>
<createdTime>2015-04-17 22:47:16 UTC</createdTime>
<ownerDesignName>IC4302-DB2-Progra1-TEC</ownerDesignName>
<useDomainConstraints>false</useDomainConstraints>
<use>1</use>
<logicalDatatype>LOGDT024</logicalDatatype>
<dataTypeSize>20 BYTE</dataTypeSize>
<delegate>B492BC08-E102-807A-18E3-C6474A8EB5DB</delegate>
<autoIncrementCycle>false</autoIncrementCycle>
<associations>
<colAssociation fkAssociation="0FD06061-BB41-3068-2189-2E93BD475E27" referredColumn="B492BC08-E102-807A-18E3-C6474A8EB5DB"/>
</associations>
</Column>
<Column name="PRECIODOLARES" id="A21719A8-05DF-CAF6-5656-69EB8C6042E6">
<sourceConnName>oraserveri-proyectopdb-mviales</sourceConnName>
<sourceObjSchema>T_LINEASFACTURACOMPRAS</sourceObjSchema>
<sourceObjName>PRECIODOLARES</sourceObjName>
<createdBy>riho</createdBy>
<createdTime>2015-04-17 22:47:16 UTC</createdTime>
<ownerDesignName>IC4302-DB2-Progra1-TEC</ownerDesignName>
<useDomainConstraints>false</useDomainConstraints>
<use>1</use>
<logicalDatatype>LOGDT019</logicalDatatype>
<dataTypePrecision>17</dataTypePrecision>
<dataTypeScale>2</dataTypeScale>
<autoIncrementCycle>false</autoIncrementCycle>
</Column>
<Column name="CANTIDAD" id="9222AB0F-858A-92A0-4159-EC668CF116F6">
<sourceConnName>oraserveri-proyectopdb-mviales</sourceConnName>
<sourceObjSchema>T_LINEASFACTURACOMPRAS</sourceObjSchema>
<sourceObjName>CANTIDAD</sourceObjName>
<createdBy>riho</createdBy>
<createdTime>2015-04-17 22:47:16 UTC</createdTime>
<ownerDesignName>IC4302-DB2-Progra1-TEC</ownerDesignName>
<useDomainConstraints>false</useDomainConstraints>
<use>1</use>
<logicalDatatype>LOGDT019</logicalDatatype>
<dataTypePrecision>10</dataTypePrecision>
<autoIncrementCycle>false</autoIncrementCycle>
</Column>
</columns>
<indexes itemClass="oracle.dbtools.crest.model.design.relational.Index">
<ind_PK_UK id="EAA9DCB6-06CD-3A29-EED4-971DBDA6E6E6" name="T_LINEASFACTURACOMPRAS_PK">
<sourceConnName>oraserveri-proyectopdb-mviales</sourceConnName>
<sourceObjSchema>MVIALES</sourceObjSchema>
<sourceObjName>T_LINEASFACTURACOMPRAS_PK</sourceObjName>
<createdBy>riho</createdBy>
<createdTime>2015-04-17 22:47:17 UTC</createdTime>
<ownerDesignName>IC4302-DB2-Progra1-TEC</ownerDesignName>
<pk>true</pk>
<indexState>Primary Constraint</indexState>
<isSurrogateKey>false</isSurrogateKey>
<indexColumnUsage>
<colUsage columnID="11B19689-BBCB-B789-6F54-A17416CEFD27"/>
<colUsage columnID="2E374B1C-DAFA-7639-734D-F705FF8DE8E4"/>
</indexColumnUsage>
</ind_PK_UK>
<ind_PK_UK id="0DD54638-1CAA-2376-02D5-F7AB3E911348" name="T_LINEASFACTURACOMPRAS_PK">
<sourceConnName>oraserveri-proyectopdb-mviales</sourceConnName>
<sourceObjSchema>MVIALES</sourceObjSchema>
<sourceObjName>T_LINEASFACTURACOMPRAS_PK</sourceObjName>
<createdBy>riho</createdBy>
<createdTime>2015-04-17 22:47:16 UTC</createdTime>
<ownerDesignName>IC4302-DB2-Progra1-TEC</ownerDesignName>
<indexState>Unique Plain Index</indexState>
<schemaObject>887EEE25-4325-0FDB-46F4-CA761433F2BF</schemaObject>
<isSurrogateKey>false</isSurrogateKey>
<indexColumnUsage>
<colUsage columnID="11B19689-BBCB-B789-6F54-A17416CEFD27"/>
<colUsage columnID="2E374B1C-DAFA-7639-734D-F705FF8DE8E4"/>
</indexColumnUsage>
</ind_PK_UK>
<ind_PK_UK id="E8349ADC-3C59-C7F6-BFB1-1BB1EF51C2DB" name="FKT_LINEASFA481568">
<createdBy>riho</createdBy>
<createdTime>2015-04-17 22:47:18 UTC</createdTime>
<ownerDesignName>IC4302-DB2-Progra1-TEC</ownerDesignName>
<indexState>Foreign Key</indexState>
<isSurrogateKey>false</isSurrogateKey>
<indexColumnUsage>
<colUsage columnID="2E374B1C-DAFA-7639-734D-F705FF8DE8E4"/>
</indexColumnUsage>
</ind_PK_UK>
<ind_PK_UK id="1FBE29B5-4FFD-07C9-276A-F55140156909" name="FKT_LINEASFA50873">
<createdBy>riho</createdBy>
<createdTime>2015-04-17 22:47:18 UTC</createdTime>
<ownerDesignName>IC4302-DB2-Progra1-TEC</ownerDesignName>
<indexState>Foreign Key</indexState>
<isSurrogateKey>false</isSurrogateKey>
<indexColumnUsage>
<colUsage columnID="11B19689-BBCB-B789-6F54-A17416CEFD27"/>
</indexColumnUsage>
</ind_PK_UK>
</indexes>
</Table>