<?xml version = '1.0' encoding = 'UTF-8'?>
<Table class="oracle.dbtools.crest.model.design.relational.Table" directorySegmentName="seg_0" id="F8D8D75C-240F-A6D5-EEF5-8A48029E1BD9" name="T_PROVINCIAS">
<sourceConnName>oraserveri-proyectopdb-mviales</sourceConnName>
<sourceObjSchema>MVIALES</sourceObjSchema>
<sourceObjName>T_PROVINCIAS</sourceObjName>
<createdBy>riho</createdBy>
<createdTime>2015-04-17 22:47:15 UTC</createdTime>
<ownerDesignName>IC4302-DB2-Progra1-TEC</ownerDesignName>
<schemaObject>887EEE25-4325-0FDB-46F4-CA761433F2BF</schemaObject>
<allowColumnReorder>false</allowColumnReorder>
<existDependencyGenerateInDDl>true</existDependencyGenerateInDDl>
<columns itemClass="oracle.dbtools.crest.model.design.relational.Column">
<Column name="CODPROVINCIA" id="3D14D4BA-5B51-E38F-CDB0-F09244E13B27">
<sourceConnName>oraserveri-proyectopdb-mviales</sourceConnName>
<sourceObjSchema>T_PROVINCIAS</sourceObjSchema>
<sourceObjName>CODPROVINCIA</sourceObjName>
<createdBy>riho</createdBy>
<createdTime>2015-04-17 22:47:16 UTC</createdTime>
<ownerDesignName>IC4302-DB2-Progra1-TEC</ownerDesignName>
<useDomainConstraints>false</useDomainConstraints>
<use>1</use>
<logicalDatatype>LOGDT019</logicalDatatype>
<dataTypePrecision>3</dataTypePrecision>
<autoIncrementCycle>false</autoIncrementCycle>
</Column>
<Column name="CODPAIS" id="5FE79D79-AA2A-D43C-E274-9E6164B4A973">
<sourceConnName>oraserveri-proyectopdb-mviales</sourceConnName>
<sourceObjSchema>T_PROVINCIAS</sourceObjSchema>
<sourceObjName>CODPAIS</sourceObjName>
<createdBy>riho</createdBy>
<createdTime>2015-04-17 22:47:16 UTC</createdTime>
<ownerDesignName>IC4302-DB2-Progra1-TEC</ownerDesignName>
<useDomainConstraints>false</useDomainConstraints>
<use>1</use>
<logicalDatatype>LOGDT019</logicalDatatype>
<dataTypePrecision>3</dataTypePrecision>
<delegate>A7049B00-57D5-237C-1A4F-BA6BFAD70EAD</delegate>
<autoIncrementCycle>false</autoIncrementCycle>
<associations>
<colAssociation fkAssociation="662E4869-8724-5FB0-2B98-C13F21E0FD3A" referredColumn="A7049B00-57D5-237C-1A4F-BA6BFAD70EAD"/>
</associations>
</Column>
<Column name="NOMBRE" id="A25194DC-2EC1-18FF-C40C-C95F41523640">
<sourceConnName>oraserveri-proyectopdb-mviales</sourceConnName>
<sourceObjSchema>T_PROVINCIAS</sourceObjSchema>
<sourceObjName>NOMBRE</sourceObjName>
<createdBy>riho</createdBy>
<createdTime>2015-04-17 22:47:16 UTC</createdTime>
<ownerDesignName>IC4302-DB2-Progra1-TEC</ownerDesignName>
<useDomainConstraints>false</useDomainConstraints>
<use>1</use>
<logicalDatatype>LOGDT024</logicalDatatype>
<dataTypeSize>20 BYTE</dataTypeSize>
<autoIncrementCycle>false</autoIncrementCycle>
</Column>
</columns>
<indexes itemClass="oracle.dbtools.crest.model.design.relational.Index">
<ind_PK_UK id="6D5F186F-722F-64B7-E688-F727D0357A21" name="T_PROVINCIAS_PK">
<sourceConnName>oraserveri-proyectopdb-mviales</sourceConnName>
<sourceObjSchema>MVIALES</sourceObjSchema>
<sourceObjName>T_PROVINCIAS_PK</sourceObjName>
<createdBy>riho</createdBy>
<createdTime>2015-04-17 22:47:17 UTC</createdTime>
<ownerDesignName>IC4302-DB2-Progra1-TEC</ownerDesignName>
<pk>true</pk>
<indexState>Primary Constraint</indexState>
<isSurrogateKey>false</isSurrogateKey>
<indexColumnUsage>
<colUsage columnID="3D14D4BA-5B51-E38F-CDB0-F09244E13B27"/>
</indexColumnUsage>
</ind_PK_UK>
<ind_PK_UK id="7C1AF8E1-2A68-8EE4-52A8-31A474E14A8A" name="T_PROVINCIAS_PK">
<sourceConnName>oraserveri-proyectopdb-mviales</sourceConnName>
<sourceObjSchema>MVIALES</sourceObjSchema>
<sourceObjName>T_PROVINCIAS_PK</sourceObjName>
<createdBy>riho</createdBy>
<createdTime>2015-04-17 22:47:16 UTC</createdTime>
<ownerDesignName>IC4302-DB2-Progra1-TEC</ownerDesignName>
<indexState>Unique Plain Index</indexState>
<schemaObject>887EEE25-4325-0FDB-46F4-CA761433F2BF</schemaObject>
<isSurrogateKey>false</isSurrogateKey>
<indexColumnUsage>
<colUsage columnID="3D14D4BA-5B51-E38F-CDB0-F09244E13B27"/>
</indexColumnUsage>
</ind_PK_UK>
<ind_PK_UK id="8ECA14F2-8EF1-D4C5-57BD-6CC0B91B8453" name="FKT_PROVINCI451632">
<createdBy>riho</createdBy>
<createdTime>2015-04-17 22:47:18 UTC</createdTime>
<ownerDesignName>IC4302-DB2-Progra1-TEC</ownerDesignName>
<indexState>Foreign Key</indexState>
<isSurrogateKey>false</isSurrogateKey>
<indexColumnUsage>
<colUsage columnID="5FE79D79-AA2A-D43C-E274-9E6164B4A973"/>
</indexColumnUsage>
</ind_PK_UK>
</indexes>
</Table>