<?xml version = '1.0' encoding = 'UTF-8'?>
<Table class="oracle.dbtools.crest.model.design.relational.Table" directorySegmentName="seg_0" id="071557F1-9095-B42F-1C66-DD0F4DAA5FEC" name="T_ESTADOSTIPOCAMBIOS">
<sourceConnName>oraserveri</sourceConnName>
<sourceObjSchema>MVIALES</sourceObjSchema>
<sourceObjName>T_ESTADOSTIPOCAMBIOS</sourceObjName>
<createdBy>kescobar</createdBy>
<createdTime>2015-04-21 15:58:36 UTC</createdTime>
<generatorID>Generado por el Usuario</generatorID>
<ownerDesignName>diseno datamodeler 21-4-15</ownerDesignName>
<schemaObject>BC8BCB6E-3D5F-3E0A-0851-B4733B08DF0E</schemaObject>
<allowColumnReorder>false</allowColumnReorder>
<existDependencyGenerateInDDl>true</existDependencyGenerateInDDl>
<columns itemClass="oracle.dbtools.crest.model.design.relational.Column">
<Column name="CODIGO" id="7FBAEE8A-D756-B020-54F7-FA8C58E8A509">
<sourceConnName>oraserveri</sourceConnName>
<sourceObjSchema>T_ESTADOSTIPOCAMBIOS</sourceObjSchema>
<sourceObjName>CODIGO</sourceObjName>
<createdBy>kescobar</createdBy>
<createdTime>2015-04-21 15:58:37 UTC</createdTime>
<generatorID>Generado por el Usuario</generatorID>
<ownerDesignName>diseno datamodeler 21-4-15</ownerDesignName>
<useDomainConstraints>false</useDomainConstraints>
<use>1</use>
<logicalDatatype>LOGDT019</logicalDatatype>
<dataTypePrecision>3</dataTypePrecision>
<autoIncrementColumn>true</autoIncrementColumn>
<identityColumn>true</identityColumn>
<autoIncrementCycle>false</autoIncrementCycle>
</Column>
<Column name="NOMBRE" id="8278F24F-BAC5-BE54-1FAA-E16C8C395C33">
<sourceConnName>oraserveri</sourceConnName>
<sourceObjSchema>T_ESTADOSTIPOCAMBIOS</sourceObjSchema>
<sourceObjName>NOMBRE</sourceObjName>
<createdBy>kescobar</createdBy>
<createdTime>2015-04-21 15:58:37 UTC</createdTime>
<generatorID>Generado por el Usuario</generatorID>
<ownerDesignName>diseno datamodeler 21-4-15</ownerDesignName>
<useDomainConstraints>false</useDomainConstraints>
<use>1</use>
<logicalDatatype>LOGDT024</logicalDatatype>
<dataTypeSize>1 BYTE</dataTypeSize>
<autoIncrementCycle>false</autoIncrementCycle>
</Column>
</columns>
<indexes itemClass="oracle.dbtools.crest.model.design.relational.Index">
<ind_PK_UK id="F48BF71C-7FFB-12E9-4B70-87D32D3A0C66" name="T_ESTADOSTIPOCAMBIOS_PK">
<sourceConnName>oraserveri</sourceConnName>
<sourceObjSchema>MVIALES</sourceObjSchema>
<sourceObjName>T_ESTADOSTIPOCAMBIOS_PK</sourceObjName>
<createdBy>kescobar</createdBy>
<createdTime>2015-04-21 15:58:38 UTC</createdTime>
<generatorID>Generado por el Usuario</generatorID>
<ownerDesignName>diseno datamodeler 21-4-15</ownerDesignName>
<pk>true</pk>
<indexState>Primary Constraint</indexState>
<isSurrogateKey>false</isSurrogateKey>
<indexColumnUsage>
<colUsage columnID="7FBAEE8A-D756-B020-54F7-FA8C58E8A509"/>
</indexColumnUsage>
</ind_PK_UK>
<ind_PK_UK id="74BB3B21-D79A-BF60-DE14-D2CDD051E8C7" name="T_ESTADOSTIPOCAMBIOS_PK">
<sourceConnName>oraserveri</sourceConnName>
<sourceObjSchema>MVIALES</sourceObjSchema>
<sourceObjName>T_ESTADOSTIPOCAMBIOS_PK</sourceObjName>
<createdBy>kescobar</createdBy>
<createdTime>2015-04-21 15:58:37 UTC</createdTime>
<generatorID>Generado por el Usuario</generatorID>
<ownerDesignName>diseno datamodeler 21-4-15</ownerDesignName>
<indexState>Unique Plain Index</indexState>
<schemaObject>BC8BCB6E-3D5F-3E0A-0851-B4733B08DF0E</schemaObject>
<isSurrogateKey>false</isSurrogateKey>
<indexColumnUsage>
<colUsage columnID="7FBAEE8A-D756-B020-54F7-FA8C58E8A509"/>
</indexColumnUsage>
</ind_PK_UK>
</indexes>
</Table>