<?xml version = '1.0' encoding = 'UTF-8'?>
<Table class="oracle.dbtools.crest.model.design.relational.Table" directorySegmentName="seg_0" id="1B8BE722-900A-BA6E-01AD-C834807F61CD" name="T_PROYECCIONESLISTAPRECIOS">
<sourceConnName>oraserveri</sourceConnName>
<sourceObjSchema>MVIALES</sourceObjSchema>
<sourceObjName>T_PROYECCIONESLISTAPRECIOS</sourceObjName>
<createdBy>kescobar</createdBy>
<createdTime>2015-04-21 15:58:36 UTC</createdTime>
<generatorID>Generado por el Usuario</generatorID>
<ownerDesignName>diseno datamodeler 21-4-15</ownerDesignName>
<schemaObject>BC8BCB6E-3D5F-3E0A-0851-B4733B08DF0E</schemaObject>
<allowColumnReorder>false</allowColumnReorder>
<existDependencyGenerateInDDl>true</existDependencyGenerateInDDl>
<columns itemClass="oracle.dbtools.crest.model.design.relational.Column">
<Column name="CODARTICULO" id="7A98BAB0-4320-E819-6A1A-D98B2F299B52">
<sourceConnName>oraserveri</sourceConnName>
<sourceObjSchema>T_PROYECCIONESLISTAPRECIOS</sourceObjSchema>
<sourceObjName>CODARTICULO</sourceObjName>
<createdBy>kescobar</createdBy>
<createdTime>2015-04-21 15:58:37 UTC</createdTime>
<generatorID>Generado por el Usuario</generatorID>
<ownerDesignName>diseno datamodeler 21-4-15</ownerDesignName>
<useDomainConstraints>false</useDomainConstraints>
<use>1</use>
<logicalDatatype>LOGDT024</logicalDatatype>
<dataTypeSize>20 BYTE</dataTypeSize>
<delegate>E606BA90-1ACB-EA0D-5D4A-7BB8C0D81659</delegate>
<autoIncrementCycle>false</autoIncrementCycle>
<associations>
<colAssociation fkAssociation="F20AD2CE-CDB9-8CA1-A4AB-23CA5006EC0E" referredColumn="E606BA90-1ACB-EA0D-5D4A-7BB8C0D81659"/>
</associations>
</Column>
<Column name="CODLISTAPRECIOS" id="D13A252E-407F-8694-5769-46CC5775B73B">
<sourceConnName>oraserveri</sourceConnName>
<sourceObjSchema>T_PROYECCIONESLISTAPRECIOS</sourceObjSchema>
<sourceObjName>CODLISTAPRECIOS</sourceObjName>
<createdBy>kescobar</createdBy>
<createdTime>2015-04-21 15:58:37 UTC</createdTime>
<generatorID>Generado por el Usuario</generatorID>
<ownerDesignName>diseno datamodeler 21-4-15</ownerDesignName>
<useDomainConstraints>false</useDomainConstraints>
<use>1</use>
<logicalDatatype>LOGDT019</logicalDatatype>
<dataTypePrecision>3</dataTypePrecision>
<delegate>6E9F433C-4827-0D18-2864-19F3BAD3C6F5</delegate>
<autoIncrementCycle>false</autoIncrementCycle>
<associations>
<colAssociation fkAssociation="F20AD2CE-CDB9-8CA1-A4AB-23CA5006EC0E" referredColumn="6E9F433C-4827-0D18-2864-19F3BAD3C6F5"/>
</associations>
</Column>
<Column name="MES" id="E9B5B39A-81CD-CD32-A557-351DF977ADA3">
<sourceConnName>oraserveri</sourceConnName>
<sourceObjSchema>T_PROYECCIONESLISTAPRECIOS</sourceObjSchema>
<sourceObjName>MES</sourceObjName>
<createdBy>kescobar</createdBy>
<createdTime>2015-04-21 15:58:37 UTC</createdTime>
<generatorID>Generado por el Usuario</generatorID>
<ownerDesignName>diseno datamodeler 21-4-15</ownerDesignName>
<useDomainConstraints>false</useDomainConstraints>
<use>1</use>
<logicalDatatype>LOGDT019</logicalDatatype>
<dataTypePrecision>2</dataTypePrecision>
<delegate>4E17183F-4D03-567F-C142-DF88EDF3FB45</delegate>
<autoIncrementCycle>false</autoIncrementCycle>
<associations>
<colAssociation fkAssociation="1FE73EC5-287E-C967-69E3-AA0EEA27B162" referredColumn="4E17183F-4D03-567F-C142-DF88EDF3FB45"/>
</associations>
</Column>
<Column name="ANIO" id="1341A95F-864A-1575-94A7-A688BDA08671">
<sourceConnName>oraserveri</sourceConnName>
<sourceObjSchema>T_PROYECCIONESLISTAPRECIOS</sourceObjSchema>
<sourceObjName>ANIO</sourceObjName>
<createdBy>kescobar</createdBy>
<createdTime>2015-04-21 15:58:37 UTC</createdTime>
<generatorID>Generado por el Usuario</generatorID>
<ownerDesignName>diseno datamodeler 21-4-15</ownerDesignName>
<useDomainConstraints>false</useDomainConstraints>
<use>1</use>
<logicalDatatype>LOGDT019</logicalDatatype>
<dataTypePrecision>4</dataTypePrecision>
<delegate>2D4D9D11-5573-C170-0546-BCDE92406F62</delegate>
<autoIncrementCycle>false</autoIncrementCycle>
<associations>
<colAssociation fkAssociation="1FE73EC5-287E-C967-69E3-AA0EEA27B162" referredColumn="2D4D9D11-5573-C170-0546-BCDE92406F62"/>
</associations>
</Column>
<Column name="TIPOCAMBIOPROYECT" id="C097EEF8-C955-E16B-E0AE-9FAA48CB5E24">
<sourceConnName>oraserveri</sourceConnName>
<sourceObjSchema>T_PROYECCIONESLISTAPRECIOS</sourceObjSchema>
<sourceObjName>TIPOCAMBIOPROYECT</sourceObjName>
<createdBy>kescobar</createdBy>
<createdTime>2015-04-21 15:58:37 UTC</createdTime>
<generatorID>Generado por el Usuario</generatorID>
<ownerDesignName>diseno datamodeler 21-4-15</ownerDesignName>
<useDomainConstraints>false</useDomainConstraints>
<use>1</use>
<logicalDatatype>LOGDT019</logicalDatatype>
<dataTypePrecision>17</dataTypePrecision>
<dataTypeScale>2</dataTypeScale>
<autoIncrementCycle>false</autoIncrementCycle>
</Column>
<Column name="PRECIOMERCDOLARESPROYECT" id="715E18C9-07A2-8DF4-3615-5AAD7F231E08">
<sourceConnName>oraserveri</sourceConnName>
<sourceObjSchema>T_PROYECCIONESLISTAPRECIOS</sourceObjSchema>
<sourceObjName>PRECIOMERCDOLARESPROYECT</sourceObjName>
<createdBy>kescobar</createdBy>
<createdTime>2015-04-21 15:58:37 UTC</createdTime>
<generatorID>Generado por el Usuario</generatorID>
<ownerDesignName>diseno datamodeler 21-4-15</ownerDesignName>
<useDomainConstraints>false</useDomainConstraints>
<use>1</use>
<logicalDatatype>LOGDT019</logicalDatatype>
<dataTypePrecision>17</dataTypePrecision>
<dataTypeScale>2</dataTypeScale>
<autoIncrementCycle>false</autoIncrementCycle>
</Column>
</columns>
<indexes itemClass="oracle.dbtools.crest.model.design.relational.Index">
<ind_PK_UK id="0D09A792-C62B-47FC-0869-76BA04DFDAB0" name="FKT_PROYECCI566293">
<createdBy>kescobar</createdBy>
<createdTime>2015-04-21 15:58:40 UTC</createdTime>
<generatorID>Generado por el Usuario</generatorID>
<ownerDesignName>diseno datamodeler 21-4-15</ownerDesignName>
<indexState>Foreign Key</indexState>
<isSurrogateKey>false</isSurrogateKey>
<indexColumnUsage>
<colUsage columnID="D13A252E-407F-8694-5769-46CC5775B73B"/>
<colUsage columnID="7A98BAB0-4320-E819-6A1A-D98B2F299B52"/>
</indexColumnUsage>
</ind_PK_UK>
<ind_PK_UK id="B11FF9AE-9BB1-A7DF-7B7C-24CFD0F4F169" name="FKT_PROYECCI761595">
<createdBy>kescobar</createdBy>
<createdTime>2015-04-21 15:58:40 UTC</createdTime>
<generatorID>Generado por el Usuario</generatorID>
<ownerDesignName>diseno datamodeler 21-4-15</ownerDesignName>
<indexState>Foreign Key</indexState>
<isSurrogateKey>false</isSurrogateKey>
<indexColumnUsage>
<colUsage columnID="E9B5B39A-81CD-CD32-A557-351DF977ADA3"/>
<colUsage columnID="1341A95F-864A-1575-94A7-A688BDA08671"/>
</indexColumnUsage>
</ind_PK_UK>
</indexes>
</Table>