<?xml version = '1.0' encoding = 'UTF-8'?>
<Table class="oracle.dbtools.crest.model.design.relational.Table" directorySegmentName="seg_0" id="1DD023D0-F3B0-9022-BAC5-332EED46191C" name="T_FACTURACOMPRAS">
<sourceConnName>oraserveri</sourceConnName>
<sourceObjSchema>MVIALES</sourceObjSchema>
<sourceObjName>T_FACTURACOMPRAS</sourceObjName>
<createdBy>kescobar</createdBy>
<createdTime>2015-04-21 15:58:36 UTC</createdTime>
<generatorID>Generado por el Usuario</generatorID>
<ownerDesignName>diseno datamodeler 21-4-15</ownerDesignName>
<schemaObject>BC8BCB6E-3D5F-3E0A-0851-B4733B08DF0E</schemaObject>
<allowColumnReorder>false</allowColumnReorder>
<existDependencyGenerateInDDl>true</existDependencyGenerateInDDl>
<columns itemClass="oracle.dbtools.crest.model.design.relational.Column">
<Column name="CODIGO" id="3CCF87FB-EA95-E5AE-3E1F-979D567A867B">
<sourceConnName>oraserveri</sourceConnName>
<sourceObjSchema>T_FACTURACOMPRAS</sourceObjSchema>
<sourceObjName>CODIGO</sourceObjName>
<createdBy>kescobar</createdBy>
<createdTime>2015-04-21 15:58:37 UTC</createdTime>
<generatorID>Generado por el Usuario</generatorID>
<ownerDesignName>diseno datamodeler 21-4-15</ownerDesignName>
<useDomainConstraints>false</useDomainConstraints>
<use>1</use>
<logicalDatatype>LOGDT019</logicalDatatype>
<dataTypePrecision>10</dataTypePrecision>
<autoIncrementColumn>true</autoIncrementColumn>
<identityColumn>true</identityColumn>
<autoIncrementCycle>false</autoIncrementCycle>
</Column>
<Column name="FECCOMPRA" id="67C591E7-5B0F-24BE-7740-059C8DF78D9B">
<sourceConnName>oraserveri</sourceConnName>
<sourceObjSchema>T_FACTURACOMPRAS</sourceObjSchema>
<sourceObjName>FECCOMPRA</sourceObjName>
<createdBy>kescobar</createdBy>
<createdTime>2015-04-21 15:58:37 UTC</createdTime>
<generatorID>Generado por el Usuario</generatorID>
<ownerDesignName>diseno datamodeler 21-4-15</ownerDesignName>
<useDomainConstraints>false</useDomainConstraints>
<use>1</use>
<logicalDatatype>LOGDT007</logicalDatatype>
<dataTypeSize>7</dataTypeSize>
<autoIncrementCycle>false</autoIncrementCycle>
</Column>
<Column name="FECREGISTRO" id="4C98F9C8-2702-627F-3A0D-10FB69000471">
<sourceConnName>oraserveri</sourceConnName>
<sourceObjSchema>T_FACTURACOMPRAS</sourceObjSchema>
<sourceObjName>FECREGISTRO</sourceObjName>
<createdBy>kescobar</createdBy>
<createdTime>2015-04-21 15:58:37 UTC</createdTime>
<generatorID>Generado por el Usuario</generatorID>
<ownerDesignName>diseno datamodeler 21-4-15</ownerDesignName>
<useDomainConstraints>false</useDomainConstraints>
<use>1</use>
<logicalDatatype>LOGDT007</logicalDatatype>
<dataTypeSize>7</dataTypeSize>
<autoIncrementCycle>false</autoIncrementCycle>
</Column>
<Column name="CODUSERREGISTRO" id="858A92AA-5E3F-98D9-74AC-1D3D6E0ACC51">
<sourceConnName>oraserveri</sourceConnName>
<sourceObjSchema>T_FACTURACOMPRAS</sourceObjSchema>
<sourceObjName>CODUSERREGISTRO</sourceObjName>
<createdBy>kescobar</createdBy>
<createdTime>2015-04-21 15:58:37 UTC</createdTime>
<generatorID>Generado por el Usuario</generatorID>
<ownerDesignName>diseno datamodeler 21-4-15</ownerDesignName>
<useDomainConstraints>false</useDomainConstraints>
<use>1</use>
<logicalDatatype>LOGDT024</logicalDatatype>
<dataTypeSize>10 BYTE</dataTypeSize>
<delegate>8A4C0814-3177-5A3E-D35D-F426CC7A82A9</delegate>
<autoIncrementCycle>false</autoIncrementCycle>
<associations>
<colAssociation fkAssociation="53EBB6CD-F85C-44EF-D597-ADE28367F20F" referredColumn="8A4C0814-3177-5A3E-D35D-F426CC7A82A9"/>
</associations>
</Column>
</columns>
<indexes itemClass="oracle.dbtools.crest.model.design.relational.Index">
<ind_PK_UK id="D499681C-37EF-518A-D952-F2B0C7874CA5" name="T_FACTURACOMPRAS_PK">
<sourceConnName>oraserveri</sourceConnName>
<sourceObjSchema>MVIALES</sourceObjSchema>
<sourceObjName>T_FACTURACOMPRAS_PK</sourceObjName>
<createdBy>kescobar</createdBy>
<createdTime>2015-04-21 15:58:38 UTC</createdTime>
<generatorID>Generado por el Usuario</generatorID>
<ownerDesignName>diseno datamodeler 21-4-15</ownerDesignName>
<pk>true</pk>
<indexState>Primary Constraint</indexState>
<isSurrogateKey>false</isSurrogateKey>
<indexColumnUsage>
<colUsage columnID="3CCF87FB-EA95-E5AE-3E1F-979D567A867B"/>
</indexColumnUsage>
</ind_PK_UK>
<ind_PK_UK id="E4613C40-B942-149B-40E4-373A45A2A8BA" name="T_FACTURACOMPRAS_PK">
<sourceConnName>oraserveri</sourceConnName>
<sourceObjSchema>MVIALES</sourceObjSchema>
<sourceObjName>T_FACTURACOMPRAS_PK</sourceObjName>
<createdBy>kescobar</createdBy>
<createdTime>2015-04-21 15:58:37 UTC</createdTime>
<generatorID>Generado por el Usuario</generatorID>
<ownerDesignName>diseno datamodeler 21-4-15</ownerDesignName>
<indexState>Unique Plain Index</indexState>
<schemaObject>BC8BCB6E-3D5F-3E0A-0851-B4733B08DF0E</schemaObject>
<isSurrogateKey>false</isSurrogateKey>
<indexColumnUsage>
<colUsage columnID="3CCF87FB-EA95-E5AE-3E1F-979D567A867B"/>
</indexColumnUsage>
</ind_PK_UK>
<ind_PK_UK id="3175DB04-01D2-CBDC-9D3F-D1EAF1F11012" name="FKT_FACTURAC28973">
<createdBy>kescobar</createdBy>
<createdTime>2015-04-21 15:58:40 UTC</createdTime>
<generatorID>Generado por el Usuario</generatorID>
<ownerDesignName>diseno datamodeler 21-4-15</ownerDesignName>
<indexState>Foreign Key</indexState>
<isSurrogateKey>false</isSurrogateKey>
<indexColumnUsage>
<colUsage columnID="858A92AA-5E3F-98D9-74AC-1D3D6E0ACC51"/>
</indexColumnUsage>
</ind_PK_UK>
</indexes>
</Table>