<?xml version = '1.0' encoding = 'UTF-8'?>
<Table class="oracle.dbtools.crest.model.design.relational.Table" directorySegmentName="seg_0" id="2EC31CE6-F112-07A7-C9D1-1E56071CCD2C" name="T_DETALLEDIRECCION">
<sourceConnName>oraserveri</sourceConnName>
<sourceObjSchema>MVIALES</sourceObjSchema>
<sourceObjName>T_DETALLEDIRECCION</sourceObjName>
<createdBy>kescobar</createdBy>
<createdTime>2015-04-21 15:58:36 UTC</createdTime>
<generatorID>Generado por el Usuario</generatorID>
<ownerDesignName>diseno datamodeler 21-4-15</ownerDesignName>
<schemaObject>BC8BCB6E-3D5F-3E0A-0851-B4733B08DF0E</schemaObject>
<allowColumnReorder>false</allowColumnReorder>
<existDependencyGenerateInDDl>true</existDependencyGenerateInDDl>
<columns itemClass="oracle.dbtools.crest.model.design.relational.Column">
<Column name="CODDETALLE" id="703DFED4-31EC-10A3-76E3-48874D67A209">
<sourceConnName>oraserveri</sourceConnName>
<sourceObjSchema>T_DETALLEDIRECCION</sourceObjSchema>
<sourceObjName>CODDETALLE</sourceObjName>
<createdBy>kescobar</createdBy>
<createdTime>2015-04-21 15:58:37 UTC</createdTime>
<generatorID>Generado por el Usuario</generatorID>
<ownerDesignName>diseno datamodeler 21-4-15</ownerDesignName>
<useDomainConstraints>false</useDomainConstraints>
<use>1</use>
<logicalDatatype>LOGDT019</logicalDatatype>
<dataTypePrecision>3</dataTypePrecision>
<autoIncrementColumn>true</autoIncrementColumn>
<identityColumn>true</identityColumn>
<autoIncrementCycle>false</autoIncrementCycle>
</Column>
<Column name="CODCIUDAD" id="9DF5C234-0B67-9A3C-8C6D-262522BD62AE">
<sourceConnName>oraserveri</sourceConnName>
<sourceObjSchema>T_DETALLEDIRECCION</sourceObjSchema>
<sourceObjName>CODCIUDAD</sourceObjName>
<createdBy>kescobar</createdBy>
<createdTime>2015-04-21 15:58:37 UTC</createdTime>
<generatorID>Generado por el Usuario</generatorID>
<ownerDesignName>diseno datamodeler 21-4-15</ownerDesignName>
<useDomainConstraints>false</useDomainConstraints>
<use>1</use>
<logicalDatatype>LOGDT019</logicalDatatype>
<dataTypePrecision>3</dataTypePrecision>
<delegate>67EEB398-30F0-7B5B-6690-81C92442520C</delegate>
<autoIncrementCycle>false</autoIncrementCycle>
<associations>
<colAssociation fkAssociation="5E7EF4FD-CC2B-1E9A-5E8D-64781B87D39B" referredColumn="67EEB398-30F0-7B5B-6690-81C92442520C"/>
</associations>
</Column>
<Column name="APARPOSTAL" id="018DC326-EFAF-1B1F-1635-60757F2FDA25">
<sourceConnName>oraserveri</sourceConnName>
<sourceObjSchema>T_DETALLEDIRECCION</sourceObjSchema>
<sourceObjName>APARPOSTAL</sourceObjName>
<createdBy>kescobar</createdBy>
<createdTime>2015-04-21 15:58:37 UTC</createdTime>
<generatorID>Generado por el Usuario</generatorID>
<ownerDesignName>diseno datamodeler 21-4-15</ownerDesignName>
<useDomainConstraints>false</useDomainConstraints>
<use>1</use>
<logicalDatatype>LOGDT024</logicalDatatype>
<dataTypeSize>10 BYTE</dataTypeSize>
<autoIncrementCycle>false</autoIncrementCycle>
</Column>
<Column name="DETALLE1" id="A0B1684A-17D8-CC44-10A0-21A11C00BFC6">
<sourceConnName>oraserveri</sourceConnName>
<sourceObjSchema>T_DETALLEDIRECCION</sourceObjSchema>
<sourceObjName>DETALLE1</sourceObjName>
<createdBy>kescobar</createdBy>
<createdTime>2015-04-21 15:58:37 UTC</createdTime>
<generatorID>Generado por el Usuario</generatorID>
<ownerDesignName>diseno datamodeler 21-4-15</ownerDesignName>
<useDomainConstraints>false</useDomainConstraints>
<use>1</use>
<logicalDatatype>LOGDT024</logicalDatatype>
<dataTypeSize>50 BYTE</dataTypeSize>
<autoIncrementCycle>false</autoIncrementCycle>
</Column>
<Column name="DETALLE2" id="C7C07195-1FED-0D7D-DD63-1BF8A3C06B9A">
<sourceConnName>oraserveri</sourceConnName>
<sourceObjSchema>T_DETALLEDIRECCION</sourceObjSchema>
<sourceObjName>DETALLE2</sourceObjName>
<createdBy>kescobar</createdBy>
<createdTime>2015-04-21 15:58:37 UTC</createdTime>
<generatorID>Generado por el Usuario</generatorID>
<ownerDesignName>diseno datamodeler 21-4-15</ownerDesignName>
<useDomainConstraints>false</useDomainConstraints>
<use>1</use>
<logicalDatatype>LOGDT024</logicalDatatype>
<dataTypeSize>50 BYTE</dataTypeSize>
<autoIncrementCycle>false</autoIncrementCycle>
</Column>
</columns>
<indexes itemClass="oracle.dbtools.crest.model.design.relational.Index">
<ind_PK_UK id="4FACFDD3-0ADA-151C-383A-4F8928257351" name="T_DETALLEDIRECCION_PK">
<sourceConnName>oraserveri</sourceConnName>
<sourceObjSchema>MVIALES</sourceObjSchema>
<sourceObjName>T_DETALLEDIRECCION_PK</sourceObjName>
<createdBy>kescobar</createdBy>
<createdTime>2015-04-21 15:58:38 UTC</createdTime>
<generatorID>Generado por el Usuario</generatorID>
<ownerDesignName>diseno datamodeler 21-4-15</ownerDesignName>
<pk>true</pk>
<indexState>Primary Constraint</indexState>
<isSurrogateKey>false</isSurrogateKey>
<indexColumnUsage>
<colUsage columnID="703DFED4-31EC-10A3-76E3-48874D67A209"/>
</indexColumnUsage>
</ind_PK_UK>
<ind_PK_UK id="2B07B90C-78C9-845A-3E8B-9411CD31A8B0" name="T_DETALLEDIRECCION_PK">
<sourceConnName>oraserveri</sourceConnName>
<sourceObjSchema>MVIALES</sourceObjSchema>
<sourceObjName>T_DETALLEDIRECCION_PK</sourceObjName>
<createdBy>kescobar</createdBy>
<createdTime>2015-04-21 15:58:37 UTC</createdTime>
<generatorID>Generado por el Usuario</generatorID>
<ownerDesignName>diseno datamodeler 21-4-15</ownerDesignName>
<indexState>Unique Plain Index</indexState>
<schemaObject>BC8BCB6E-3D5F-3E0A-0851-B4733B08DF0E</schemaObject>
<isSurrogateKey>false</isSurrogateKey>
<indexColumnUsage>
<colUsage columnID="703DFED4-31EC-10A3-76E3-48874D67A209"/>
</indexColumnUsage>
</ind_PK_UK>
<ind_PK_UK id="E5BA81F5-FFB6-D717-4C27-C981BE48D618" name="FKT_DETALLED350223">
<createdBy>kescobar</createdBy>
<createdTime>2015-04-21 15:58:40 UTC</createdTime>
<generatorID>Generado por el Usuario</generatorID>
<ownerDesignName>diseno datamodeler 21-4-15</ownerDesignName>
<indexState>Foreign Key</indexState>
<isSurrogateKey>false</isSurrogateKey>
<indexColumnUsage>
<colUsage columnID="9DF5C234-0B67-9A3C-8C6D-262522BD62AE"/>
</indexColumnUsage>
</ind_PK_UK>
</indexes>
</Table>