<?xml version = '1.0' encoding = 'UTF-8'?>
<Table class="oracle.dbtools.crest.model.design.relational.Table" directorySegmentName="seg_0" id="4D857F87-318C-5E89-107E-12D975DAF8E0" name="T_COMPONENTES">
<sourceConnName>oraserveri</sourceConnName>
<sourceObjSchema>MVIALES</sourceObjSchema>
<sourceObjName>T_COMPONENTES</sourceObjName>
<createdBy>kescobar</createdBy>
<createdTime>2015-04-21 15:58:36 UTC</createdTime>
<generatorID>Generado por el Usuario</generatorID>
<ownerDesignName>diseno datamodeler 21-4-15</ownerDesignName>
<schemaObject>BC8BCB6E-3D5F-3E0A-0851-B4733B08DF0E</schemaObject>
<allowColumnReorder>false</allowColumnReorder>
<existDependencyGenerateInDDl>true</existDependencyGenerateInDDl>
<columns itemClass="oracle.dbtools.crest.model.design.relational.Column">
<Column name="CODCOMPONENTE" id="987D3AD1-EA84-7549-61D0-4F86C9C07D12">
<sourceConnName>oraserveri</sourceConnName>
<sourceObjSchema>T_COMPONENTES</sourceObjSchema>
<sourceObjName>CODCOMPONENTE</sourceObjName>
<createdBy>kescobar</createdBy>
<createdTime>2015-04-21 15:58:37 UTC</createdTime>
<generatorID>Generado por el Usuario</generatorID>
<ownerDesignName>diseno datamodeler 21-4-15</ownerDesignName>
<useDomainConstraints>false</useDomainConstraints>
<use>1</use>
<logicalDatatype>LOGDT024</logicalDatatype>
<dataTypeSize>20 BYTE</dataTypeSize>
<delegate>B73BBC11-FFA5-B560-D575-C60CE9EC4E27</delegate>
<autoIncrementCycle>false</autoIncrementCycle>
<associations>
<colAssociation fkAssociation="6463CE84-2B03-2C19-0F99-939AE7AFA18A" referredColumn="B73BBC11-FFA5-B560-D575-C60CE9EC4E27"/>
</associations>
</Column>
<Column name="CODARTICULO" id="FC0658C7-470E-8FF9-7FEC-16ABB6ED0DEA">
<sourceConnName>oraserveri</sourceConnName>
<sourceObjSchema>T_COMPONENTES</sourceObjSchema>
<sourceObjName>CODARTICULO</sourceObjName>
<createdBy>kescobar</createdBy>
<createdTime>2015-04-21 15:58:37 UTC</createdTime>
<generatorID>Generado por el Usuario</generatorID>
<ownerDesignName>diseno datamodeler 21-4-15</ownerDesignName>
<useDomainConstraints>false</useDomainConstraints>
<use>1</use>
<logicalDatatype>LOGDT024</logicalDatatype>
<dataTypeSize>20 BYTE</dataTypeSize>
<delegate>B73BBC11-FFA5-B560-D575-C60CE9EC4E27</delegate>
<autoIncrementCycle>false</autoIncrementCycle>
<associations>
<colAssociation fkAssociation="E6697A9C-E545-ECB8-DC69-AE0CA40F1C55" referredColumn="B73BBC11-FFA5-B560-D575-C60CE9EC4E27"/>
</associations>
</Column>
</columns>
<indexes itemClass="oracle.dbtools.crest.model.design.relational.Index">
<ind_PK_UK id="D8D6699B-802D-26AB-83A5-E40B8BF62099" name="FKT_COMPONEN233783">
<createdBy>kescobar</createdBy>
<createdTime>2015-04-21 15:58:40 UTC</createdTime>
<generatorID>Generado por el Usuario</generatorID>
<ownerDesignName>diseno datamodeler 21-4-15</ownerDesignName>
<indexState>Foreign Key</indexState>
<isSurrogateKey>false</isSurrogateKey>
<indexColumnUsage>
<colUsage columnID="987D3AD1-EA84-7549-61D0-4F86C9C07D12"/>
</indexColumnUsage>
</ind_PK_UK>
<ind_PK_UK id="ACBD9991-88B6-7033-DB08-8D13BEFBC374" name="FKT_COMPONEN774059">
<createdBy>kescobar</createdBy>
<createdTime>2015-04-21 15:58:40 UTC</createdTime>
<generatorID>Generado por el Usuario</generatorID>
<ownerDesignName>diseno datamodeler 21-4-15</ownerDesignName>
<indexState>Foreign Key</indexState>
<isSurrogateKey>false</isSurrogateKey>
<indexColumnUsage>
<colUsage columnID="FC0658C7-470E-8FF9-7FEC-16ABB6ED0DEA"/>
</indexColumnUsage>
</ind_PK_UK>
</indexes>
</Table>