<?xml version = '1.0' encoding = 'UTF-8'?>
<Table class="oracle.dbtools.crest.model.design.relational.Table" directorySegmentName="seg_0" id="54118FD5-C568-F474-BABF-578111250B09" name="T_CONTACTO">
<sourceConnName>oraserveri</sourceConnName>
<sourceObjSchema>MVIALES</sourceObjSchema>
<sourceObjName>T_CONTACTO</sourceObjName>
<createdBy>kescobar</createdBy>
<createdTime>2015-04-21 15:58:36 UTC</createdTime>
<generatorID>Generado por el Usuario</generatorID>
<ownerDesignName>diseno datamodeler 21-4-15</ownerDesignName>
<schemaObject>BC8BCB6E-3D5F-3E0A-0851-B4733B08DF0E</schemaObject>
<allowColumnReorder>false</allowColumnReorder>
<existDependencyGenerateInDDl>true</existDependencyGenerateInDDl>
<columns itemClass="oracle.dbtools.crest.model.design.relational.Column">
<Column name="CODCONTACTO" id="3D560798-F43B-C266-2F3C-F14107C4AE70">
<sourceConnName>oraserveri</sourceConnName>
<sourceObjSchema>T_CONTACTO</sourceObjSchema>
<sourceObjName>CODCONTACTO</sourceObjName>
<createdBy>kescobar</createdBy>
<createdTime>2015-04-21 15:58:37 UTC</createdTime>
<generatorID>Generado por el Usuario</generatorID>
<ownerDesignName>diseno datamodeler 21-4-15</ownerDesignName>
<useDomainConstraints>false</useDomainConstraints>
<use>1</use>
<logicalDatatype>LOGDT019</logicalDatatype>
<dataTypePrecision>3</dataTypePrecision>
<autoIncrementColumn>true</autoIncrementColumn>
<identityColumn>true</identityColumn>
<autoIncrementCycle>false</autoIncrementCycle>
</Column>
<Column name="CODTIPOCONTACTO" id="BC298493-1CC6-BB07-5EC8-1BB482EA035A">
<sourceConnName>oraserveri</sourceConnName>
<sourceObjSchema>T_CONTACTO</sourceObjSchema>
<sourceObjName>CODTIPOCONTACTO</sourceObjName>
<createdBy>kescobar</createdBy>
<createdTime>2015-04-21 15:58:37 UTC</createdTime>
<generatorID>Generado por el Usuario</generatorID>
<ownerDesignName>diseno datamodeler 21-4-15</ownerDesignName>
<useDomainConstraints>false</useDomainConstraints>
<use>1</use>
<logicalDatatype>LOGDT019</logicalDatatype>
<dataTypePrecision>3</dataTypePrecision>
<delegate>79A40A14-DF3B-9BF0-3F99-CBC77E51BF15</delegate>
<autoIncrementCycle>false</autoIncrementCycle>
<associations>
<colAssociation fkAssociation="C4553699-5B7A-54C6-5342-EB8F6804A8CE" referredColumn="79A40A14-DF3B-9BF0-3F99-CBC77E51BF15"/>
</associations>
</Column>
<Column name="VALOR" id="56D24530-0CD9-E867-A1B1-D3FAFD4EA1B4">
<sourceConnName>oraserveri</sourceConnName>
<sourceObjSchema>T_CONTACTO</sourceObjSchema>
<sourceObjName>VALOR</sourceObjName>
<createdBy>kescobar</createdBy>
<createdTime>2015-04-21 15:58:37 UTC</createdTime>
<generatorID>Generado por el Usuario</generatorID>
<ownerDesignName>diseno datamodeler 21-4-15</ownerDesignName>
<useDomainConstraints>false</useDomainConstraints>
<use>1</use>
<logicalDatatype>LOGDT024</logicalDatatype>
<dataTypeSize>50 BYTE</dataTypeSize>
<autoIncrementCycle>false</autoIncrementCycle>
</Column>
<Column name="CODEMPRESA" id="7222CA59-C6E8-EBD2-7E12-741C22A7F048">
<sourceConnName>oraserveri</sourceConnName>
<sourceObjSchema>T_CONTACTO</sourceObjSchema>
<sourceObjName>CODEMPRESA</sourceObjName>
<createdBy>kescobar</createdBy>
<createdTime>2015-04-21 15:58:37 UTC</createdTime>
<generatorID>Generado por el Usuario</generatorID>
<ownerDesignName>diseno datamodeler 21-4-15</ownerDesignName>
<useDomainConstraints>false</useDomainConstraints>
<use>1</use>
<logicalDatatype>LOGDT019</logicalDatatype>
<dataTypePrecision>10</dataTypePrecision>
<delegate>C78415D4-2F65-9924-7042-96FF216F4644</delegate>
<autoIncrementCycle>false</autoIncrementCycle>
<associations>
<colAssociation fkAssociation="CA93FB21-F4CF-A3C2-6698-A0FD157B8369" referredColumn="C78415D4-2F65-9924-7042-96FF216F4644"/>
</associations>
</Column>
</columns>
<indexes itemClass="oracle.dbtools.crest.model.design.relational.Index">
<ind_PK_UK id="FADC495D-6363-1EAF-DC5D-6D9D539F87A1" name="T_CONTACTO_PK">
<sourceConnName>oraserveri</sourceConnName>
<sourceObjSchema>MVIALES</sourceObjSchema>
<sourceObjName>T_CONTACTO_PK</sourceObjName>
<createdBy>kescobar</createdBy>
<createdTime>2015-04-21 15:58:38 UTC</createdTime>
<generatorID>Generado por el Usuario</generatorID>
<ownerDesignName>diseno datamodeler 21-4-15</ownerDesignName>
<pk>true</pk>
<indexState>Primary Constraint</indexState>
<isSurrogateKey>false</isSurrogateKey>
<indexColumnUsage>
<colUsage columnID="3D560798-F43B-C266-2F3C-F14107C4AE70"/>
</indexColumnUsage>
</ind_PK_UK>
<ind_PK_UK id="F3723043-666B-9128-1181-494C38FA47B0" name="T_CONTACTO_PK">
<sourceConnName>oraserveri</sourceConnName>
<sourceObjSchema>MVIALES</sourceObjSchema>
<sourceObjName>T_CONTACTO_PK</sourceObjName>
<createdBy>kescobar</createdBy>
<createdTime>2015-04-21 15:58:37 UTC</createdTime>
<generatorID>Generado por el Usuario</generatorID>
<ownerDesignName>diseno datamodeler 21-4-15</ownerDesignName>
<indexState>Unique Plain Index</indexState>
<schemaObject>BC8BCB6E-3D5F-3E0A-0851-B4733B08DF0E</schemaObject>
<isSurrogateKey>false</isSurrogateKey>
<indexColumnUsage>
<colUsage columnID="3D560798-F43B-C266-2F3C-F14107C4AE70"/>
</indexColumnUsage>
</ind_PK_UK>
<ind_PK_UK id="9F40CF50-0FED-DB4D-33BB-04AAA9C92D2B" name="FKT_CONTACTO536274">
<createdBy>kescobar</createdBy>
<createdTime>2015-04-21 15:58:40 UTC</createdTime>
<generatorID>Generado por el Usuario</generatorID>
<ownerDesignName>diseno datamodeler 21-4-15</ownerDesignName>
<indexState>Foreign Key</indexState>
<isSurrogateKey>false</isSurrogateKey>
<indexColumnUsage>
<colUsage columnID="7222CA59-C6E8-EBD2-7E12-741C22A7F048"/>
</indexColumnUsage>
</ind_PK_UK>
<ind_PK_UK id="E2999023-4609-C916-BCB2-4BAEB2F016DC" name="FKT_CONTACTO759656">
<createdBy>kescobar</createdBy>
<createdTime>2015-04-21 15:58:40 UTC</createdTime>
<generatorID>Generado por el Usuario</generatorID>
<ownerDesignName>diseno datamodeler 21-4-15</ownerDesignName>
<indexState>Foreign Key</indexState>
<isSurrogateKey>false</isSurrogateKey>
<indexColumnUsage>
<colUsage columnID="BC298493-1CC6-BB07-5EC8-1BB482EA035A"/>
</indexColumnUsage>
</ind_PK_UK>
</indexes>
</Table>