<?xml version = '1.0' encoding = 'UTF-8'?>
<Table class="oracle.dbtools.crest.model.design.relational.Table" directorySegmentName="seg_0" id="576A6CAE-5118-8E71-2BB7-3DE5638B4C8E" name="T_EMPRESA">
<sourceConnName>oraserveri</sourceConnName>
<sourceObjSchema>MVIALES</sourceObjSchema>
<sourceObjName>T_EMPRESA</sourceObjName>
<createdBy>kescobar</createdBy>
<createdTime>2015-04-21 15:58:36 UTC</createdTime>
<generatorID>Generado por el Usuario</generatorID>
<ownerDesignName>diseno datamodeler 21-4-15</ownerDesignName>
<schemaObject>BC8BCB6E-3D5F-3E0A-0851-B4733B08DF0E</schemaObject>
<allowColumnReorder>false</allowColumnReorder>
<existDependencyGenerateInDDl>true</existDependencyGenerateInDDl>
<columns itemClass="oracle.dbtools.crest.model.design.relational.Column">
<Column name="CEDULAJURIDICA" id="C78415D4-2F65-9924-7042-96FF216F4644">
<sourceConnName>oraserveri</sourceConnName>
<sourceObjSchema>T_EMPRESA</sourceObjSchema>
<sourceObjName>CEDULAJURIDICA</sourceObjName>
<createdBy>kescobar</createdBy>
<createdTime>2015-04-21 15:58:37 UTC</createdTime>
<generatorID>Generado por el Usuario</generatorID>
<ownerDesignName>diseno datamodeler 21-4-15</ownerDesignName>
<useDomainConstraints>false</useDomainConstraints>
<use>1</use>
<logicalDatatype>LOGDT019</logicalDatatype>
<dataTypePrecision>10</dataTypePrecision>
<autoIncrementCycle>false</autoIncrementCycle>
</Column>
<Column name="NOMBRECOMERCIAL" id="5AEAB2BA-19C8-4112-7DEC-F1B2D3E80C51">
<sourceConnName>oraserveri</sourceConnName>
<sourceObjSchema>T_EMPRESA</sourceObjSchema>
<sourceObjName>NOMBRECOMERCIAL</sourceObjName>
<createdBy>kescobar</createdBy>
<createdTime>2015-04-21 15:58:37 UTC</createdTime>
<generatorID>Generado por el Usuario</generatorID>
<ownerDesignName>diseno datamodeler 21-4-15</ownerDesignName>
<useDomainConstraints>false</useDomainConstraints>
<use>1</use>
<logicalDatatype>LOGDT019</logicalDatatype>
<dataTypePrecision>20</dataTypePrecision>
<autoIncrementCycle>false</autoIncrementCycle>
</Column>
<Column name="DIRECCION" id="A31CD5D6-8CEB-1B8A-24DD-F40ADD7611DD">
<sourceConnName>oraserveri</sourceConnName>
<sourceObjSchema>T_EMPRESA</sourceObjSchema>
<sourceObjName>DIRECCION</sourceObjName>
<createdBy>kescobar</createdBy>
<createdTime>2015-04-21 15:58:37 UTC</createdTime>
<generatorID>Generado por el Usuario</generatorID>
<ownerDesignName>diseno datamodeler 21-4-15</ownerDesignName>
<useDomainConstraints>false</useDomainConstraints>
<use>1</use>
<logicalDatatype>LOGDT019</logicalDatatype>
<dataTypePrecision>3</dataTypePrecision>
<delegate>703DFED4-31EC-10A3-76E3-48874D67A209</delegate>
<autoIncrementCycle>false</autoIncrementCycle>
<associations>
<colAssociation fkAssociation="A2F73ECD-7F65-BAE1-DD4F-78F5D84D1FC1" referredColumn="703DFED4-31EC-10A3-76E3-48874D67A209"/>
</associations>
</Column>
<Column name="CODTIPOEMPRESA" id="BBC68093-2E75-7D36-63F2-E5C4D147BFF3">
<sourceConnName>oraserveri</sourceConnName>
<sourceObjSchema>T_EMPRESA</sourceObjSchema>
<sourceObjName>CODTIPOEMPRESA</sourceObjName>
<createdBy>kescobar</createdBy>
<createdTime>2015-04-21 15:58:37 UTC</createdTime>
<generatorID>Generado por el Usuario</generatorID>
<ownerDesignName>diseno datamodeler 21-4-15</ownerDesignName>
<useDomainConstraints>false</useDomainConstraints>
<use>1</use>
<logicalDatatype>LOGDT019</logicalDatatype>
<dataTypePrecision>3</dataTypePrecision>
<delegate>CBB1537A-4BCC-C76C-D1C7-A3CE0A0F6139</delegate>
<autoIncrementCycle>false</autoIncrementCycle>
<associations>
<colAssociation fkAssociation="614788F4-B299-63D0-8BA7-5582C6755D4B" referredColumn="CBB1537A-4BCC-C76C-D1C7-A3CE0A0F6139"/>
</associations>
</Column>
</columns>
<indexes itemClass="oracle.dbtools.crest.model.design.relational.Index">
<ind_PK_UK id="2E2E05C9-9AA7-A367-2F2D-3859FB8AD943" name="T_EMPRESA_PK">
<sourceConnName>oraserveri</sourceConnName>
<sourceObjSchema>MVIALES</sourceObjSchema>
<sourceObjName>T_EMPRESA_PK</sourceObjName>
<createdBy>kescobar</createdBy>
<createdTime>2015-04-21 15:58:38 UTC</createdTime>
<generatorID>Generado por el Usuario</generatorID>
<ownerDesignName>diseno datamodeler 21-4-15</ownerDesignName>
<pk>true</pk>
<indexState>Primary Constraint</indexState>
<isSurrogateKey>false</isSurrogateKey>
<indexColumnUsage>
<colUsage columnID="C78415D4-2F65-9924-7042-96FF216F4644"/>
</indexColumnUsage>
</ind_PK_UK>
<ind_PK_UK id="9F273E2E-D2CE-DC02-447E-8F43EC9E5FF2" name="T_EMPRESA_PK">
<sourceConnName>oraserveri</sourceConnName>
<sourceObjSchema>MVIALES</sourceObjSchema>
<sourceObjName>T_EMPRESA_PK</sourceObjName>
<createdBy>kescobar</createdBy>
<createdTime>2015-04-21 15:58:37 UTC</createdTime>
<generatorID>Generado por el Usuario</generatorID>
<ownerDesignName>diseno datamodeler 21-4-15</ownerDesignName>
<indexState>Unique Plain Index</indexState>
<schemaObject>BC8BCB6E-3D5F-3E0A-0851-B4733B08DF0E</schemaObject>
<isSurrogateKey>false</isSurrogateKey>
<indexColumnUsage>
<colUsage columnID="C78415D4-2F65-9924-7042-96FF216F4644"/>
</indexColumnUsage>
</ind_PK_UK>
<ind_PK_UK id="7EBD0DD9-26EE-83B1-4E89-992934C542B9" name="FKT_EMPRESA228590">
<createdBy>kescobar</createdBy>
<createdTime>2015-04-21 15:58:40 UTC</createdTime>
<generatorID>Generado por el Usuario</generatorID>
<ownerDesignName>diseno datamodeler 21-4-15</ownerDesignName>
<indexState>Foreign Key</indexState>
<isSurrogateKey>false</isSurrogateKey>
<indexColumnUsage>
<colUsage columnID="BBC68093-2E75-7D36-63F2-E5C4D147BFF3"/>
</indexColumnUsage>
</ind_PK_UK>
<ind_PK_UK id="582C314E-04A8-2EA2-D645-08D6A9A47B50" name="FKT_EMPRESA469254">
<createdBy>kescobar</createdBy>
<createdTime>2015-04-21 15:58:40 UTC</createdTime>
<generatorID>Generado por el Usuario</generatorID>
<ownerDesignName>diseno datamodeler 21-4-15</ownerDesignName>
<indexState>Foreign Key</indexState>
<isSurrogateKey>false</isSurrogateKey>
<indexColumnUsage>
<colUsage columnID="A31CD5D6-8CEB-1B8A-24DD-F40ADD7611DD"/>
</indexColumnUsage>
</ind_PK_UK>
</indexes>
</Table>