<?xml version = '1.0' encoding = 'UTF-8'?>
<Table class="oracle.dbtools.crest.model.design.relational.Table" directorySegmentName="seg_0" id="6167440A-B006-DD6F-E46F-21F874DD1AE1" name="T_UNIDADMEDIDAS">
<sourceConnName>oraserveri</sourceConnName>
<sourceObjSchema>MVIALES</sourceObjSchema>
<sourceObjName>T_UNIDADMEDIDAS</sourceObjName>
<createdBy>kescobar</createdBy>
<createdTime>2015-04-21 15:58:36 UTC</createdTime>
<generatorID>Generado por el Usuario</generatorID>
<ownerDesignName>diseno datamodeler 21-4-15</ownerDesignName>
<schemaObject>BC8BCB6E-3D5F-3E0A-0851-B4733B08DF0E</schemaObject>
<allowColumnReorder>false</allowColumnReorder>
<existDependencyGenerateInDDl>true</existDependencyGenerateInDDl>
<columns itemClass="oracle.dbtools.crest.model.design.relational.Column">
<Column name="CODIGO" id="4546AD6E-C7F0-AAFA-C636-58A438C1B905">
<sourceConnName>oraserveri</sourceConnName>
<sourceObjSchema>T_UNIDADMEDIDAS</sourceObjSchema>
<sourceObjName>CODIGO</sourceObjName>
<createdBy>kescobar</createdBy>
<createdTime>2015-04-21 15:58:37 UTC</createdTime>
<generatorID>Generado por el Usuario</generatorID>
<ownerDesignName>diseno datamodeler 21-4-15</ownerDesignName>
<useDomainConstraints>false</useDomainConstraints>
<use>1</use>
<logicalDatatype>LOGDT019</logicalDatatype>
<dataTypePrecision>3</dataTypePrecision>
<autoIncrementColumn>true</autoIncrementColumn>
<identityColumn>true</identityColumn>
<autoIncrementCycle>false</autoIncrementCycle>
</Column>
<Column name="DESCRIPCION" id="6B0C0A03-67DB-01AE-D5B6-63C3062ECC4A">
<sourceConnName>oraserveri</sourceConnName>
<sourceObjSchema>T_UNIDADMEDIDAS</sourceObjSchema>
<sourceObjName>DESCRIPCION</sourceObjName>
<createdBy>kescobar</createdBy>
<createdTime>2015-04-21 15:58:37 UTC</createdTime>
<generatorID>Generado por el Usuario</generatorID>
<ownerDesignName>diseno datamodeler 21-4-15</ownerDesignName>
<useDomainConstraints>false</useDomainConstraints>
<use>1</use>
<logicalDatatype>LOGDT024</logicalDatatype>
<dataTypeSize>40 BYTE</dataTypeSize>
<autoIncrementCycle>false</autoIncrementCycle>
</Column>
</columns>
<indexes itemClass="oracle.dbtools.crest.model.design.relational.Index">
<ind_PK_UK id="DB4E3601-CA8D-481E-1A28-86418CDC4AE3" name="T_UNIDADMEDIDAS_PK">
<sourceConnName>oraserveri</sourceConnName>
<sourceObjSchema>MVIALES</sourceObjSchema>
<sourceObjName>T_UNIDADMEDIDAS_PK</sourceObjName>
<createdBy>kescobar</createdBy>
<createdTime>2015-04-21 15:58:39 UTC</createdTime>
<generatorID>Generado por el Usuario</generatorID>
<ownerDesignName>diseno datamodeler 21-4-15</ownerDesignName>
<pk>true</pk>
<indexState>Primary Constraint</indexState>
<isSurrogateKey>false</isSurrogateKey>
<indexColumnUsage>
<colUsage columnID="4546AD6E-C7F0-AAFA-C636-58A438C1B905"/>
</indexColumnUsage>
</ind_PK_UK>
<ind_PK_UK id="23D7F45C-2F60-6B89-C5C3-31A0AF8098AE" name="T_UNIDADMEDIDAS_PK">
<sourceConnName>oraserveri</sourceConnName>
<sourceObjSchema>MVIALES</sourceObjSchema>
<sourceObjName>T_UNIDADMEDIDAS_PK</sourceObjName>
<createdBy>kescobar</createdBy>
<createdTime>2015-04-21 15:58:37 UTC</createdTime>
<generatorID>Generado por el Usuario</generatorID>
<ownerDesignName>diseno datamodeler 21-4-15</ownerDesignName>
<indexState>Unique Plain Index</indexState>
<schemaObject>BC8BCB6E-3D5F-3E0A-0851-B4733B08DF0E</schemaObject>
<isSurrogateKey>false</isSurrogateKey>
<indexColumnUsage>
<colUsage columnID="4546AD6E-C7F0-AAFA-C636-58A438C1B905"/>
</indexColumnUsage>
</ind_PK_UK>
</indexes>
</Table>