<?xml version = '1.0' encoding = 'UTF-8'?>
<Table class="oracle.dbtools.crest.model.design.relational.Table" directorySegmentName="seg_0" id="96A6C8F8-DB55-7EE2-6EBE-38A50EE7B17E" name="T_ARTICULOS">
<sourceConnName>oraserveri</sourceConnName>
<sourceObjSchema>MVIALES</sourceObjSchema>
<sourceObjName>T_ARTICULOS</sourceObjName>
<createdBy>kescobar</createdBy>
<createdTime>2015-04-21 15:58:36 UTC</createdTime>
<generatorID>Generado por el Usuario</generatorID>
<ownerDesignName>diseno datamodeler 21-4-15</ownerDesignName>
<schemaObject>BC8BCB6E-3D5F-3E0A-0851-B4733B08DF0E</schemaObject>
<allowColumnReorder>false</allowColumnReorder>
<existDependencyGenerateInDDl>true</existDependencyGenerateInDDl>
<columns itemClass="oracle.dbtools.crest.model.design.relational.Column">
<Column name="CODIGO" id="B73BBC11-FFA5-B560-D575-C60CE9EC4E27">
<sourceConnName>oraserveri</sourceConnName>
<sourceObjSchema>T_ARTICULOS</sourceObjSchema>
<sourceObjName>CODIGO</sourceObjName>
<createdBy>kescobar</createdBy>
<createdTime>2015-04-21 15:58:37 UTC</createdTime>
<generatorID>Generado por el Usuario</generatorID>
<ownerDesignName>diseno datamodeler 21-4-15</ownerDesignName>
<useDomainConstraints>false</useDomainConstraints>
<use>1</use>
<logicalDatatype>LOGDT024</logicalDatatype>
<dataTypeSize>20 BYTE</dataTypeSize>
<autoIncrementCycle>false</autoIncrementCycle>
</Column>
<Column name="DESCRIPCION" id="702AC228-DA5C-99A1-1AD1-FDA75848C1F3">
<sourceConnName>oraserveri</sourceConnName>
<sourceObjSchema>T_ARTICULOS</sourceObjSchema>
<sourceObjName>DESCRIPCION</sourceObjName>
<createdBy>kescobar</createdBy>
<createdTime>2015-04-21 15:58:37 UTC</createdTime>
<generatorID>Generado por el Usuario</generatorID>
<ownerDesignName>diseno datamodeler 21-4-15</ownerDesignName>
<useDomainConstraints>false</useDomainConstraints>
<use>1</use>
<logicalDatatype>LOGDT024</logicalDatatype>
<dataTypeSize>40 BYTE</dataTypeSize>
<autoIncrementCycle>false</autoIncrementCycle>
</Column>
<Column name="UNDMEDIDA" id="839800D1-9367-5B78-4A11-964C3E7A73FA">
<sourceConnName>oraserveri</sourceConnName>
<sourceObjSchema>T_ARTICULOS</sourceObjSchema>
<sourceObjName>UNDMEDIDA</sourceObjName>
<createdBy>kescobar</createdBy>
<createdTime>2015-04-21 15:58:37 UTC</createdTime>
<generatorID>Generado por el Usuario</generatorID>
<ownerDesignName>diseno datamodeler 21-4-15</ownerDesignName>
<useDomainConstraints>false</useDomainConstraints>
<use>1</use>
<logicalDatatype>LOGDT019</logicalDatatype>
<dataTypePrecision>3</dataTypePrecision>
<delegate>4546AD6E-C7F0-AAFA-C636-58A438C1B905</delegate>
<autoIncrementCycle>false</autoIncrementCycle>
<associations>
<colAssociation fkAssociation="20210098-D357-ECDF-7087-44E51203A50C" referredColumn="4546AD6E-C7F0-AAFA-C636-58A438C1B905"/>
</associations>
</Column>
<Column name="CODMARCA" id="87DD07EB-93F0-FC16-434C-2973AC1780C2">
<sourceConnName>oraserveri</sourceConnName>
<sourceObjSchema>T_ARTICULOS</sourceObjSchema>
<sourceObjName>CODMARCA</sourceObjName>
<createdBy>kescobar</createdBy>
<createdTime>2015-04-21 15:58:37 UTC</createdTime>
<generatorID>Generado por el Usuario</generatorID>
<ownerDesignName>diseno datamodeler 21-4-15</ownerDesignName>
<useDomainConstraints>false</useDomainConstraints>
<use>1</use>
<logicalDatatype>LOGDT019</logicalDatatype>
<dataTypePrecision>3</dataTypePrecision>
<delegate>C8A2A8BE-74D8-7293-A427-FEC3845466A2</delegate>
<autoIncrementCycle>false</autoIncrementCycle>
<associations>
<colAssociation fkAssociation="8A26165D-FF7B-D6BE-7487-A29FE76557E5" referredColumn="C8A2A8BE-74D8-7293-A427-FEC3845466A2"/>
</associations>
</Column>
<Column name="MODELO" id="D53FBA8E-5CDB-A800-2C46-CA39E9553500">
<sourceConnName>oraserveri</sourceConnName>
<sourceObjSchema>T_ARTICULOS</sourceObjSchema>
<sourceObjName>MODELO</sourceObjName>
<createdBy>kescobar</createdBy>
<createdTime>2015-04-21 15:58:37 UTC</createdTime>
<generatorID>Generado por el Usuario</generatorID>
<ownerDesignName>diseno datamodeler 21-4-15</ownerDesignName>
<useDomainConstraints>false</useDomainConstraints>
<use>1</use>
<logicalDatatype>LOGDT024</logicalDatatype>
<dataTypeSize>15 BYTE</dataTypeSize>
<autoIncrementCycle>false</autoIncrementCycle>
</Column>
<Column name="FECREGISTRO" id="034219A2-E463-2CDC-FB53-7FA191455A15">
<sourceConnName>oraserveri</sourceConnName>
<sourceObjSchema>T_ARTICULOS</sourceObjSchema>
<sourceObjName>FECREGISTRO</sourceObjName>
<createdBy>kescobar</createdBy>
<createdTime>2015-04-21 15:58:37 UTC</createdTime>
<generatorID>Generado por el Usuario</generatorID>
<ownerDesignName>diseno datamodeler 21-4-15</ownerDesignName>
<useDomainConstraints>false</useDomainConstraints>
<use>1</use>
<logicalDatatype>LOGDT007</logicalDatatype>
<dataTypeSize>7</dataTypeSize>
<autoIncrementCycle>false</autoIncrementCycle>
</Column>
<Column name="CODFAMILIA" id="0A95BBDC-75F7-12ED-62F9-81D563814A6A">
<sourceConnName>oraserveri</sourceConnName>
<sourceObjSchema>T_ARTICULOS</sourceObjSchema>
<sourceObjName>CODFAMILIA</sourceObjName>
<createdBy>kescobar</createdBy>
<createdTime>2015-04-21 15:58:37 UTC</createdTime>
<generatorID>Generado por el Usuario</generatorID>
<ownerDesignName>diseno datamodeler 21-4-15</ownerDesignName>
<useDomainConstraints>false</useDomainConstraints>
<use>1</use>
<logicalDatatype>LOGDT019</logicalDatatype>
<dataTypePrecision>3</dataTypePrecision>
<delegate>DA0E03FD-38C7-EEF4-1694-FB3EB691F89D</delegate>
<autoIncrementCycle>false</autoIncrementCycle>
<associations>
<colAssociation fkAssociation="ED45E523-6D14-870F-90B0-BD326866E5EE" referredColumn="DA0E03FD-38C7-EEF4-1694-FB3EB691F89D"/>
</associations>
</Column>
<Column name="CODESTARTICULO" id="3619EBEC-6F83-1730-1D7D-A670056E968B">
<sourceConnName>oraserveri</sourceConnName>
<sourceObjSchema>T_ARTICULOS</sourceObjSchema>
<sourceObjName>CODESTARTICULO</sourceObjName>
<createdBy>kescobar</createdBy>
<createdTime>2015-04-21 15:58:37 UTC</createdTime>
<generatorID>Generado por el Usuario</generatorID>
<ownerDesignName>diseno datamodeler 21-4-15</ownerDesignName>
<useDomainConstraints>false</useDomainConstraints>
<use>1</use>
<logicalDatatype>LOGDT019</logicalDatatype>
<dataTypePrecision>3</dataTypePrecision>
<delegate>0676C72E-D716-01BE-3808-E993F78963C2</delegate>
<autoIncrementCycle>false</autoIncrementCycle>
<associations>
<colAssociation fkAssociation="881CAE09-DE78-1A15-16CE-128060FD26E7" referredColumn="0676C72E-D716-01BE-3808-E993F78963C2"/>
</associations>
</Column>
<Column name="CODUSERREGISTRO" id="2AC3EB7D-DC38-FBB1-F29F-A98EDD7DBFEA">
<sourceConnName>oraserveri</sourceConnName>
<sourceObjSchema>T_ARTICULOS</sourceObjSchema>
<sourceObjName>CODUSERREGISTRO</sourceObjName>
<createdBy>kescobar</createdBy>
<createdTime>2015-04-21 15:58:37 UTC</createdTime>
<generatorID>Generado por el Usuario</generatorID>
<ownerDesignName>diseno datamodeler 21-4-15</ownerDesignName>
<useDomainConstraints>false</useDomainConstraints>
<use>1</use>
<logicalDatatype>LOGDT024</logicalDatatype>
<dataTypeSize>10 BYTE</dataTypeSize>
<delegate>8A4C0814-3177-5A3E-D35D-F426CC7A82A9</delegate>
<autoIncrementCycle>false</autoIncrementCycle>
<associations>
<colAssociation fkAssociation="D0FC31CE-5EE0-61E7-AD01-7540CA1586FB" referredColumn="8A4C0814-3177-5A3E-D35D-F426CC7A82A9"/>
</associations>
</Column>
<Column name="CANTIDAD" id="53291BA4-2E5B-A0BE-981F-C96802CE49BB">
<sourceConnName>oraserveri</sourceConnName>
<sourceObjSchema>T_ARTICULOS</sourceObjSchema>
<sourceObjName>CANTIDAD</sourceObjName>
<createdBy>kescobar</createdBy>
<createdTime>2015-04-21 15:58:37 UTC</createdTime>
<generatorID>Generado por el Usuario</generatorID>
<ownerDesignName>diseno datamodeler 21-4-15</ownerDesignName>
<useDomainConstraints>false</useDomainConstraints>
<use>1</use>
<logicalDatatype>LOGDT019</logicalDatatype>
<dataTypePrecision>10</dataTypePrecision>
<autoIncrementCycle>false</autoIncrementCycle>
</Column>
<Column name="CANTMAXIMA" id="CA757F4C-43CD-76E2-EDEB-D070EF26C4B8">
<sourceConnName>oraserveri</sourceConnName>
<sourceObjSchema>T_ARTICULOS</sourceObjSchema>
<sourceObjName>CANTMAXIMA</sourceObjName>
<createdBy>kescobar</createdBy>
<createdTime>2015-04-21 15:58:37 UTC</createdTime>
<generatorID>Generado por el Usuario</generatorID>
<ownerDesignName>diseno datamodeler 21-4-15</ownerDesignName>
<useDomainConstraints>false</useDomainConstraints>
<use>1</use>
<logicalDatatype>LOGDT019</logicalDatatype>
<dataTypePrecision>10</dataTypePrecision>
<autoIncrementCycle>false</autoIncrementCycle>
</Column>
<Column name="CANTMINIMA" id="B72F26C8-6C2F-E1DE-347C-EEB8A5237CC6">
<sourceConnName>oraserveri</sourceConnName>
<sourceObjSchema>T_ARTICULOS</sourceObjSchema>
<sourceObjName>CANTMINIMA</sourceObjName>
<createdBy>kescobar</createdBy>
<createdTime>2015-04-21 15:58:37 UTC</createdTime>
<generatorID>Generado por el Usuario</generatorID>
<ownerDesignName>diseno datamodeler 21-4-15</ownerDesignName>
<useDomainConstraints>false</useDomainConstraints>
<use>1</use>
<logicalDatatype>LOGDT019</logicalDatatype>
<dataTypePrecision>10</dataTypePrecision>
<autoIncrementCycle>false</autoIncrementCycle>
</Column>
<Column name="PRECIOMERCDOLARES" id="21406B63-ED8A-A2E9-E50D-90F5B6EE0417">
<sourceConnName>oraserveri</sourceConnName>
<sourceObjSchema>T_ARTICULOS</sourceObjSchema>
<sourceObjName>PRECIOMERCDOLARES</sourceObjName>
<createdBy>kescobar</createdBy>
<createdTime>2015-04-21 15:58:37 UTC</createdTime>
<generatorID>Generado por el Usuario</generatorID>
<ownerDesignName>diseno datamodeler 21-4-15</ownerDesignName>
<useDomainConstraints>false</useDomainConstraints>
<use>1</use>
<logicalDatatype>LOGDT019</logicalDatatype>
<dataTypePrecision>17</dataTypePrecision>
<dataTypeScale>2</dataTypeScale>
<autoIncrementCycle>false</autoIncrementCycle>
</Column>
<Column name="FECHAACTPRECIO" id="F523DBF0-5C40-2C61-FCB7-6DA6CBF87391">
<sourceConnName>oraserveri</sourceConnName>
<sourceObjSchema>T_ARTICULOS</sourceObjSchema>
<sourceObjName>FECHAACTPRECIO</sourceObjName>
<createdBy>kescobar</createdBy>
<createdTime>2015-04-21 15:58:37 UTC</createdTime>
<generatorID>Generado por el Usuario</generatorID>
<ownerDesignName>diseno datamodeler 21-4-15</ownerDesignName>
<useDomainConstraints>false</useDomainConstraints>
<use>1</use>
<logicalDatatype>LOGDT007</logicalDatatype>
<dataTypeSize>7</dataTypeSize>
<autoIncrementCycle>false</autoIncrementCycle>
</Column>
</columns>
<indexes itemClass="oracle.dbtools.crest.model.design.relational.Index">
<ind_PK_UK id="3E2D4A4B-8F13-6AD7-46A4-C3EDF1733AB4" name="T_ARTICULOS_PK">
<sourceConnName>oraserveri</sourceConnName>
<sourceObjSchema>MVIALES</sourceObjSchema>
<sourceObjName>T_ARTICULOS_PK</sourceObjName>
<createdBy>kescobar</createdBy>
<createdTime>2015-04-21 15:58:38 UTC</createdTime>
<generatorID>Generado por el Usuario</generatorID>
<ownerDesignName>diseno datamodeler 21-4-15</ownerDesignName>
<pk>true</pk>
<indexState>Primary Constraint</indexState>
<isSurrogateKey>false</isSurrogateKey>
<indexColumnUsage>
<colUsage columnID="B73BBC11-FFA5-B560-D575-C60CE9EC4E27"/>
</indexColumnUsage>
</ind_PK_UK>
<ind_PK_UK id="4C10B0D1-84D2-0144-13EB-26EED252895B" name="T_ARTICULOS_PK">
<sourceConnName>oraserveri</sourceConnName>
<sourceObjSchema>MVIALES</sourceObjSchema>
<sourceObjName>T_ARTICULOS_PK</sourceObjName>
<createdBy>kescobar</createdBy>
<createdTime>2015-04-21 15:58:37 UTC</createdTime>
<generatorID>Generado por el Usuario</generatorID>
<ownerDesignName>diseno datamodeler 21-4-15</ownerDesignName>
<indexState>Unique Plain Index</indexState>
<schemaObject>BC8BCB6E-3D5F-3E0A-0851-B4733B08DF0E</schemaObject>
<isSurrogateKey>false</isSurrogateKey>
<indexColumnUsage>
<colUsage columnID="B73BBC11-FFA5-B560-D575-C60CE9EC4E27"/>
</indexColumnUsage>
</ind_PK_UK>
<ind_PK_UK id="D5AD4776-B2BB-9CD9-56C3-27E864553B9F" name="FKT_ARTICULO570863">
<createdBy>kescobar</createdBy>
<createdTime>2015-04-21 15:58:40 UTC</createdTime>
<generatorID>Generado por el Usuario</generatorID>
<ownerDesignName>diseno datamodeler 21-4-15</ownerDesignName>
<indexState>Foreign Key</indexState>
<isSurrogateKey>false</isSurrogateKey>
<indexColumnUsage>
<colUsage columnID="839800D1-9367-5B78-4A11-964C3E7A73FA"/>
</indexColumnUsage>
</ind_PK_UK>
<ind_PK_UK id="BE5E8F23-7618-654F-D215-00B2A802DF19" name="FKT_ARTICULO578076">
<createdBy>kescobar</createdBy>
<createdTime>2015-04-21 15:58:40 UTC</createdTime>
<generatorID>Generado por el Usuario</generatorID>
<ownerDesignName>diseno datamodeler 21-4-15</ownerDesignName>
<indexState>Foreign Key</indexState>
<isSurrogateKey>false</isSurrogateKey>
<indexColumnUsage>
<colUsage columnID="2AC3EB7D-DC38-FBB1-F29F-A98EDD7DBFEA"/>
</indexColumnUsage>
</ind_PK_UK>
<ind_PK_UK id="8591C981-EF5D-8FDD-8948-EB8F64A6D170" name="FKT_ARTICULO840016">
<createdBy>kescobar</createdBy>
<createdTime>2015-04-21 15:58:40 UTC</createdTime>
<generatorID>Generado por el Usuario</generatorID>
<ownerDesignName>diseno datamodeler 21-4-15</ownerDesignName>
<indexState>Foreign Key</indexState>
<isSurrogateKey>false</isSurrogateKey>
<indexColumnUsage>
<colUsage columnID="3619EBEC-6F83-1730-1D7D-A670056E968B"/>
</indexColumnUsage>
</ind_PK_UK>
<ind_PK_UK id="F45E7483-4B6F-5F9F-65AB-2FE844254488" name="FKT_ARTICULO848891">
<createdBy>kescobar</createdBy>
<createdTime>2015-04-21 15:58:40 UTC</createdTime>
<generatorID>Generado por el Usuario</generatorID>
<ownerDesignName>diseno datamodeler 21-4-15</ownerDesignName>
<indexState>Foreign Key</indexState>
<isSurrogateKey>false</isSurrogateKey>
<indexColumnUsage>
<colUsage columnID="87DD07EB-93F0-FC16-434C-2973AC1780C2"/>
</indexColumnUsage>
</ind_PK_UK>
<ind_PK_UK id="FAE41D13-B0B5-056F-B563-CFBCB37B0ABB" name="FKT_ARTICULO904486">
<createdBy>kescobar</createdBy>
<createdTime>2015-04-21 15:58:40 UTC</createdTime>
<generatorID>Generado por el Usuario</generatorID>
<ownerDesignName>diseno datamodeler 21-4-15</ownerDesignName>
<indexState>Foreign Key</indexState>
<isSurrogateKey>false</isSurrogateKey>
<indexColumnUsage>
<colUsage columnID="0A95BBDC-75F7-12ED-62F9-81D563814A6A"/>
</indexColumnUsage>
</ind_PK_UK>
</indexes>
</Table>