<?xml version = '1.0' encoding = 'UTF-8'?>
<Table class="oracle.dbtools.crest.model.design.relational.Table" directorySegmentName="seg_0" id="9BDF8549-3147-28DE-3F59-AFFE5DF2F15F" name="T_LISTAPRECIOXARTICULOS">
<sourceConnName>oraserveri</sourceConnName>
<sourceObjSchema>MVIALES</sourceObjSchema>
<sourceObjName>T_LISTAPRECIOXARTICULOS</sourceObjName>
<createdBy>kescobar</createdBy>
<createdTime>2015-04-21 15:58:36 UTC</createdTime>
<generatorID>Generado por el Usuario</generatorID>
<ownerDesignName>diseno datamodeler 21-4-15</ownerDesignName>
<schemaObject>BC8BCB6E-3D5F-3E0A-0851-B4733B08DF0E</schemaObject>
<allowColumnReorder>false</allowColumnReorder>
<existDependencyGenerateInDDl>true</existDependencyGenerateInDDl>
<columns itemClass="oracle.dbtools.crest.model.design.relational.Column">
<Column name="CODLISTAPRECIO" id="6E9F433C-4827-0D18-2864-19F3BAD3C6F5">
<sourceConnName>oraserveri</sourceConnName>
<sourceObjSchema>T_LISTAPRECIOXARTICULOS</sourceObjSchema>
<sourceObjName>CODLISTAPRECIO</sourceObjName>
<createdBy>kescobar</createdBy>
<createdTime>2015-04-21 15:58:37 UTC</createdTime>
<generatorID>Generado por el Usuario</generatorID>
<ownerDesignName>diseno datamodeler 21-4-15</ownerDesignName>
<useDomainConstraints>false</useDomainConstraints>
<use>1</use>
<logicalDatatype>LOGDT019</logicalDatatype>
<dataTypePrecision>3</dataTypePrecision>
<delegate>2692B9D4-C218-4F99-EA7E-F596D62E696C</delegate>
<autoIncrementCycle>false</autoIncrementCycle>
<associations>
<colAssociation fkAssociation="91D89832-C812-0D54-12A3-9EA4EC3B1647" referredColumn="2692B9D4-C218-4F99-EA7E-F596D62E696C"/>
</associations>
</Column>
<Column name="CODARTICULO" id="E606BA90-1ACB-EA0D-5D4A-7BB8C0D81659">
<sourceConnName>oraserveri</sourceConnName>
<sourceObjSchema>T_LISTAPRECIOXARTICULOS</sourceObjSchema>
<sourceObjName>CODARTICULO</sourceObjName>
<createdBy>kescobar</createdBy>
<createdTime>2015-04-21 15:58:37 UTC</createdTime>
<generatorID>Generado por el Usuario</generatorID>
<ownerDesignName>diseno datamodeler 21-4-15</ownerDesignName>
<useDomainConstraints>false</useDomainConstraints>
<use>1</use>
<logicalDatatype>LOGDT024</logicalDatatype>
<dataTypeSize>20 BYTE</dataTypeSize>
<delegate>B73BBC11-FFA5-B560-D575-C60CE9EC4E27</delegate>
<autoIncrementCycle>false</autoIncrementCycle>
<associations>
<colAssociation fkAssociation="3B9546C5-B988-53EF-C00C-000CA7D5358E" referredColumn="B73BBC11-FFA5-B560-D575-C60CE9EC4E27"/>
</associations>
</Column>
</columns>
<indexes itemClass="oracle.dbtools.crest.model.design.relational.Index">
<ind_PK_UK id="8A1D37F0-6043-45F9-A902-885BC989CFF1" name="T_LISTAPRECIOXARTICULOS_PK">
<sourceConnName>oraserveri</sourceConnName>
<sourceObjSchema>MVIALES</sourceObjSchema>
<sourceObjName>T_LISTAPRECIOXARTICULOS_PK</sourceObjName>
<createdBy>kescobar</createdBy>
<createdTime>2015-04-21 15:58:39 UTC</createdTime>
<generatorID>Generado por el Usuario</generatorID>
<ownerDesignName>diseno datamodeler 21-4-15</ownerDesignName>
<pk>true</pk>
<indexState>Primary Constraint</indexState>
<isSurrogateKey>false</isSurrogateKey>
<indexColumnUsage>
<colUsage columnID="6E9F433C-4827-0D18-2864-19F3BAD3C6F5"/>
<colUsage columnID="E606BA90-1ACB-EA0D-5D4A-7BB8C0D81659"/>
</indexColumnUsage>
</ind_PK_UK>
<ind_PK_UK id="BB448C5F-DF15-CFEA-5F28-B7E9D06B3ECA" name="T_LISTAPRECIOXARTICULOS_PK">
<sourceConnName>oraserveri</sourceConnName>
<sourceObjSchema>MVIALES</sourceObjSchema>
<sourceObjName>T_LISTAPRECIOXARTICULOS_PK</sourceObjName>
<createdBy>kescobar</createdBy>
<createdTime>2015-04-21 15:58:37 UTC</createdTime>
<generatorID>Generado por el Usuario</generatorID>
<ownerDesignName>diseno datamodeler 21-4-15</ownerDesignName>
<indexState>Unique Plain Index</indexState>
<schemaObject>BC8BCB6E-3D5F-3E0A-0851-B4733B08DF0E</schemaObject>
<isSurrogateKey>false</isSurrogateKey>
<indexColumnUsage>
<colUsage columnID="6E9F433C-4827-0D18-2864-19F3BAD3C6F5"/>
<colUsage columnID="E606BA90-1ACB-EA0D-5D4A-7BB8C0D81659"/>
</indexColumnUsage>
</ind_PK_UK>
<ind_PK_UK id="71888BD9-670F-87B1-2712-3FC972BFCD64" name="FKT_LISTAPRE160880">
<createdBy>kescobar</createdBy>
<createdTime>2015-04-21 15:58:40 UTC</createdTime>
<generatorID>Generado por el Usuario</generatorID>
<ownerDesignName>diseno datamodeler 21-4-15</ownerDesignName>
<indexState>Foreign Key</indexState>
<isSurrogateKey>false</isSurrogateKey>
<indexColumnUsage>
<colUsage columnID="E606BA90-1ACB-EA0D-5D4A-7BB8C0D81659"/>
</indexColumnUsage>
</ind_PK_UK>
<ind_PK_UK id="CD5761B9-3149-FB68-8D7B-DB604620B4A3" name="FKT_LISTAPRE78013">
<createdBy>kescobar</createdBy>
<createdTime>2015-04-21 15:58:40 UTC</createdTime>
<generatorID>Generado por el Usuario</generatorID>
<ownerDesignName>diseno datamodeler 21-4-15</ownerDesignName>
<indexState>Foreign Key</indexState>
<isSurrogateKey>false</isSurrogateKey>
<indexColumnUsage>
<colUsage columnID="6E9F433C-4827-0D18-2864-19F3BAD3C6F5"/>
</indexColumnUsage>
</ind_PK_UK>
</indexes>
</Table>