<?xml version = '1.0' encoding = 'UTF-8'?>
<Table class="oracle.dbtools.crest.model.design.relational.Table" directorySegmentName="seg_0" id="A1FD44F2-C206-3669-B425-76A5CC384230" name="T_LINEASFACTURACOMPRAS">
<sourceConnName>oraserveri</sourceConnName>
<sourceObjSchema>MVIALES</sourceObjSchema>
<sourceObjName>T_LINEASFACTURACOMPRAS</sourceObjName>
<createdBy>kescobar</createdBy>
<createdTime>2015-04-21 15:58:36 UTC</createdTime>
<generatorID>Generado por el Usuario</generatorID>
<ownerDesignName>diseno datamodeler 21-4-15</ownerDesignName>
<schemaObject>BC8BCB6E-3D5F-3E0A-0851-B4733B08DF0E</schemaObject>
<allowColumnReorder>false</allowColumnReorder>
<existDependencyGenerateInDDl>true</existDependencyGenerateInDDl>
<columns itemClass="oracle.dbtools.crest.model.design.relational.Column">
<Column name="CODFACTURA" id="A7829F18-8612-4427-7C17-0E7AE8F09289">
<sourceConnName>oraserveri</sourceConnName>
<sourceObjSchema>T_LINEASFACTURACOMPRAS</sourceObjSchema>
<sourceObjName>CODFACTURA</sourceObjName>
<createdBy>kescobar</createdBy>
<createdTime>2015-04-21 15:58:37 UTC</createdTime>
<generatorID>Generado por el Usuario</generatorID>
<ownerDesignName>diseno datamodeler 21-4-15</ownerDesignName>
<useDomainConstraints>false</useDomainConstraints>
<use>1</use>
<logicalDatatype>LOGDT019</logicalDatatype>
<dataTypePrecision>10</dataTypePrecision>
<delegate>3CCF87FB-EA95-E5AE-3E1F-979D567A867B</delegate>
<autoIncrementCycle>false</autoIncrementCycle>
<associations>
<colAssociation fkAssociation="62C271F7-01AD-140B-900E-E57CD9736C2E" referredColumn="3CCF87FB-EA95-E5AE-3E1F-979D567A867B"/>
</associations>
</Column>
<Column name="CODARTICULO" id="3022F930-8DE9-7823-53C1-5C889A136118">
<sourceConnName>oraserveri</sourceConnName>
<sourceObjSchema>T_LINEASFACTURACOMPRAS</sourceObjSchema>
<sourceObjName>CODARTICULO</sourceObjName>
<createdBy>kescobar</createdBy>
<createdTime>2015-04-21 15:58:37 UTC</createdTime>
<generatorID>Generado por el Usuario</generatorID>
<ownerDesignName>diseno datamodeler 21-4-15</ownerDesignName>
<useDomainConstraints>false</useDomainConstraints>
<use>1</use>
<logicalDatatype>LOGDT024</logicalDatatype>
<dataTypeSize>20 BYTE</dataTypeSize>
<delegate>B73BBC11-FFA5-B560-D575-C60CE9EC4E27</delegate>
<autoIncrementCycle>false</autoIncrementCycle>
<associations>
<colAssociation fkAssociation="78A94756-9C7B-9E1C-212B-8123869909F7" referredColumn="B73BBC11-FFA5-B560-D575-C60CE9EC4E27"/>
</associations>
</Column>
<Column name="PRECIODOLARES" id="B7C24C20-3959-C354-915B-2E6E04FA4493">
<sourceConnName>oraserveri</sourceConnName>
<sourceObjSchema>T_LINEASFACTURACOMPRAS</sourceObjSchema>
<sourceObjName>PRECIODOLARES</sourceObjName>
<createdBy>kescobar</createdBy>
<createdTime>2015-04-21 15:58:37 UTC</createdTime>
<generatorID>Generado por el Usuario</generatorID>
<ownerDesignName>diseno datamodeler 21-4-15</ownerDesignName>
<useDomainConstraints>false</useDomainConstraints>
<use>1</use>
<logicalDatatype>LOGDT019</logicalDatatype>
<dataTypePrecision>17</dataTypePrecision>
<dataTypeScale>2</dataTypeScale>
<autoIncrementCycle>false</autoIncrementCycle>
</Column>
<Column name="CANTIDAD" id="A6EB42CD-7771-FE43-E5FF-967C62AF32D0">
<sourceConnName>oraserveri</sourceConnName>
<sourceObjSchema>T_LINEASFACTURACOMPRAS</sourceObjSchema>
<sourceObjName>CANTIDAD</sourceObjName>
<createdBy>kescobar</createdBy>
<createdTime>2015-04-21 15:58:37 UTC</createdTime>
<generatorID>Generado por el Usuario</generatorID>
<ownerDesignName>diseno datamodeler 21-4-15</ownerDesignName>
<useDomainConstraints>false</useDomainConstraints>
<use>1</use>
<logicalDatatype>LOGDT019</logicalDatatype>
<dataTypePrecision>10</dataTypePrecision>
<autoIncrementCycle>false</autoIncrementCycle>
</Column>
</columns>
<indexes itemClass="oracle.dbtools.crest.model.design.relational.Index">
<ind_PK_UK id="EBDD3DA0-F05D-4C59-A6C3-690617319248" name="T_LINEASFACTURACOMPRAS_PK">
<sourceConnName>oraserveri</sourceConnName>
<sourceObjSchema>MVIALES</sourceObjSchema>
<sourceObjName>T_LINEASFACTURACOMPRAS_PK</sourceObjName>
<createdBy>kescobar</createdBy>
<createdTime>2015-04-21 15:58:38 UTC</createdTime>
<generatorID>Generado por el Usuario</generatorID>
<ownerDesignName>diseno datamodeler 21-4-15</ownerDesignName>
<pk>true</pk>
<indexState>Primary Constraint</indexState>
<isSurrogateKey>false</isSurrogateKey>
<indexColumnUsage>
<colUsage columnID="A7829F18-8612-4427-7C17-0E7AE8F09289"/>
<colUsage columnID="3022F930-8DE9-7823-53C1-5C889A136118"/>
</indexColumnUsage>
</ind_PK_UK>
<ind_PK_UK id="83C31C15-8172-407C-F5FC-FAD792AB57AA" name="T_LINEASFACTURACOMPRAS_PK">
<sourceConnName>oraserveri</sourceConnName>
<sourceObjSchema>MVIALES</sourceObjSchema>
<sourceObjName>T_LINEASFACTURACOMPRAS_PK</sourceObjName>
<createdBy>kescobar</createdBy>
<createdTime>2015-04-21 15:58:37 UTC</createdTime>
<generatorID>Generado por el Usuario</generatorID>
<ownerDesignName>diseno datamodeler 21-4-15</ownerDesignName>
<indexState>Unique Plain Index</indexState>
<schemaObject>BC8BCB6E-3D5F-3E0A-0851-B4733B08DF0E</schemaObject>
<isSurrogateKey>false</isSurrogateKey>
<indexColumnUsage>
<colUsage columnID="A7829F18-8612-4427-7C17-0E7AE8F09289"/>
<colUsage columnID="3022F930-8DE9-7823-53C1-5C889A136118"/>
</indexColumnUsage>
</ind_PK_UK>
<ind_PK_UK id="C1D735A7-83A6-0C05-659C-703F47FFF88B" name="FKT_LINEASFA481568">
<createdBy>kescobar</createdBy>
<createdTime>2015-04-21 15:58:40 UTC</createdTime>
<generatorID>Generado por el Usuario</generatorID>
<ownerDesignName>diseno datamodeler 21-4-15</ownerDesignName>
<indexState>Foreign Key</indexState>
<isSurrogateKey>false</isSurrogateKey>
<indexColumnUsage>
<colUsage columnID="3022F930-8DE9-7823-53C1-5C889A136118"/>
</indexColumnUsage>
</ind_PK_UK>
<ind_PK_UK id="8C53D509-69D7-A6C6-EF12-1E37034038E3" name="FKT_LINEASFA50873">
<createdBy>kescobar</createdBy>
<createdTime>2015-04-21 15:58:40 UTC</createdTime>
<generatorID>Generado por el Usuario</generatorID>
<ownerDesignName>diseno datamodeler 21-4-15</ownerDesignName>
<indexState>Foreign Key</indexState>
<isSurrogateKey>false</isSurrogateKey>
<indexColumnUsage>
<colUsage columnID="A7829F18-8612-4427-7C17-0E7AE8F09289"/>
</indexColumnUsage>
</ind_PK_UK>
</indexes>
</Table>