<?xml version = '1.0' encoding = 'UTF-8'?>
<Table class="oracle.dbtools.crest.model.design.relational.Table" directorySegmentName="seg_0" id="D09AD7D0-E743-2A9C-03D1-811B6678E64F" name="T_BITACORA">
<sourceConnName>oraserveri</sourceConnName>
<sourceObjSchema>MVIALES</sourceObjSchema>
<sourceObjName>T_BITACORA</sourceObjName>
<createdBy>kescobar</createdBy>
<createdTime>2015-04-21 15:58:36 UTC</createdTime>
<generatorID>Generado por el Usuario</generatorID>
<ownerDesignName>diseno datamodeler 21-4-15</ownerDesignName>
<schemaObject>BC8BCB6E-3D5F-3E0A-0851-B4733B08DF0E</schemaObject>
<allowColumnReorder>false</allowColumnReorder>
<existDependencyGenerateInDDl>true</existDependencyGenerateInDDl>
<columns itemClass="oracle.dbtools.crest.model.design.relational.Column">
<Column name="CODIGO" id="8202F4DC-7425-604E-F42A-F25C1DE9B128">
<sourceConnName>oraserveri</sourceConnName>
<sourceObjSchema>T_BITACORA</sourceObjSchema>
<sourceObjName>CODIGO</sourceObjName>
<createdBy>kescobar</createdBy>
<createdTime>2015-04-21 15:58:37 UTC</createdTime>
<generatorID>Generado por el Usuario</generatorID>
<ownerDesignName>diseno datamodeler 21-4-15</ownerDesignName>
<useDomainConstraints>false</useDomainConstraints>
<use>1</use>
<logicalDatatype>LOGDT019</logicalDatatype>
<dataTypePrecision>10</dataTypePrecision>
<autoIncrementColumn>true</autoIncrementColumn>
<identityColumn>true</identityColumn>
<autoIncrementCycle>false</autoIncrementCycle>
</Column>
<Column name="CODUSER" id="CA2C46D1-D2F3-E2FB-7087-2027A2407133">
<sourceConnName>oraserveri</sourceConnName>
<sourceObjSchema>T_BITACORA</sourceObjSchema>
<sourceObjName>CODUSER</sourceObjName>
<createdBy>kescobar</createdBy>
<createdTime>2015-04-21 15:58:37 UTC</createdTime>
<generatorID>Generado por el Usuario</generatorID>
<ownerDesignName>diseno datamodeler 21-4-15</ownerDesignName>
<useDomainConstraints>false</useDomainConstraints>
<use>1</use>
<logicalDatatype>LOGDT024</logicalDatatype>
<dataTypeSize>10 BYTE</dataTypeSize>
<delegate>8A4C0814-3177-5A3E-D35D-F426CC7A82A9</delegate>
<autoIncrementCycle>false</autoIncrementCycle>
<associations>
<colAssociation fkAssociation="6DC625E5-A6B5-C12B-4385-BEF07D0EE04E" referredColumn="8A4C0814-3177-5A3E-D35D-F426CC7A82A9"/>
</associations>
</Column>
<Column name="CODTIPOERROR" id="F4BD5DC4-7AA5-082B-53C8-FCDDCA3C111E">
<sourceConnName>oraserveri</sourceConnName>
<sourceObjSchema>T_BITACORA</sourceObjSchema>
<sourceObjName>CODTIPOERROR</sourceObjName>
<createdBy>kescobar</createdBy>
<createdTime>2015-04-21 15:58:37 UTC</createdTime>
<generatorID>Generado por el Usuario</generatorID>
<ownerDesignName>diseno datamodeler 21-4-15</ownerDesignName>
<useDomainConstraints>false</useDomainConstraints>
<use>1</use>
<logicalDatatype>LOGDT019</logicalDatatype>
<dataTypePrecision>3</dataTypePrecision>
<delegate>774BEC32-FC05-FE98-AC8C-B27F60E41986</delegate>
<autoIncrementCycle>false</autoIncrementCycle>
<associations>
<colAssociation fkAssociation="D331225E-ED1C-8289-7071-1BE77266316E" referredColumn="774BEC32-FC05-FE98-AC8C-B27F60E41986"/>
</associations>
</Column>
<Column name="FECHAHORA" id="8AB65D6A-F7B6-47C6-3AE0-9BC002087130">
<sourceConnName>oraserveri</sourceConnName>
<sourceObjSchema>T_BITACORA</sourceObjSchema>
<sourceObjName>FECHAHORA</sourceObjName>
<createdBy>kescobar</createdBy>
<createdTime>2015-04-21 15:58:37 UTC</createdTime>
<generatorID>Generado por el Usuario</generatorID>
<ownerDesignName>diseno datamodeler 21-4-15</ownerDesignName>
<useDomainConstraints>false</useDomainConstraints>
<use>1</use>
<logicalDatatype>LOGDT007</logicalDatatype>
<dataTypeSize>7</dataTypeSize>
<autoIncrementCycle>false</autoIncrementCycle>
</Column>
</columns>
<indexes itemClass="oracle.dbtools.crest.model.design.relational.Index">
<ind_PK_UK id="D418F5EE-4C73-3C6A-6096-11FD05921A8D" name="T_BITACORA_PK">
<sourceConnName>oraserveri</sourceConnName>
<sourceObjSchema>MVIALES</sourceObjSchema>
<sourceObjName>T_BITACORA_PK</sourceObjName>
<createdBy>kescobar</createdBy>
<createdTime>2015-04-21 15:58:38 UTC</createdTime>
<generatorID>Generado por el Usuario</generatorID>
<ownerDesignName>diseno datamodeler 21-4-15</ownerDesignName>
<pk>true</pk>
<indexState>Primary Constraint</indexState>
<isSurrogateKey>false</isSurrogateKey>
<indexColumnUsage>
<colUsage columnID="8202F4DC-7425-604E-F42A-F25C1DE9B128"/>
</indexColumnUsage>
</ind_PK_UK>
<ind_PK_UK id="45C0D1DB-802E-4351-FA43-270EA505F128" name="T_BITACORA_PK">
<sourceConnName>oraserveri</sourceConnName>
<sourceObjSchema>MVIALES</sourceObjSchema>
<sourceObjName>T_BITACORA_PK</sourceObjName>
<createdBy>kescobar</createdBy>
<createdTime>2015-04-21 15:58:37 UTC</createdTime>
<generatorID>Generado por el Usuario</generatorID>
<ownerDesignName>diseno datamodeler 21-4-15</ownerDesignName>
<indexState>Unique Plain Index</indexState>
<schemaObject>BC8BCB6E-3D5F-3E0A-0851-B4733B08DF0E</schemaObject>
<isSurrogateKey>false</isSurrogateKey>
<indexColumnUsage>
<colUsage columnID="8202F4DC-7425-604E-F42A-F25C1DE9B128"/>
</indexColumnUsage>
</ind_PK_UK>
<ind_PK_UK id="84B30B5A-98E9-130A-49AD-AA41AFE367BA" name="FKT_BITACORA251134">
<createdBy>kescobar</createdBy>
<createdTime>2015-04-21 15:58:40 UTC</createdTime>
<generatorID>Generado por el Usuario</generatorID>
<ownerDesignName>diseno datamodeler 21-4-15</ownerDesignName>
<indexState>Foreign Key</indexState>
<isSurrogateKey>false</isSurrogateKey>
<indexColumnUsage>
<colUsage columnID="F4BD5DC4-7AA5-082B-53C8-FCDDCA3C111E"/>
</indexColumnUsage>
</ind_PK_UK>
<ind_PK_UK id="E1880890-B689-205E-1ECD-60849B359850" name="FKT_BITACORA84906">
<createdBy>kescobar</createdBy>
<createdTime>2015-04-21 15:58:40 UTC</createdTime>
<generatorID>Generado por el Usuario</generatorID>
<ownerDesignName>diseno datamodeler 21-4-15</ownerDesignName>
<indexState>Foreign Key</indexState>
<isSurrogateKey>false</isSurrogateKey>
<indexColumnUsage>
<colUsage columnID="CA2C46D1-D2F3-E2FB-7087-2027A2407133"/>
</indexColumnUsage>
</ind_PK_UK>
</indexes>
</Table>