<?xml version = '1.0' encoding = 'UTF-8'?>
<Table class="oracle.dbtools.crest.model.design.relational.Table" directorySegmentName="seg_0" id="EA0EB424-E769-FF83-1A4A-A0D149368843" name="T_COTIZACIONES">
<sourceConnName>oraserveri</sourceConnName>
<sourceObjSchema>MVIALES</sourceObjSchema>
<sourceObjName>T_COTIZACIONES</sourceObjName>
<createdBy>kescobar</createdBy>
<createdTime>2015-04-21 15:58:36 UTC</createdTime>
<generatorID>Generado por el Usuario</generatorID>
<ownerDesignName>diseno datamodeler 21-4-15</ownerDesignName>
<schemaObject>BC8BCB6E-3D5F-3E0A-0851-B4733B08DF0E</schemaObject>
<allowColumnReorder>false</allowColumnReorder>
<existDependencyGenerateInDDl>true</existDependencyGenerateInDDl>
<columns itemClass="oracle.dbtools.crest.model.design.relational.Column">
<Column name="NUMERO" id="0D67899F-23A1-6EE2-DF40-B9C5F66EF244">
<sourceConnName>oraserveri</sourceConnName>
<sourceObjSchema>T_COTIZACIONES</sourceObjSchema>
<sourceObjName>NUMERO</sourceObjName>
<createdBy>kescobar</createdBy>
<createdTime>2015-04-21 15:58:37 UTC</createdTime>
<generatorID>Generado por el Usuario</generatorID>
<ownerDesignName>diseno datamodeler 21-4-15</ownerDesignName>
<useDomainConstraints>false</useDomainConstraints>
<use>1</use>
<logicalDatatype>LOGDT019</logicalDatatype>
<dataTypePrecision>10</dataTypePrecision>
<autoIncrementColumn>true</autoIncrementColumn>
<identityColumn>true</identityColumn>
<autoIncrementCycle>false</autoIncrementCycle>
</Column>
<Column name="FECREGISTRO" id="4799CEF5-5497-8B2C-0CD2-A986152DE758">
<sourceConnName>oraserveri</sourceConnName>
<sourceObjSchema>T_COTIZACIONES</sourceObjSchema>
<sourceObjName>FECREGISTRO</sourceObjName>
<createdBy>kescobar</createdBy>
<createdTime>2015-04-21 15:58:37 UTC</createdTime>
<generatorID>Generado por el Usuario</generatorID>
<ownerDesignName>diseno datamodeler 21-4-15</ownerDesignName>
<useDomainConstraints>false</useDomainConstraints>
<use>1</use>
<logicalDatatype>LOGDT007</logicalDatatype>
<dataTypeSize>7</dataTypeSize>
<autoIncrementCycle>false</autoIncrementCycle>
</Column>
<Column name="CEDJURCLIENTE" id="4828E311-213F-68E9-63EF-90584FCAB33C">
<sourceConnName>oraserveri</sourceConnName>
<sourceObjSchema>T_COTIZACIONES</sourceObjSchema>
<sourceObjName>CEDJURCLIENTE</sourceObjName>
<createdBy>kescobar</createdBy>
<createdTime>2015-04-21 15:58:37 UTC</createdTime>
<generatorID>Generado por el Usuario</generatorID>
<ownerDesignName>diseno datamodeler 21-4-15</ownerDesignName>
<useDomainConstraints>false</useDomainConstraints>
<use>1</use>
<logicalDatatype>LOGDT019</logicalDatatype>
<dataTypePrecision>10</dataTypePrecision>
<delegate>C78415D4-2F65-9924-7042-96FF216F4644</delegate>
<autoIncrementCycle>false</autoIncrementCycle>
<associations>
<colAssociation fkAssociation="B307F4E3-DF61-E92E-CC72-51C290ADB48C" referredColumn="C78415D4-2F65-9924-7042-96FF216F4644"/>
</associations>
</Column>
<Column name="CONDICIONPAGO" id="379B8D86-7D0C-7409-DC84-DD18315259AC">
<sourceConnName>oraserveri</sourceConnName>
<sourceObjSchema>T_COTIZACIONES</sourceObjSchema>
<sourceObjName>CONDICIONPAGO</sourceObjName>
<createdBy>kescobar</createdBy>
<createdTime>2015-04-21 15:58:37 UTC</createdTime>
<generatorID>Generado por el Usuario</generatorID>
<ownerDesignName>diseno datamodeler 21-4-15</ownerDesignName>
<useDomainConstraints>false</useDomainConstraints>
<use>1</use>
<logicalDatatype>LOGDT024</logicalDatatype>
<dataTypeSize>60 BYTE</dataTypeSize>
<autoIncrementCycle>false</autoIncrementCycle>
</Column>
<Column name="CONDICIONVENTA" id="872CB858-201D-3C7F-663B-1D5F99F28B79">
<sourceConnName>oraserveri</sourceConnName>
<sourceObjSchema>T_COTIZACIONES</sourceObjSchema>
<sourceObjName>CONDICIONVENTA</sourceObjName>
<createdBy>kescobar</createdBy>
<createdTime>2015-04-21 15:58:37 UTC</createdTime>
<generatorID>Generado por el Usuario</generatorID>
<ownerDesignName>diseno datamodeler 21-4-15</ownerDesignName>
<useDomainConstraints>false</useDomainConstraints>
<use>1</use>
<logicalDatatype>LOGDT024</logicalDatatype>
<dataTypeSize>60 BYTE</dataTypeSize>
<autoIncrementCycle>false</autoIncrementCycle>
</Column>
<Column name="VIGENCIA" id="4A5876F6-3A1C-00C6-E697-C57CA03FFE13">
<sourceConnName>oraserveri</sourceConnName>
<sourceObjSchema>T_COTIZACIONES</sourceObjSchema>
<sourceObjName>VIGENCIA</sourceObjName>
<createdBy>kescobar</createdBy>
<createdTime>2015-04-21 15:58:37 UTC</createdTime>
<generatorID>Generado por el Usuario</generatorID>
<ownerDesignName>diseno datamodeler 21-4-15</ownerDesignName>
<useDomainConstraints>false</useDomainConstraints>
<use>1</use>
<logicalDatatype>LOGDT024</logicalDatatype>
<dataTypeSize>30 BYTE</dataTypeSize>
<autoIncrementCycle>false</autoIncrementCycle>
</Column>
<Column name="OBSERVACIONES" id="0F0ABFC0-550D-3CE7-03E1-CF3C8B125C65">
<sourceConnName>oraserveri</sourceConnName>
<sourceObjSchema>T_COTIZACIONES</sourceObjSchema>
<sourceObjName>OBSERVACIONES</sourceObjName>
<createdBy>kescobar</createdBy>
<createdTime>2015-04-21 15:58:37 UTC</createdTime>
<generatorID>Generado por el Usuario</generatorID>
<ownerDesignName>diseno datamodeler 21-4-15</ownerDesignName>
<useDomainConstraints>false</useDomainConstraints>
<use>1</use>
<logicalDatatype>LOGDT024</logicalDatatype>
<dataTypeSize>100 BYTE</dataTypeSize>
<autoIncrementCycle>false</autoIncrementCycle>
</Column>
<Column name="CODMONEDA" id="B2480A61-C8EB-5918-4B9B-2ED3AAE36125">
<sourceConnName>oraserveri</sourceConnName>
<sourceObjSchema>T_COTIZACIONES</sourceObjSchema>
<sourceObjName>CODMONEDA</sourceObjName>
<createdBy>kescobar</createdBy>
<createdTime>2015-04-21 15:58:37 UTC</createdTime>
<generatorID>Generado por el Usuario</generatorID>
<ownerDesignName>diseno datamodeler 21-4-15</ownerDesignName>
<useDomainConstraints>false</useDomainConstraints>
<use>1</use>
<logicalDatatype>LOGDT019</logicalDatatype>
<dataTypePrecision>3</dataTypePrecision>
<delegate>FCD410ED-68B5-9CD4-1CA0-FE6761B82B3E</delegate>
<autoIncrementCycle>false</autoIncrementCycle>
<associations>
<colAssociation fkAssociation="515F46FE-7C59-7B7A-CD9E-A2C898389BAB" referredColumn="FCD410ED-68B5-9CD4-1CA0-FE6761B82B3E"/>
</associations>
</Column>
<Column name="CODESTADOCOTIZ" id="16F12361-3952-8317-85B1-061E6A589253">
<sourceConnName>oraserveri</sourceConnName>
<sourceObjSchema>T_COTIZACIONES</sourceObjSchema>
<sourceObjName>CODESTADOCOTIZ</sourceObjName>
<createdBy>kescobar</createdBy>
<createdTime>2015-04-21 15:58:37 UTC</createdTime>
<generatorID>Generado por el Usuario</generatorID>
<ownerDesignName>diseno datamodeler 21-4-15</ownerDesignName>
<useDomainConstraints>false</useDomainConstraints>
<use>1</use>
<logicalDatatype>LOGDT019</logicalDatatype>
<dataTypePrecision>3</dataTypePrecision>
<delegate>F71591C5-AC98-4111-752B-4F9929E6E8B0</delegate>
<autoIncrementCycle>false</autoIncrementCycle>
<associations>
<colAssociation fkAssociation="64B50FA3-B7B2-1F6C-0CE8-A12BD8D0EECE" referredColumn="F71591C5-AC98-4111-752B-4F9929E6E8B0"/>
</associations>
</Column>
<Column name="CODLISTAPRECIOS" id="103FD3D5-3FC3-F718-3241-759CF83E35F9">
<sourceConnName>oraserveri</sourceConnName>
<sourceObjSchema>T_COTIZACIONES</sourceObjSchema>
<sourceObjName>CODLISTAPRECIOS</sourceObjName>
<createdBy>kescobar</createdBy>
<createdTime>2015-04-21 15:58:37 UTC</createdTime>
<generatorID>Generado por el Usuario</generatorID>
<ownerDesignName>diseno datamodeler 21-4-15</ownerDesignName>
<useDomainConstraints>false</useDomainConstraints>
<use>1</use>
<logicalDatatype>LOGDT019</logicalDatatype>
<dataTypePrecision>3</dataTypePrecision>
<delegate>2692B9D4-C218-4F99-EA7E-F596D62E696C</delegate>
<autoIncrementCycle>false</autoIncrementCycle>
<associations>
<colAssociation fkAssociation="FA1D9035-4CF1-102B-44E6-E7E7F7B14842" referredColumn="2692B9D4-C218-4F99-EA7E-F596D62E696C"/>
</associations>
</Column>
<Column name="MESENTREG" id="631B0BE6-ABDF-7329-8E62-1BA9B7DAB0DB">
<sourceConnName>oraserveri</sourceConnName>
<sourceObjSchema>T_COTIZACIONES</sourceObjSchema>
<sourceObjName>MESENTREG</sourceObjName>
<createdBy>kescobar</createdBy>
<createdTime>2015-04-21 15:58:37 UTC</createdTime>
<generatorID>Generado por el Usuario</generatorID>
<ownerDesignName>diseno datamodeler 21-4-15</ownerDesignName>
<useDomainConstraints>false</useDomainConstraints>
<use>1</use>
<logicalDatatype>LOGDT019</logicalDatatype>
<dataTypePrecision>2</dataTypePrecision>
<delegate>4E17183F-4D03-567F-C142-DF88EDF3FB45</delegate>
<autoIncrementCycle>false</autoIncrementCycle>
<associations>
<colAssociation fkAssociation="17D9B47F-FAEB-6AEC-907F-5AFF6D7D9912" referredColumn="4E17183F-4D03-567F-C142-DF88EDF3FB45"/>
</associations>
</Column>
<Column name="ANIOENTREG" id="9EF4ACDE-A5B7-1DBA-E146-CDF9EFBDD362">
<sourceConnName>oraserveri</sourceConnName>
<sourceObjSchema>T_COTIZACIONES</sourceObjSchema>
<sourceObjName>ANIOENTREG</sourceObjName>
<createdBy>kescobar</createdBy>
<createdTime>2015-04-21 15:58:37 UTC</createdTime>
<generatorID>Generado por el Usuario</generatorID>
<ownerDesignName>diseno datamodeler 21-4-15</ownerDesignName>
<useDomainConstraints>false</useDomainConstraints>
<use>1</use>
<logicalDatatype>LOGDT019</logicalDatatype>
<dataTypePrecision>4</dataTypePrecision>
<delegate>2D4D9D11-5573-C170-0546-BCDE92406F62</delegate>
<autoIncrementCycle>false</autoIncrementCycle>
<associations>
<colAssociation fkAssociation="17D9B47F-FAEB-6AEC-907F-5AFF6D7D9912" referredColumn="2D4D9D11-5573-C170-0546-BCDE92406F62"/>
</associations>
</Column>
</columns>
<indexes itemClass="oracle.dbtools.crest.model.design.relational.Index">
<ind_PK_UK id="5D9B08DA-1870-1FEC-FC5C-90AD89F25872" name="T_COTIZACIONES_PK">
<sourceConnName>oraserveri</sourceConnName>
<sourceObjSchema>MVIALES</sourceObjSchema>
<sourceObjName>T_COTIZACIONES_PK</sourceObjName>
<createdBy>kescobar</createdBy>
<createdTime>2015-04-21 15:58:38 UTC</createdTime>
<generatorID>Generado por el Usuario</generatorID>
<ownerDesignName>diseno datamodeler 21-4-15</ownerDesignName>
<pk>true</pk>
<indexState>Primary Constraint</indexState>
<isSurrogateKey>false</isSurrogateKey>
<indexColumnUsage>
<colUsage columnID="0D67899F-23A1-6EE2-DF40-B9C5F66EF244"/>
</indexColumnUsage>
</ind_PK_UK>
<ind_PK_UK id="43E5D927-ACC0-D737-E8E4-7318879EE425" name="T_COTIZACIONES_PK">
<sourceConnName>oraserveri</sourceConnName>
<sourceObjSchema>MVIALES</sourceObjSchema>
<sourceObjName>T_COTIZACIONES_PK</sourceObjName>
<createdBy>kescobar</createdBy>
<createdTime>2015-04-21 15:58:37 UTC</createdTime>
<generatorID>Generado por el Usuario</generatorID>
<ownerDesignName>diseno datamodeler 21-4-15</ownerDesignName>
<indexState>Unique Plain Index</indexState>
<schemaObject>BC8BCB6E-3D5F-3E0A-0851-B4733B08DF0E</schemaObject>
<isSurrogateKey>false</isSurrogateKey>
<indexColumnUsage>
<colUsage columnID="0D67899F-23A1-6EE2-DF40-B9C5F66EF244"/>
</indexColumnUsage>
</ind_PK_UK>
<ind_PK_UK id="3E7E297E-AA3D-9A9E-4C22-37D4869F5FBE" name="FKT_COTIZACI344790">
<createdBy>kescobar</createdBy>
<createdTime>2015-04-21 15:58:40 UTC</createdTime>
<generatorID>Generado por el Usuario</generatorID>
<ownerDesignName>diseno datamodeler 21-4-15</ownerDesignName>
<indexState>Foreign Key</indexState>
<isSurrogateKey>false</isSurrogateKey>
<indexColumnUsage>
<colUsage columnID="631B0BE6-ABDF-7329-8E62-1BA9B7DAB0DB"/>
<colUsage columnID="9EF4ACDE-A5B7-1DBA-E146-CDF9EFBDD362"/>
</indexColumnUsage>
</ind_PK_UK>
<ind_PK_UK id="2723468F-849F-77F9-779D-47008965DFE7" name="FKT_COTIZACI429323">
<createdBy>kescobar</createdBy>
<createdTime>2015-04-21 15:58:40 UTC</createdTime>
<generatorID>Generado por el Usuario</generatorID>
<ownerDesignName>diseno datamodeler 21-4-15</ownerDesignName>
<indexState>Foreign Key</indexState>
<isSurrogateKey>false</isSurrogateKey>
<indexColumnUsage>
<colUsage columnID="4828E311-213F-68E9-63EF-90584FCAB33C"/>
</indexColumnUsage>
</ind_PK_UK>
<ind_PK_UK id="537C25F4-38D0-CB31-6DC7-6977C9B07ECE" name="FKT_COTIZACI656953">
<createdBy>kescobar</createdBy>
<createdTime>2015-04-21 15:58:40 UTC</createdTime>
<generatorID>Generado por el Usuario</generatorID>
<ownerDesignName>diseno datamodeler 21-4-15</ownerDesignName>
<indexState>Foreign Key</indexState>
<isSurrogateKey>false</isSurrogateKey>
<indexColumnUsage>
<colUsage columnID="B2480A61-C8EB-5918-4B9B-2ED3AAE36125"/>
</indexColumnUsage>
</ind_PK_UK>
<ind_PK_UK id="98DE8E8C-349A-856B-D0F3-957625037481" name="FKT_COTIZACI717841">
<createdBy>kescobar</createdBy>
<createdTime>2015-04-21 15:58:40 UTC</createdTime>
<generatorID>Generado por el Usuario</generatorID>
<ownerDesignName>diseno datamodeler 21-4-15</ownerDesignName>
<indexState>Foreign Key</indexState>
<isSurrogateKey>false</isSurrogateKey>
<indexColumnUsage>
<colUsage columnID="16F12361-3952-8317-85B1-061E6A589253"/>
</indexColumnUsage>
</ind_PK_UK>
<ind_PK_UK id="7BA7E22B-1199-E0A3-F1D1-0DABD6B31DED" name="FKT_COTIZACI920077">
<createdBy>kescobar</createdBy>
<createdTime>2015-04-21 15:58:40 UTC</createdTime>
<generatorID>Generado por el Usuario</generatorID>
<ownerDesignName>diseno datamodeler 21-4-15</ownerDesignName>
<indexState>Foreign Key</indexState>
<isSurrogateKey>false</isSurrogateKey>
<indexColumnUsage>
<colUsage columnID="103FD3D5-3FC3-F718-3241-759CF83E35F9"/>
</indexColumnUsage>
</ind_PK_UK>
</indexes>
</Table>