<?xml version = '1.0' encoding = 'UTF-8'?>
<Table class="oracle.dbtools.crest.model.design.relational.Table" directorySegmentName="seg_0" id="EB84A1E6-BA72-5193-1A9D-52EC9DCBAA45" name="T_TIPOCAMBIOS">
<sourceConnName>oraserveri</sourceConnName>
<sourceObjSchema>MVIALES</sourceObjSchema>
<sourceObjName>T_TIPOCAMBIOS</sourceObjName>
<createdBy>kescobar</createdBy>
<createdTime>2015-04-21 15:58:36 UTC</createdTime>
<generatorID>Generado por el Usuario</generatorID>
<ownerDesignName>diseno datamodeler 21-4-15</ownerDesignName>
<schemaObject>BC8BCB6E-3D5F-3E0A-0851-B4733B08DF0E</schemaObject>
<allowColumnReorder>false</allowColumnReorder>
<existDependencyGenerateInDDl>true</existDependencyGenerateInDDl>
<columns itemClass="oracle.dbtools.crest.model.design.relational.Column">
<Column name="CODMONEDA1" id="A461DC3A-89CA-F40D-0BF0-098A1984097C">
<sourceConnName>oraserveri</sourceConnName>
<sourceObjSchema>T_TIPOCAMBIOS</sourceObjSchema>
<sourceObjName>CODMONEDA1</sourceObjName>
<createdBy>kescobar</createdBy>
<createdTime>2015-04-21 15:58:37 UTC</createdTime>
<generatorID>Generado por el Usuario</generatorID>
<ownerDesignName>diseno datamodeler 21-4-15</ownerDesignName>
<useDomainConstraints>false</useDomainConstraints>
<use>1</use>
<logicalDatatype>LOGDT019</logicalDatatype>
<dataTypePrecision>3</dataTypePrecision>
<delegate>FCD410ED-68B5-9CD4-1CA0-FE6761B82B3E</delegate>
<autoIncrementCycle>false</autoIncrementCycle>
<associations>
<colAssociation fkAssociation="FCF27B4F-3123-FAA6-2168-44C0407BDB5F" referredColumn="FCD410ED-68B5-9CD4-1CA0-FE6761B82B3E"/>
</associations>
</Column>
<Column name="CODMONEDA2" id="DE987251-BC82-D13A-249A-2EF2D3FCCDCD">
<sourceConnName>oraserveri</sourceConnName>
<sourceObjSchema>T_TIPOCAMBIOS</sourceObjSchema>
<sourceObjName>CODMONEDA2</sourceObjName>
<createdBy>kescobar</createdBy>
<createdTime>2015-04-21 15:58:37 UTC</createdTime>
<generatorID>Generado por el Usuario</generatorID>
<ownerDesignName>diseno datamodeler 21-4-15</ownerDesignName>
<useDomainConstraints>false</useDomainConstraints>
<use>1</use>
<logicalDatatype>LOGDT019</logicalDatatype>
<dataTypePrecision>3</dataTypePrecision>
<delegate>FCD410ED-68B5-9CD4-1CA0-FE6761B82B3E</delegate>
<autoIncrementCycle>false</autoIncrementCycle>
<associations>
<colAssociation fkAssociation="4E0620D0-D6F2-F679-4A95-FDD483D13A83" referredColumn="FCD410ED-68B5-9CD4-1CA0-FE6761B82B3E"/>
</associations>
</Column>
<Column name="MONTO" id="734884A1-6F92-5726-7D9F-07FEC453B2C5">
<sourceConnName>oraserveri</sourceConnName>
<sourceObjSchema>T_TIPOCAMBIOS</sourceObjSchema>
<sourceObjName>MONTO</sourceObjName>
<createdBy>kescobar</createdBy>
<createdTime>2015-04-21 15:58:37 UTC</createdTime>
<generatorID>Generado por el Usuario</generatorID>
<ownerDesignName>diseno datamodeler 21-4-15</ownerDesignName>
<useDomainConstraints>false</useDomainConstraints>
<use>1</use>
<logicalDatatype>LOGDT019</logicalDatatype>
<dataTypePrecision>17</dataTypePrecision>
<dataTypeScale>2</dataTypeScale>
<autoIncrementCycle>false</autoIncrementCycle>
</Column>
<Column name="CODINDICEECONOMICO" id="7C92BF72-0DD8-082A-0D30-891580E2EA36">
<sourceConnName>oraserveri</sourceConnName>
<sourceObjSchema>T_TIPOCAMBIOS</sourceObjSchema>
<sourceObjName>CODINDICEECONOMICO</sourceObjName>
<createdBy>kescobar</createdBy>
<createdTime>2015-04-21 15:58:37 UTC</createdTime>
<generatorID>Generado por el Usuario</generatorID>
<ownerDesignName>diseno datamodeler 21-4-15</ownerDesignName>
<useDomainConstraints>false</useDomainConstraints>
<use>1</use>
<logicalDatatype>LOGDT024</logicalDatatype>
<dataTypeSize>20 BYTE</dataTypeSize>
<delegate>3C5BEA12-2DD8-6642-34F8-C30FB38ADF92</delegate>
<autoIncrementCycle>false</autoIncrementCycle>
<associations>
<colAssociation fkAssociation="5632DB64-2ACA-60F2-4E9A-469BF568BEEC" referredColumn="3C5BEA12-2DD8-6642-34F8-C30FB38ADF92"/>
</associations>
</Column>
<Column name="ESTADO" id="05500F1C-C93B-CE99-89FA-7898A9F17439">
<sourceConnName>oraserveri</sourceConnName>
<sourceObjSchema>T_TIPOCAMBIOS</sourceObjSchema>
<sourceObjName>ESTADO</sourceObjName>
<createdBy>kescobar</createdBy>
<createdTime>2015-04-21 15:58:37 UTC</createdTime>
<generatorID>Generado por el Usuario</generatorID>
<ownerDesignName>diseno datamodeler 21-4-15</ownerDesignName>
<useDomainConstraints>false</useDomainConstraints>
<use>1</use>
<logicalDatatype>LOGDT019</logicalDatatype>
<dataTypePrecision>3</dataTypePrecision>
<delegate>7FBAEE8A-D756-B020-54F7-FA8C58E8A509</delegate>
<autoIncrementCycle>false</autoIncrementCycle>
<associations>
<colAssociation fkAssociation="0C911C48-A3CB-9EDB-E8EF-0A1615CEC16B" referredColumn="7FBAEE8A-D756-B020-54F7-FA8C58E8A509"/>
</associations>
</Column>
<Column name="MES" id="506E6DF9-C16E-CF34-D429-0161E9E223EF">
<sourceConnName>oraserveri</sourceConnName>
<sourceObjSchema>T_TIPOCAMBIOS</sourceObjSchema>
<sourceObjName>MES</sourceObjName>
<createdBy>kescobar</createdBy>
<createdTime>2015-04-21 15:58:37 UTC</createdTime>
<generatorID>Generado por el Usuario</generatorID>
<ownerDesignName>diseno datamodeler 21-4-15</ownerDesignName>
<useDomainConstraints>false</useDomainConstraints>
<use>1</use>
<logicalDatatype>LOGDT019</logicalDatatype>
<dataTypePrecision>2</dataTypePrecision>
<delegate>4E17183F-4D03-567F-C142-DF88EDF3FB45</delegate>
<autoIncrementCycle>false</autoIncrementCycle>
<associations>
<colAssociation fkAssociation="04DF67D0-FBD2-8F32-318D-949782A7E05E" referredColumn="4E17183F-4D03-567F-C142-DF88EDF3FB45"/>
</associations>
</Column>
<Column name="ANIO" id="C372BEA0-590B-8A98-1B27-7125F46917FC">
<sourceConnName>oraserveri</sourceConnName>
<sourceObjSchema>T_TIPOCAMBIOS</sourceObjSchema>
<sourceObjName>ANIO</sourceObjName>
<createdBy>kescobar</createdBy>
<createdTime>2015-04-21 15:58:37 UTC</createdTime>
<generatorID>Generado por el Usuario</generatorID>
<ownerDesignName>diseno datamodeler 21-4-15</ownerDesignName>
<useDomainConstraints>false</useDomainConstraints>
<use>1</use>
<logicalDatatype>LOGDT019</logicalDatatype>
<dataTypePrecision>4</dataTypePrecision>
<delegate>2D4D9D11-5573-C170-0546-BCDE92406F62</delegate>
<autoIncrementCycle>false</autoIncrementCycle>
<associations>
<colAssociation fkAssociation="04DF67D0-FBD2-8F32-318D-949782A7E05E" referredColumn="2D4D9D11-5573-C170-0546-BCDE92406F62"/>
</associations>
</Column>
</columns>
<indexes itemClass="oracle.dbtools.crest.model.design.relational.Index">
<ind_PK_UK id="E2128E1F-E4AC-B7CB-245C-0FB75CF3A113" name="FKT_TIPOCAMB317616">
<createdBy>kescobar</createdBy>
<createdTime>2015-04-21 15:58:40 UTC</createdTime>
<generatorID>Generado por el Usuario</generatorID>
<ownerDesignName>diseno datamodeler 21-4-15</ownerDesignName>
<indexState>Foreign Key</indexState>
<isSurrogateKey>false</isSurrogateKey>
<indexColumnUsage>
<colUsage columnID="7C92BF72-0DD8-082A-0D30-891580E2EA36"/>
</indexColumnUsage>
</ind_PK_UK>
<ind_PK_UK id="55CCF144-CBFC-5925-6882-7280EBA1615F" name="FKT_TIPOCAMB620100">
<createdBy>kescobar</createdBy>
<createdTime>2015-04-21 15:58:40 UTC</createdTime>
<generatorID>Generado por el Usuario</generatorID>
<ownerDesignName>diseno datamodeler 21-4-15</ownerDesignName>
<indexState>Foreign Key</indexState>
<isSurrogateKey>false</isSurrogateKey>
<indexColumnUsage>
<colUsage columnID="A461DC3A-89CA-F40D-0BF0-098A1984097C"/>
</indexColumnUsage>
</ind_PK_UK>
<ind_PK_UK id="94D02F00-0398-F04B-66FE-285ADF4C17ED" name="FKT_TIPOCAMB620101">
<createdBy>kescobar</createdBy>
<createdTime>2015-04-21 15:58:40 UTC</createdTime>
<generatorID>Generado por el Usuario</generatorID>
<ownerDesignName>diseno datamodeler 21-4-15</ownerDesignName>
<indexState>Foreign Key</indexState>
<isSurrogateKey>false</isSurrogateKey>
<indexColumnUsage>
<colUsage columnID="DE987251-BC82-D13A-249A-2EF2D3FCCDCD"/>
</indexColumnUsage>
</ind_PK_UK>
<ind_PK_UK id="A0097B33-8CEB-C9C1-DCA1-B929A48B9C71" name="FKT_TIPOCAMB651026">
<createdBy>kescobar</createdBy>
<createdTime>2015-04-21 15:58:40 UTC</createdTime>
<generatorID>Generado por el Usuario</generatorID>
<ownerDesignName>diseno datamodeler 21-4-15</ownerDesignName>
<indexState>Foreign Key</indexState>
<isSurrogateKey>false</isSurrogateKey>
<indexColumnUsage>
<colUsage columnID="05500F1C-C93B-CE99-89FA-7898A9F17439"/>
</indexColumnUsage>
</ind_PK_UK>
<ind_PK_UK id="F9AD717E-47E8-F00B-5A85-B7D3BF050346" name="FKT_TIPOCAMB923514">
<createdBy>kescobar</createdBy>
<createdTime>2015-04-21 15:58:40 UTC</createdTime>
<generatorID>Generado por el Usuario</generatorID>
<ownerDesignName>diseno datamodeler 21-4-15</ownerDesignName>
<indexState>Foreign Key</indexState>
<isSurrogateKey>false</isSurrogateKey>
<indexColumnUsage>
<colUsage columnID="506E6DF9-C16E-CF34-D429-0161E9E223EF"/>
<colUsage columnID="C372BEA0-590B-8A98-1B27-7125F46917FC"/>
</indexColumnUsage>
</ind_PK_UK>
</indexes>
</Table>