<?xml version = '1.0' encoding = 'UTF-8'?>
<Table class="oracle.dbtools.crest.model.design.relational.Table" directorySegmentName="seg_0" id="F8631919-876A-FF75-C68A-51A4E310DBBA" name="T_ARTICULOSCOTIZADOS">
<sourceConnName>oraserveri</sourceConnName>
<sourceObjSchema>MVIALES</sourceObjSchema>
<sourceObjName>T_ARTICULOSCOTIZADOS</sourceObjName>
<createdBy>kescobar</createdBy>
<createdTime>2015-04-21 15:58:36 UTC</createdTime>
<generatorID>Generado por el Usuario</generatorID>
<ownerDesignName>diseno datamodeler 21-4-15</ownerDesignName>
<schemaObject>BC8BCB6E-3D5F-3E0A-0851-B4733B08DF0E</schemaObject>
<allowColumnReorder>false</allowColumnReorder>
<existDependencyGenerateInDDl>true</existDependencyGenerateInDDl>
<columns itemClass="oracle.dbtools.crest.model.design.relational.Column">
<Column name="NUMCOTIZACION" id="171466E1-2C6B-0D65-FC64-6F951261E710">
<sourceConnName>oraserveri</sourceConnName>
<sourceObjSchema>T_ARTICULOSCOTIZADOS</sourceObjSchema>
<sourceObjName>NUMCOTIZACION</sourceObjName>
<createdBy>kescobar</createdBy>
<createdTime>2015-04-21 15:58:37 UTC</createdTime>
<generatorID>Generado por el Usuario</generatorID>
<ownerDesignName>diseno datamodeler 21-4-15</ownerDesignName>
<useDomainConstraints>false</useDomainConstraints>
<use>1</use>
<logicalDatatype>LOGDT019</logicalDatatype>
<dataTypePrecision>10</dataTypePrecision>
<delegate>0D67899F-23A1-6EE2-DF40-B9C5F66EF244</delegate>
<autoIncrementCycle>false</autoIncrementCycle>
<associations>
<colAssociation fkAssociation="4B3D1FB5-5BDC-527D-966E-9F02F0A92E2E" referredColumn="0D67899F-23A1-6EE2-DF40-B9C5F66EF244"/>
</associations>
</Column>
<Column name="CODARTICULO" id="D3855136-7A05-34BC-60ED-CA44E003C35E">
<sourceConnName>oraserveri</sourceConnName>
<sourceObjSchema>T_ARTICULOSCOTIZADOS</sourceObjSchema>
<sourceObjName>CODARTICULO</sourceObjName>
<createdBy>kescobar</createdBy>
<createdTime>2015-04-21 15:58:37 UTC</createdTime>
<generatorID>Generado por el Usuario</generatorID>
<ownerDesignName>diseno datamodeler 21-4-15</ownerDesignName>
<useDomainConstraints>false</useDomainConstraints>
<use>1</use>
<logicalDatatype>LOGDT024</logicalDatatype>
<dataTypeSize>20 BYTE</dataTypeSize>
<delegate>B73BBC11-FFA5-B560-D575-C60CE9EC4E27</delegate>
<autoIncrementCycle>false</autoIncrementCycle>
<associations>
<colAssociation fkAssociation="CB51F43F-F42E-990E-5EDF-67DBC2F2DA0E" referredColumn="B73BBC11-FFA5-B560-D575-C60CE9EC4E27"/>
</associations>
</Column>
<Column name="UNDMEDIDA" id="DAF9AC1F-2952-098A-16A2-4836FCC734BC">
<sourceConnName>oraserveri</sourceConnName>
<sourceObjSchema>T_ARTICULOSCOTIZADOS</sourceObjSchema>
<sourceObjName>UNDMEDIDA</sourceObjName>
<createdBy>kescobar</createdBy>
<createdTime>2015-04-21 15:58:37 UTC</createdTime>
<generatorID>Generado por el Usuario</generatorID>
<ownerDesignName>diseno datamodeler 21-4-15</ownerDesignName>
<useDomainConstraints>false</useDomainConstraints>
<use>1</use>
<logicalDatatype>LOGDT019</logicalDatatype>
<dataTypePrecision>3</dataTypePrecision>
<delegate>4546AD6E-C7F0-AAFA-C636-58A438C1B905</delegate>
<autoIncrementCycle>false</autoIncrementCycle>
<associations>
<colAssociation fkAssociation="74EBA470-6CC0-20F1-514F-7C35651E6F7E" referredColumn="4546AD6E-C7F0-AAFA-C636-58A438C1B905"/>
</associations>
</Column>
<Column name="CANTIDAD" id="B1D5B85C-A678-67BB-9F99-A327730A6B6B">
<sourceConnName>oraserveri</sourceConnName>
<sourceObjSchema>T_ARTICULOSCOTIZADOS</sourceObjSchema>
<sourceObjName>CANTIDAD</sourceObjName>
<createdBy>kescobar</createdBy>
<createdTime>2015-04-21 15:58:37 UTC</createdTime>
<generatorID>Generado por el Usuario</generatorID>
<ownerDesignName>diseno datamodeler 21-4-15</ownerDesignName>
<useDomainConstraints>false</useDomainConstraints>
<use>1</use>
<logicalDatatype>LOGDT019</logicalDatatype>
<dataTypePrecision>10</dataTypePrecision>
<autoIncrementCycle>false</autoIncrementCycle>
</Column>
<Column name="PORCENDESCUENTO" id="D2F43C3A-76B6-124E-2767-5A566655DDD8">
<sourceConnName>oraserveri</sourceConnName>
<sourceObjSchema>T_ARTICULOSCOTIZADOS</sourceObjSchema>
<sourceObjName>PORCENDESCUENTO</sourceObjName>
<createdBy>kescobar</createdBy>
<createdTime>2015-04-21 15:58:37 UTC</createdTime>
<generatorID>Generado por el Usuario</generatorID>
<ownerDesignName>diseno datamodeler 21-4-15</ownerDesignName>
<useDomainConstraints>false</useDomainConstraints>
<use>1</use>
<logicalDatatype>LOGDT019</logicalDatatype>
<dataTypePrecision>2</dataTypePrecision>
<autoIncrementCycle>false</autoIncrementCycle>
</Column>
<Column name="COSTOUNITARIO" id="C78A0C4F-D552-38F8-A205-7BD3D0E9F86B">
<sourceConnName>oraserveri</sourceConnName>
<sourceObjSchema>T_ARTICULOSCOTIZADOS</sourceObjSchema>
<sourceObjName>COSTOUNITARIO</sourceObjName>
<createdBy>kescobar</createdBy>
<createdTime>2015-04-21 15:58:37 UTC</createdTime>
<generatorID>Generado por el Usuario</generatorID>
<ownerDesignName>diseno datamodeler 21-4-15</ownerDesignName>
<useDomainConstraints>false</useDomainConstraints>
<use>1</use>
<logicalDatatype>LOGDT019</logicalDatatype>
<dataTypePrecision>17</dataTypePrecision>
<dataTypeScale>2</dataTypeScale>
<autoIncrementCycle>false</autoIncrementCycle>
</Column>
<Column name="COSTOGRABADO" id="376B81BB-7042-3ABD-B7E5-8F36A98FA08A">
<sourceConnName>oraserveri</sourceConnName>
<sourceObjSchema>T_ARTICULOSCOTIZADOS</sourceObjSchema>
<sourceObjName>COSTOGRABADO</sourceObjName>
<createdBy>kescobar</createdBy>
<createdTime>2015-04-21 15:58:37 UTC</createdTime>
<generatorID>Generado por el Usuario</generatorID>
<ownerDesignName>diseno datamodeler 21-4-15</ownerDesignName>
<useDomainConstraints>false</useDomainConstraints>
<use>1</use>
<logicalDatatype>LOGDT019</logicalDatatype>
<dataTypePrecision>17</dataTypePrecision>
<dataTypeScale>2</dataTypeScale>
<autoIncrementCycle>false</autoIncrementCycle>
</Column>
<Column name="MONTOLINEA" id="8847CDDA-A16E-5388-6B5F-DD65D6019F60">
<sourceConnName>oraserveri</sourceConnName>
<sourceObjSchema>T_ARTICULOSCOTIZADOS</sourceObjSchema>
<sourceObjName>MONTOLINEA</sourceObjName>
<createdBy>kescobar</createdBy>
<createdTime>2015-04-21 15:58:37 UTC</createdTime>
<generatorID>Generado por el Usuario</generatorID>
<ownerDesignName>diseno datamodeler 21-4-15</ownerDesignName>
<useDomainConstraints>false</useDomainConstraints>
<use>1</use>
<logicalDatatype>LOGDT019</logicalDatatype>
<dataTypePrecision>17</dataTypePrecision>
<dataTypeScale>2</dataTypeScale>
<autoIncrementCycle>false</autoIncrementCycle>
</Column>
</columns>
<indexes itemClass="oracle.dbtools.crest.model.design.relational.Index">
<ind_PK_UK id="41913C9D-EAA0-5B29-473A-E01DE7B54A7E" name="T_ARTICULOSCOTIZADOS_PK">
<sourceConnName>oraserveri</sourceConnName>
<sourceObjSchema>MVIALES</sourceObjSchema>
<sourceObjName>T_ARTICULOSCOTIZADOS_PK</sourceObjName>
<createdBy>kescobar</createdBy>
<createdTime>2015-04-21 15:58:38 UTC</createdTime>
<generatorID>Generado por el Usuario</generatorID>
<ownerDesignName>diseno datamodeler 21-4-15</ownerDesignName>
<pk>true</pk>
<indexState>Primary Constraint</indexState>
<isSurrogateKey>false</isSurrogateKey>
<indexColumnUsage>
<colUsage columnID="171466E1-2C6B-0D65-FC64-6F951261E710"/>
</indexColumnUsage>
</ind_PK_UK>
<ind_PK_UK id="5530698F-F4E8-022C-A54C-10191462F442" name="T_ARTICULOSCOTIZADOS_PK">
<sourceConnName>oraserveri</sourceConnName>
<sourceObjSchema>MVIALES</sourceObjSchema>
<sourceObjName>T_ARTICULOSCOTIZADOS_PK</sourceObjName>
<createdBy>kescobar</createdBy>
<createdTime>2015-04-21 15:58:37 UTC</createdTime>
<generatorID>Generado por el Usuario</generatorID>
<ownerDesignName>diseno datamodeler 21-4-15</ownerDesignName>
<indexState>Unique Plain Index</indexState>
<schemaObject>BC8BCB6E-3D5F-3E0A-0851-B4733B08DF0E</schemaObject>
<isSurrogateKey>false</isSurrogateKey>
<indexColumnUsage>
<colUsage columnID="171466E1-2C6B-0D65-FC64-6F951261E710"/>
</indexColumnUsage>
</ind_PK_UK>
<ind_PK_UK id="0BA3FB98-DBF2-B7D4-945D-3E88FA3B973E" name="FKT_ARTICULO382695">
<createdBy>kescobar</createdBy>
<createdTime>2015-04-21 15:58:40 UTC</createdTime>
<generatorID>Generado por el Usuario</generatorID>
<ownerDesignName>diseno datamodeler 21-4-15</ownerDesignName>
<indexState>Foreign Key</indexState>
<isSurrogateKey>false</isSurrogateKey>
<indexColumnUsage>
<colUsage columnID="D3855136-7A05-34BC-60ED-CA44E003C35E"/>
</indexColumnUsage>
</ind_PK_UK>
<ind_PK_UK id="04060052-43A0-20FA-1067-55340A6D3F8F" name="FKT_ARTICULO50573">
<createdBy>kescobar</createdBy>
<createdTime>2015-04-21 15:58:40 UTC</createdTime>
<generatorID>Generado por el Usuario</generatorID>
<ownerDesignName>diseno datamodeler 21-4-15</ownerDesignName>
<indexState>Foreign Key</indexState>
<isSurrogateKey>false</isSurrogateKey>
<indexColumnUsage>
<colUsage columnID="171466E1-2C6B-0D65-FC64-6F951261E710"/>
</indexColumnUsage>
</ind_PK_UK>
<ind_PK_UK id="0933153A-0EDF-B126-EB26-64B5B66BBE06" name="FKT_ARTICULO522199">
<createdBy>kescobar</createdBy>
<createdTime>2015-04-21 15:58:40 UTC</createdTime>
<generatorID>Generado por el Usuario</generatorID>
<ownerDesignName>diseno datamodeler 21-4-15</ownerDesignName>
<indexState>Foreign Key</indexState>
<isSurrogateKey>false</isSurrogateKey>
<indexColumnUsage>
<colUsage columnID="DAF9AC1F-2952-098A-16A2-4836FCC734BC"/>
</indexColumnUsage>
</ind_PK_UK>
</indexes>
</Table>