<?xml version = '1.0' encoding = 'UTF-8'?>
<SegmentOraclev10g class="oracle.dbtools.crest.model.design.storage.oracle.v10g.SegmentOraclev10g" name="Storage2" directorySegmentName="seg_0" id="7155C0AD-6070-1902-CDDE-5571BEC03CCA">
<createdBy>kescobar</createdBy>
<createdTime>2015-04-21 15:58:36 UTC</createdTime>
<generatorID>Generado por el Usuario</generatorID>
<ownerDesignName>diseno datamodeler 21-4-15</ownerDesignName>
<maxTrans>255</maxTrans>
<pcTFree>25</pcTFree>
<scInitialExtent>204800</scInitialExtent>
<scMaxExtents>2147483645</scMaxExtents>
<scNextExtent>106496</scNextExtent>
</SegmentOraclev10g>