<?xml version = '1.0' encoding = 'UTF-8'?>
<SegmentOraclev10g class="oracle.dbtools.crest.model.design.storage.oracle.v10g.SegmentOraclev10g" name="Storage3" directorySegmentName="seg_0" id="8C7350E5-4F7A-7A49-A455-EA36B7A12E0B">
<createdBy>kescobar</createdBy>
<createdTime>2015-04-21 15:58:36 UTC</createdTime>
<generatorID>Generado por el Usuario</generatorID>
<ownerDesignName>diseno datamodeler 21-4-15</ownerDesignName>
<maxTrans>255</maxTrans>
<pcTFree>28</pcTFree>
<scInitialExtent>245760</scInitialExtent>
<scMaxExtents>2147483645</scMaxExtents>
<scNextExtent>122880</scNextExtent>
</SegmentOraclev10g>