<?xml version = '1.0' encoding = 'UTF-8'?>
<SegmentOraclev10g class="oracle.dbtools.crest.model.design.storage.oracle.v10g.SegmentOraclev10g" name="Storage1" directorySegmentName="seg_0" id="D6F58489-54E8-758B-7A0C-4F974FECCF41">
<createdBy>kescobar</createdBy>
<createdTime>2015-04-21 15:58:36 UTC</createdTime>
<generatorID>Generado por el Usuario</generatorID>
<ownerDesignName>diseno datamodeler 21-4-15</ownerDesignName>
<maxTrans>255</maxTrans>
<pcTFree>60</pcTFree>
<scInitialExtent>172032</scInitialExtent>
<scMaxExtents>2147483645</scMaxExtents>
<scNextExtent>98304</scNextExtent>
</SegmentOraclev10g>