<?xml version = '1.0' encoding = 'UTF-8'?>
<SegmentOraclev10g class="oracle.dbtools.crest.model.design.storage.oracle.v10g.SegmentOraclev10g" name="Storage33" directorySegmentName="seg_0" id="F114A762-89EF-D68C-42BA-F81FE1252C30">
<createdBy>kescobar</createdBy>
<createdTime>2015-04-21 15:58:37 UTC</createdTime>
<generatorID>Generado por el Usuario</generatorID>
<ownerDesignName>diseno datamodeler 21-4-15</ownerDesignName>
<initrans>2</initrans>
<maxTrans>255</maxTrans>
<scMaxExtents>2147483645</scMaxExtents>
</SegmentOraclev10g>