<?xml version = '1.0' encoding = 'UTF-8'?>
<StorageDesignOraclev12c class="oracle.dbtools.crest.model.design.storage.oracle.v12c.StorageDesignOraclev12c" name="Oracle Database 12c" id="391E86E7-A05D-C2AD-6EE1-D0564BC4BAF1" siteID="3FD120B5-9F4E-6278-D5E2-746D192C8319" siteName="Oracle Database 12c" siteType="11">
<createdBy>kescobar</createdBy>
<createdTime>2015-04-21 15:58:04 UTC</createdTime>
<generatorID>Generado por el Usuario</generatorID>
<ownerDesignName>diseno datamodeler 21-4-15</ownerDesignName>
</StorageDesignOraclev12c>