<?xml version="1.0" encoding="UTF-8"?>
<java-wsdl-mapping xmlns="http://java.sun.com/xml/ns/j2ee" xmlns:xsi="http://www.w3.org/2001/XMLSchema-instance"
                   xsi:schemaLocation="http://java.sun.com/xml/ns/j2ee   http://www.ibm.com/webservices/xsd/j2ee_jaxrpc_mapping_1_1.xsd"
                   version="1.1">
    <package-mapping>
        <package-type>oramaster</package-type>
        <namespaceURI>http://oramaster/WSPLSQL.wsdl/types/</namespaceURI>
    </package-mapping>
    <package-mapping>
        <package-type>oramaster</package-type>
        <namespaceURI>http://oramaster/WSPLSQL.wsdl</namespaceURI>
    </package-mapping>
    <java-xml-type-mapping>
        <java-type>oramaster.WsplsqlRowtypeSqx92118x1x2User</java-type>
        <root-type-qname xmlns:typeNS="http://oramaster/WSPLSQL.wsdl/types/">typeNS:WsplsqlRowtypeSqx92118x1x2User</root-type-qname>
        <qname-scope>complexType</qname-scope>
        <variable-mapping>
            <java-variable-name>cantminima</java-variable-name>
            <xml-element-name>cantminima</xml-element-name>
        </variable-mapping>
        <variable-mapping>
            <java-variable-name>descripcion</java-variable-name>
            <xml-element-name>descripcion</xml-element-name>
        </variable-mapping>
        <variable-mapping>
            <java-variable-name>preciomercdolares</java-variable-name>
            <xml-element-name>preciomercdolares</xml-element-name>
        </variable-mapping>
        <variable-mapping>
            <java-variable-name>codfamilia</java-variable-name>
            <xml-element-name>codfamilia</xml-element-name>
        </variable-mapping>
        <variable-mapping>
            <java-variable-name>cantmaxima</java-variable-name>
            <xml-element-name>cantmaxima</xml-element-name>
        </variable-mapping>
        <variable-mapping>
            <java-variable-name>codigo</java-variable-name>
            <xml-element-name>codigo</xml-element-name>
        </variable-mapping>
        <variable-mapping>
            <java-variable-name>fecregistro</java-variable-name>
            <xml-element-name>fecregistro</xml-element-name>
        </variable-mapping>
        <variable-mapping>
            <java-variable-name>fechaactprecio</java-variable-name>
            <xml-element-name>fechaactprecio</xml-element-name>
        </variable-mapping>
        <variable-mapping>
            <java-variable-name>cantidad</java-variable-name>
            <xml-element-name>cantidad</xml-element-name>
        </variable-mapping>
        <variable-mapping>
            <java-variable-name>codmarca</java-variable-name>
            <xml-element-name>codmarca</xml-element-name>
        </variable-mapping>
        <variable-mapping>
            <java-variable-name>codestarticulo</java-variable-name>
            <xml-element-name>codestarticulo</xml-element-name>
        </variable-mapping>
        <variable-mapping>
            <java-variable-name>coduserregistro</java-variable-name>
            <xml-element-name>coduserregistro</xml-element-name>
        </variable-mapping>
        <variable-mapping>
            <java-variable-name>undmedida</java-variable-name>
            <xml-element-name>undmedida</xml-element-name>
        </variable-mapping>
        <variable-mapping>
            <java-variable-name>modelo</java-variable-name>
            <xml-element-name>modelo</xml-element-name>
        </variable-mapping>
    </java-xml-type-mapping>
    <java-xml-type-mapping>
        <java-type>oramaster.WsplsqlRowtypeSqx92118x3x2User[]</java-type>
        <root-type-qname xmlns:typeNS="http://oramaster/WSPLSQL.wsdl/types/">typeNS:WsplsqlRowtypeSqx92118x3x2UserArray</root-type-qname>
        <qname-scope>complexType</qname-scope>
    </java-xml-type-mapping>
    <java-xml-type-mapping>
        <java-type>oramaster.WsplsqlRowtypeSqx92118x6x2Base</java-type>
        <root-type-qname xmlns:typeNS="http://oramaster/WSPLSQL.wsdl/types/">typeNS:WsplsqlRowtypeSqx92118x6x2Base</root-type-qname>
        <qname-scope>complexType</qname-scope>
    </java-xml-type-mapping>
    <java-xml-type-mapping>
        <java-type>oramaster.WsplsqlRowtypeSqx92118x4x2User</java-type>
        <root-type-qname xmlns:typeNS="http://oramaster/WSPLSQL.wsdl/types/">typeNS:WsplsqlRowtypeSqx92118x4x2User</root-type-qname>
        <qname-scope>complexType</qname-scope>
        <variable-mapping>
            <java-variable-name>codigo</java-variable-name>
            <xml-element-name>codigo</xml-element-name>
        </variable-mapping>
        <variable-mapping>
            <java-variable-name>codindiceeconomico</java-variable-name>
            <xml-element-name>codindiceeconomico</xml-element-name>
        </variable-mapping>
        <variable-mapping>
            <java-variable-name>descripcion</java-variable-name>
            <xml-element-name>descripcion</xml-element-name>
        </variable-mapping>
        <variable-mapping>
            <java-variable-name>porcimpacompra</java-variable-name>
            <xml-element-name>porcimpacompra</xml-element-name>
        </variable-mapping>
    </java-xml-type-mapping>
    <java-xml-type-mapping>
        <java-type>oramaster.WsplsqlRowtypeSqx92118x7x2Base</java-type>
        <root-type-qname xmlns:typeNS="http://oramaster/WSPLSQL.wsdl/types/">typeNS:WsplsqlRowtypeSqx92118x7x2Base</root-type-qname>
        <qname-scope>complexType</qname-scope>
    </java-xml-type-mapping>
    <java-xml-type-mapping>
        <java-type>oramaster.WsplsqlRowtypeSqx92118x6x2User[]</java-type>
        <root-type-qname xmlns:typeNS="http://oramaster/WSPLSQL.wsdl/types/">typeNS:WsplsqlRowtypeSqx92118x6x2UserArray</root-type-qname>
        <qname-scope>complexType</qname-scope>
    </java-xml-type-mapping>
    <java-xml-type-mapping>
        <java-type>oramaster.WsplsqlRowtypeSqx92118x5x2Base</java-type>
        <root-type-qname xmlns:typeNS="http://oramaster/WSPLSQL.wsdl/types/">typeNS:WsplsqlRowtypeSqx92118x5x2Base</root-type-qname>
        <qname-scope>complexType</qname-scope>
    </java-xml-type-mapping>
    <java-xml-type-mapping>
        <java-type>oramaster.WsplsqlRowtypeSqx92118x1x2Base</java-type>
        <root-type-qname xmlns:typeNS="http://oramaster/WSPLSQL.wsdl/types/">typeNS:WsplsqlRowtypeSqx92118x1x2Base</root-type-qname>
        <qname-scope>complexType</qname-scope>
    </java-xml-type-mapping>
    <java-xml-type-mapping>
        <java-type>oramaster.WsplsqlRowtypeSqx92118x5x2User[]</java-type>
        <root-type-qname xmlns:typeNS="http://oramaster/WSPLSQL.wsdl/types/">typeNS:WsplsqlRowtypeSqx92118x5x2UserArray</root-type-qname>
        <qname-scope>complexType</qname-scope>
    </java-xml-type-mapping>
    <java-xml-type-mapping>
        <java-type>oramaster.WsplsqlRowtypeSqx92118x4x2User[]</java-type>
        <root-type-qname xmlns:typeNS="http://oramaster/WSPLSQL.wsdl/types/">typeNS:WsplsqlRowtypeSqx92118x4x2UserArray</root-type-qname>
        <qname-scope>complexType</qname-scope>
    </java-xml-type-mapping>
    <java-xml-type-mapping>
        <java-type>oramaster.WsplsqlRowtypeSqx92118x5x2User</java-type>
        <root-type-qname xmlns:typeNS="http://oramaster/WSPLSQL.wsdl/types/">typeNS:WsplsqlRowtypeSqx92118x5x2User</root-type-qname>
        <qname-scope>complexType</qname-scope>
        <variable-mapping>
            <java-variable-name>codarticulo</java-variable-name>
            <xml-element-name>codarticulo</xml-element-name>
        </variable-mapping>
        <variable-mapping>
            <java-variable-name>codcomponente</java-variable-name>
            <xml-element-name>codcomponente</xml-element-name>
        </variable-mapping>
    </java-xml-type-mapping>
    <java-xml-type-mapping>
        <java-type>oramaster.WsplsqlRowtypeSqx92118x4x2Base</java-type>
        <root-type-qname xmlns:typeNS="http://oramaster/WSPLSQL.wsdl/types/">typeNS:WsplsqlRowtypeSqx92118x4x2Base</root-type-qname>
        <qname-scope>complexType</qname-scope>
    </java-xml-type-mapping>
    <java-xml-type-mapping>
        <java-type>oramaster.WsplsqlRowtypeSqx92118x3x2Base</java-type>
        <root-type-qname xmlns:typeNS="http://oramaster/WSPLSQL.wsdl/types/">typeNS:WsplsqlRowtypeSqx92118x3x2Base</root-type-qname>
        <qname-scope>complexType</qname-scope>
    </java-xml-type-mapping>
    <java-xml-type-mapping>
        <java-type>oramaster.WsplsqlRowtypeSqx92118x2x2Base</java-type>
        <root-type-qname xmlns:typeNS="http://oramaster/WSPLSQL.wsdl/types/">typeNS:WsplsqlRowtypeSqx92118x2x2Base</root-type-qname>
        <qname-scope>complexType</qname-scope>
    </java-xml-type-mapping>
    <java-xml-type-mapping>
        <java-type>oramaster.WsplsqlRowtypeSqx92118x1x2User[]</java-type>
        <root-type-qname xmlns:typeNS="http://oramaster/WSPLSQL.wsdl/types/">typeNS:WsplsqlRowtypeSqx92118x1x2UserArray</root-type-qname>
        <qname-scope>complexType</qname-scope>
    </java-xml-type-mapping>
    <java-xml-type-mapping>
        <java-type>oramaster.WsplsqlRowtypeSqx92118x2x2User</java-type>
        <root-type-qname xmlns:typeNS="http://oramaster/WSPLSQL.wsdl/types/">typeNS:WsplsqlRowtypeSqx92118x2x2User</root-type-qname>
        <qname-scope>complexType</qname-scope>
        <variable-mapping>
            <java-variable-name>codigo</java-variable-name>
            <xml-element-name>codigo</xml-element-name>
        </variable-mapping>
        <variable-mapping>
            <java-variable-name>descripcion</java-variable-name>
            <xml-element-name>descripcion</xml-element-name>
        </variable-mapping>
    </java-xml-type-mapping>
    <java-xml-type-mapping>
        <java-type>oramaster.WsplsqlRowtypeSqx92118x3x2User</java-type>
        <root-type-qname xmlns:typeNS="http://oramaster/WSPLSQL.wsdl/types/">typeNS:WsplsqlRowtypeSqx92118x3x2User</root-type-qname>
        <qname-scope>complexType</qname-scope>
        <variable-mapping>
            <java-variable-name>codigo</java-variable-name>
            <xml-element-name>codigo</xml-element-name>
        </variable-mapping>
        <variable-mapping>
            <java-variable-name>descripcion</java-variable-name>
            <xml-element-name>descripcion</xml-element-name>
        </variable-mapping>
    </java-xml-type-mapping>
    <java-xml-type-mapping>
        <java-type>oramaster.WsplsqlRowtypeSqx92118x2x2User[]</java-type>
        <root-type-qname xmlns:typeNS="http://oramaster/WSPLSQL.wsdl/types/">typeNS:WsplsqlRowtypeSqx92118x2x2UserArray</root-type-qname>
        <qname-scope>complexType</qname-scope>
    </java-xml-type-mapping>
    <java-xml-type-mapping>
        <java-type>oramaster.WsplsqlRowtypeSqx92118x6x2User</java-type>
        <root-type-qname xmlns:typeNS="http://oramaster/WSPLSQL.wsdl/types/">typeNS:WsplsqlRowtypeSqx92118x6x2User</root-type-qname>
        <qname-scope>complexType</qname-scope>
        <variable-mapping>
            <java-variable-name>anio</java-variable-name>
            <xml-element-name>anio</xml-element-name>
        </variable-mapping>
        <variable-mapping>
            <java-variable-name>estado</java-variable-name>
            <xml-element-name>estado</xml-element-name>
        </variable-mapping>
        <variable-mapping>
            <java-variable-name>mes</java-variable-name>
            <xml-element-name>mes</xml-element-name>
        </variable-mapping>
        <variable-mapping>
            <java-variable-name>codindiceeconomico</java-variable-name>
            <xml-element-name>codindiceeconomico</xml-element-name>
        </variable-mapping>
        <variable-mapping>
            <java-variable-name>codmoneda1</java-variable-name>
            <xml-element-name>codmoneda1</xml-element-name>
        </variable-mapping>
        <variable-mapping>
            <java-variable-name>monto</java-variable-name>
            <xml-element-name>monto</xml-element-name>
        </variable-mapping>
        <variable-mapping>
            <java-variable-name>codmoneda2</java-variable-name>
            <xml-element-name>codmoneda2</xml-element-name>
        </variable-mapping>
    </java-xml-type-mapping>
    <java-xml-type-mapping>
        <java-type>oramaster.WsplsqlRowtypeSqx92118x7x2User</java-type>
        <root-type-qname xmlns:typeNS="http://oramaster/WSPLSQL.wsdl/types/">typeNS:WsplsqlRowtypeSqx92118x7x2User</root-type-qname>
        <qname-scope>complexType</qname-scope>
        <variable-mapping>
            <java-variable-name>anio</java-variable-name>
            <xml-element-name>anio</xml-element-name>
        </variable-mapping>
        <variable-mapping>
            <java-variable-name>preciomercdolaresproyect</java-variable-name>
            <xml-element-name>preciomercdolaresproyect</xml-element-name>
        </variable-mapping>
        <variable-mapping>
            <java-variable-name>codlistaprecios</java-variable-name>
            <xml-element-name>codlistaprecios</xml-element-name>
        </variable-mapping>
        <variable-mapping>
            <java-variable-name>mes</java-variable-name>
            <xml-element-name>mes</xml-element-name>
        </variable-mapping>
        <variable-mapping>
            <java-variable-name>tipocambioproyect</java-variable-name>
            <xml-element-name>tipocambioproyect</xml-element-name>
        </variable-mapping>
        <variable-mapping>
            <java-variable-name>codarticulo</java-variable-name>
            <xml-element-name>codarticulo</xml-element-name>
        </variable-mapping>
    </java-xml-type-mapping>
    <java-xml-type-mapping>
        <java-type>oramaster.WsplsqlRowtypeSqx92118x7x2User[]</java-type>
        <root-type-qname xmlns:typeNS="http://oramaster/WSPLSQL.wsdl/types/">typeNS:WsplsqlRowtypeSqx92118x7x2UserArray</root-type-qname>
        <qname-scope>complexType</qname-scope>
    </java-xml-type-mapping>
    <service-interface-mapping>
        <service-interface>oramaster.WSPLSQL</service-interface>
        <wsdl-service-name xmlns:serviceNS="http://oramaster/WSPLSQL.wsdl">serviceNS:WSPLSQL</wsdl-service-name>
        <port-mapping>
            <port-name>WSPLSQLPort</port-name>
            <java-port-name>WSPLSQLPort</java-port-name>
        </port-mapping>
    </service-interface-mapping>
    <service-endpoint-interface-mapping>
        <service-endpoint-interface>oramaster.WSPLSQL</service-endpoint-interface>
        <wsdl-port-type xmlns:portTypeNS="http://oramaster/WSPLSQL.wsdl">portTypeNS:WSPLSQL</wsdl-port-type>
        <wsdl-binding xmlns:bindingNS="http://oramaster/WSPLSQL.wsdl">bindingNS:WSPLSQL</wsdl-binding>
        <service-endpoint-method-mapping>
            <java-method-name>listarticulos</java-method-name>
            <wsdl-operation>listarticulos</wsdl-operation>
            <wsdl-return-value-mapping>
                <method-return-value>oramaster.WsplsqlRowtypeSqx92118x1x2User[]</method-return-value>
                <wsdl-message xmlns:wsdlMsgNS="http://oramaster/WSPLSQL.wsdl">wsdlMsgNS:WSPLSQL_listarticulosResponse</wsdl-message>
                <wsdl-message-part-name>result</wsdl-message-part-name>
            </wsdl-return-value-mapping>
        </service-endpoint-method-mapping>
        <service-endpoint-method-mapping>
            <java-method-name>listcomponentes</java-method-name>
            <wsdl-operation>listcomponentes</wsdl-operation>
            <wsdl-return-value-mapping>
                <method-return-value>oramaster.WsplsqlRowtypeSqx92118x5x2User[]</method-return-value>
                <wsdl-message xmlns:wsdlMsgNS="http://oramaster/WSPLSQL.wsdl">wsdlMsgNS:WSPLSQL_listcomponentesResponse</wsdl-message>
                <wsdl-message-part-name>result</wsdl-message-part-name>
            </wsdl-return-value-mapping>
        </service-endpoint-method-mapping>
        <service-endpoint-method-mapping>
            <java-method-name>listfamilias</java-method-name>
            <wsdl-operation>listfamilias</wsdl-operation>
            <wsdl-return-value-mapping>
                <method-return-value>oramaster.WsplsqlRowtypeSqx92118x4x2User[]</method-return-value>
                <wsdl-message xmlns:wsdlMsgNS="http://oramaster/WSPLSQL.wsdl">wsdlMsgNS:WSPLSQL_listfamiliasResponse</wsdl-message>
                <wsdl-message-part-name>result</wsdl-message-part-name>
            </wsdl-return-value-mapping>
        </service-endpoint-method-mapping>
        <service-endpoint-method-mapping>
            <java-method-name>listmarcas</java-method-name>
            <wsdl-operation>listmarcas</wsdl-operation>
            <wsdl-return-value-mapping>
                <method-return-value>oramaster.WsplsqlRowtypeSqx92118x3x2User[]</method-return-value>
                <wsdl-message xmlns:wsdlMsgNS="http://oramaster/WSPLSQL.wsdl">wsdlMsgNS:WSPLSQL_listmarcasResponse</wsdl-message>
                <wsdl-message-part-name>result</wsdl-message-part-name>
            </wsdl-return-value-mapping>
        </service-endpoint-method-mapping>
        <service-endpoint-method-mapping>
            <java-method-name>listproylistaprecios</java-method-name>
            <wsdl-operation>listproylistaprecios</wsdl-operation>
            <wsdl-return-value-mapping>
                <method-return-value>oramaster.WsplsqlRowtypeSqx92118x7x2User[]</method-return-value>
                <wsdl-message xmlns:wsdlMsgNS="http://oramaster/WSPLSQL.wsdl">wsdlMsgNS:WSPLSQL_listproylistapreciosResponse</wsdl-message>
                <wsdl-message-part-name>result</wsdl-message-part-name>
            </wsdl-return-value-mapping>
        </service-endpoint-method-mapping>
        <service-endpoint-method-mapping>
            <java-method-name>listtipocambios</java-method-name>
            <wsdl-operation>listtipocambios</wsdl-operation>
            <wsdl-return-value-mapping>
                <method-return-value>oramaster.WsplsqlRowtypeSqx92118x6x2User[]</method-return-value>
                <wsdl-message xmlns:wsdlMsgNS="http://oramaster/WSPLSQL.wsdl">wsdlMsgNS:WSPLSQL_listtipocambiosResponse</wsdl-message>
                <wsdl-message-part-name>result</wsdl-message-part-name>
            </wsdl-return-value-mapping>
        </service-endpoint-method-mapping>
        <service-endpoint-method-mapping>
            <java-method-name>listunidmedidas</java-method-name>
            <wsdl-operation>listunidmedidas</wsdl-operation>
            <wsdl-return-value-mapping>
                <method-return-value>oramaster.WsplsqlRowtypeSqx92118x2x2User[]</method-return-value>
                <wsdl-message xmlns:wsdlMsgNS="http://oramaster/WSPLSQL.wsdl">wsdlMsgNS:WSPLSQL_listunidmedidasResponse</wsdl-message>
                <wsdl-message-part-name>result</wsdl-message-part-name>
            </wsdl-return-value-mapping>
        </service-endpoint-method-mapping>
    </service-endpoint-interface-mapping>
</java-wsdl-mapping>

