<?xml version = '1.0' encoding = 'UTF-8'?>
<relationalModel class="oracle.dbtools.crest.model.design.relational.RelationalDesign" name="Relational_1" id="B5A80387-FE37-2527-DEC6-FD51F0C9C9DC" mainViewID="1F4175C3-725B-B2FE-B574-50227D7E38CE">
<createdBy>kescobar</createdBy>
<createdTime>2015-04-21 15:56:46 UTC</createdTime>
<generatorID>Generado por el Usuario</generatorID>
<ownerDesignName>diseno datamodeler 21-4-15</ownerDesignName>
<shouldBeOpen>false</shouldBeOpen>
<selectedRDBMSSite>3FD120B5-9F4E-6278-D5E2-746D192C8319</selectedRDBMSSite>
<importConnectionStamps>
<importConnectionStamp class="oracle.dbtools.crest.imports.DBConnectionStamp">
<connName>oraserveri</connName>
<connUrl>jdbc:oracle:thin:@172.19.127.101:1521/proyectopdb</connUrl>
<connUser>mviales</connUser>
<connType>1</connType>
</importConnectionStamp>
</importConnectionStamps>
</relationalModel>