<?xml version="1.0" encoding="UTF-8"?>
<java-wsdl-mapping xmlns="http://java.sun.com/xml/ns/j2ee" xmlns:xsi="http://www.w3.org/2001/XMLSchema-instance"
                   xsi:schemaLocation="http://java.sun.com/xml/ns/j2ee   http://www.ibm.com/webservices/xsd/j2ee_jaxrpc_mapping_1_1.xsd"
                   version="1.1">
    <package-mapping>
        <package-type>oraserveri</package-type>
        <namespaceURI>http://oraserveri/WSPLSQL.wsdl/types/</namespaceURI>
    </package-mapping>
    <package-mapping>
        <package-type>oraserveri</package-type>
        <namespaceURI>http://oraserveri/WSPLSQL.wsdl</namespaceURI>
    </package-mapping>
    <java-xml-type-mapping>
        <java-type>oraserveri.WsplsqlRecarticuloUser</java-type>
        <root-type-qname xmlns:typeNS="http://oraserveri/WSPLSQL.wsdl/types/">typeNS:WsplsqlRecarticuloUser</root-type-qname>
        <qname-scope>complexType</qname-scope>
        <variable-mapping>
            <java-variable-name>codigo</java-variable-name>
            <xml-element-name>codigo</xml-element-name>
        </variable-mapping>
        <variable-mapping>
            <java-variable-name>descripcion</java-variable-name>
            <xml-element-name>descripcion</xml-element-name>
        </variable-mapping>
    </java-xml-type-mapping>
    <java-xml-type-mapping>
        <java-type>oraserveri.WsplsqlRecarticuloBase</java-type>
        <root-type-qname xmlns:typeNS="http://oraserveri/WSPLSQL.wsdl/types/">typeNS:WsplsqlRecarticuloBase</root-type-qname>
        <qname-scope>complexType</qname-scope>
    </java-xml-type-mapping>
    <service-interface-mapping>
        <service-interface>oraserveri.WSPLSQL</service-interface>
        <wsdl-service-name xmlns:serviceNS="http://oraserveri/WSPLSQL.wsdl">serviceNS:WSPLSQL</wsdl-service-name>
        <port-mapping>
            <port-name>WSPLSQLPort</port-name>
            <java-port-name>WSPLSQLPort</java-port-name>
        </port-mapping>
    </service-interface-mapping>
    <service-endpoint-interface-mapping>
        <service-endpoint-interface>oraserveri.WSPLSQL</service-endpoint-interface>
        <wsdl-port-type xmlns:portTypeNS="http://oraserveri/WSPLSQL.wsdl">portTypeNS:WSPLSQL</wsdl-port-type>
        <wsdl-binding xmlns:bindingNS="http://oraserveri/WSPLSQL.wsdl">bindingNS:WSPLSQL</wsdl-binding>
        <service-endpoint-method-mapping>
            <java-method-name>funGetarticulosV3</java-method-name>
            <wsdl-operation>funGetarticulosV3</wsdl-operation>
            <wsdl-return-value-mapping>
                <method-return-value>oraserveri.WsplsqlRecarticuloUser</method-return-value>
                <wsdl-message xmlns:wsdlMsgNS="http://oraserveri/WSPLSQL.wsdl">wsdlMsgNS:WSPLSQL_funGetarticulosV3Response</wsdl-message>
                <wsdl-message-part-name>result</wsdl-message-part-name>
            </wsdl-return-value-mapping>
        </service-endpoint-method-mapping>
        <service-endpoint-method-mapping>
            <java-method-name>spBorrarcomponente</java-method-name>
            <wsdl-operation>spBorrarcomponente</wsdl-operation>
            <method-param-parts-mapping>
                <param-position>0</param-position>
                <param-type>java.lang.String</param-type>
                <wsdl-message-mapping>
                    <wsdl-message xmlns:wsdlMsgNS="http://oraserveri/WSPLSQL.wsdl">wsdlMsgNS:WSPLSQL_spBorrarcomponente</wsdl-message>
                    <wsdl-message-part-name>String_1</wsdl-message-part-name>
                    <parameter-mode>IN</parameter-mode>
                </wsdl-message-mapping>
            </method-param-parts-mapping>
            <method-param-parts-mapping>
                <param-position>1</param-position>
                <param-type>java.lang.String</param-type>
                <wsdl-message-mapping>
                    <wsdl-message xmlns:wsdlMsgNS="http://oraserveri/WSPLSQL.wsdl">wsdlMsgNS:WSPLSQL_spBorrarcomponente</wsdl-message>
                    <wsdl-message-part-name>String_2</wsdl-message-part-name>
                    <parameter-mode>IN</parameter-mode>
                </wsdl-message-mapping>
            </method-param-parts-mapping>
        </service-endpoint-method-mapping>
        <service-endpoint-method-mapping>
            <java-method-name>spGetarticulos</java-method-name>
            <wsdl-operation>spGetarticulos</wsdl-operation>
        </service-endpoint-method-mapping>
        <service-endpoint-method-mapping>
            <java-method-name>spGetcomponentes</java-method-name>
            <wsdl-operation>spGetcomponentes</wsdl-operation>
        </service-endpoint-method-mapping>
        <service-endpoint-method-mapping>
            <java-method-name>spInsertararticulo</java-method-name>
            <wsdl-operation>spInsertararticulo</wsdl-operation>
            <method-param-parts-mapping>
                <param-position>0</param-position>
                <param-type>java.lang.String</param-type>
                <wsdl-message-mapping>
                    <wsdl-message xmlns:wsdlMsgNS="http://oraserveri/WSPLSQL.wsdl">wsdlMsgNS:WSPLSQL_spInsertararticulo</wsdl-message>
                    <wsdl-message-part-name>String_1</wsdl-message-part-name>
                    <parameter-mode>IN</parameter-mode>
                </wsdl-message-mapping>
            </method-param-parts-mapping>
            <method-param-parts-mapping>
                <param-position>1</param-position>
                <param-type>java.lang.String</param-type>
                <wsdl-message-mapping>
                    <wsdl-message xmlns:wsdlMsgNS="http://oraserveri/WSPLSQL.wsdl">wsdlMsgNS:WSPLSQL_spInsertararticulo</wsdl-message>
                    <wsdl-message-part-name>String_2</wsdl-message-part-name>
                    <parameter-mode>IN</parameter-mode>
                </wsdl-message-mapping>
            </method-param-parts-mapping>
            <method-param-parts-mapping>
                <param-position>2</param-position>
                <param-type>java.math.BigDecimal</param-type>
                <wsdl-message-mapping>
                    <wsdl-message xmlns:wsdlMsgNS="http://oraserveri/WSPLSQL.wsdl">wsdlMsgNS:WSPLSQL_spInsertararticulo</wsdl-message>
                    <wsdl-message-part-name>BigDecimal_3</wsdl-message-part-name>
                    <parameter-mode>IN</parameter-mode>
                </wsdl-message-mapping>
            </method-param-parts-mapping>
            <method-param-parts-mapping>
                <param-position>3</param-position>
                <param-type>java.math.BigDecimal</param-type>
                <wsdl-message-mapping>
                    <wsdl-message xmlns:wsdlMsgNS="http://oraserveri/WSPLSQL.wsdl">wsdlMsgNS:WSPLSQL_spInsertararticulo</wsdl-message>
                    <wsdl-message-part-name>BigDecimal_4</wsdl-message-part-name>
                    <parameter-mode>IN</parameter-mode>
                </wsdl-message-mapping>
            </method-param-parts-mapping>
            <method-param-parts-mapping>
                <param-position>4</param-position>
                <param-type>java.lang.String</param-type>
                <wsdl-message-mapping>
                    <wsdl-message xmlns:wsdlMsgNS="http://oraserveri/WSPLSQL.wsdl">wsdlMsgNS:WSPLSQL_spInsertararticulo</wsdl-message>
                    <wsdl-message-part-name>String_5</wsdl-message-part-name>
                    <parameter-mode>IN</parameter-mode>
                </wsdl-message-mapping>
            </method-param-parts-mapping>
            <method-param-parts-mapping>
                <param-position>5</param-position>
                <param-type>java.math.BigDecimal</param-type>
                <wsdl-message-mapping>
                    <wsdl-message xmlns:wsdlMsgNS="http://oraserveri/WSPLSQL.wsdl">wsdlMsgNS:WSPLSQL_spInsertararticulo</wsdl-message>
                    <wsdl-message-part-name>BigDecimal_6</wsdl-message-part-name>
                    <parameter-mode>IN</parameter-mode>
                </wsdl-message-mapping>
            </method-param-parts-mapping>
            <method-param-parts-mapping>
                <param-position>6</param-position>
                <param-type>java.math.BigDecimal</param-type>
                <wsdl-message-mapping>
                    <wsdl-message xmlns:wsdlMsgNS="http://oraserveri/WSPLSQL.wsdl">wsdlMsgNS:WSPLSQL_spInsertararticulo</wsdl-message>
                    <wsdl-message-part-name>BigDecimal_7</wsdl-message-part-name>
                    <parameter-mode>IN</parameter-mode>
                </wsdl-message-mapping>
            </method-param-parts-mapping>
            <method-param-parts-mapping>
                <param-position>7</param-position>
                <param-type>java.lang.String</param-type>
                <wsdl-message-mapping>
                    <wsdl-message xmlns:wsdlMsgNS="http://oraserveri/WSPLSQL.wsdl">wsdlMsgNS:WSPLSQL_spInsertararticulo</wsdl-message>
                    <wsdl-message-part-name>String_8</wsdl-message-part-name>
                    <parameter-mode>IN</parameter-mode>
                </wsdl-message-mapping>
            </method-param-parts-mapping>
            <method-param-parts-mapping>
                <param-position>8</param-position>
                <param-type>java.math.BigDecimal</param-type>
                <wsdl-message-mapping>
                    <wsdl-message xmlns:wsdlMsgNS="http://oraserveri/WSPLSQL.wsdl">wsdlMsgNS:WSPLSQL_spInsertararticulo</wsdl-message>
                    <wsdl-message-part-name>BigDecimal_9</wsdl-message-part-name>
                    <parameter-mode>IN</parameter-mode>
                </wsdl-message-mapping>
            </method-param-parts-mapping>
            <method-param-parts-mapping>
                <param-position>9</param-position>
                <param-type>java.math.BigDecimal</param-type>
                <wsdl-message-mapping>
                    <wsdl-message xmlns:wsdlMsgNS="http://oraserveri/WSPLSQL.wsdl">wsdlMsgNS:WSPLSQL_spInsertararticulo</wsdl-message>
                    <wsdl-message-part-name>BigDecimal_10</wsdl-message-part-name>
                    <parameter-mode>IN</parameter-mode>
                </wsdl-message-mapping>
            </method-param-parts-mapping>
            <method-param-parts-mapping>
                <param-position>10</param-position>
                <param-type>java.math.BigDecimal</param-type>
                <wsdl-message-mapping>
                    <wsdl-message xmlns:wsdlMsgNS="http://oraserveri/WSPLSQL.wsdl">wsdlMsgNS:WSPLSQL_spInsertararticulo</wsdl-message>
                    <wsdl-message-part-name>BigDecimal_11</wsdl-message-part-name>
                    <parameter-mode>IN</parameter-mode>
                </wsdl-message-mapping>
            </method-param-parts-mapping>
            <method-param-parts-mapping>
                <param-position>11</param-position>
                <param-type>java.math.BigDecimal</param-type>
                <wsdl-message-mapping>
                    <wsdl-message xmlns:wsdlMsgNS="http://oraserveri/WSPLSQL.wsdl">wsdlMsgNS:WSPLSQL_spInsertararticulo</wsdl-message>
                    <wsdl-message-part-name>BigDecimal_12</wsdl-message-part-name>
                    <parameter-mode>IN</parameter-mode>
                </wsdl-message-mapping>
            </method-param-parts-mapping>
        </service-endpoint-method-mapping>
        <service-endpoint-method-mapping>
            <java-method-name>spInsertarcomponente</java-method-name>
            <wsdl-operation>spInsertarcomponente</wsdl-operation>
            <method-param-parts-mapping>
                <param-position>0</param-position>
                <param-type>java.lang.String</param-type>
                <wsdl-message-mapping>
                    <wsdl-message xmlns:wsdlMsgNS="http://oraserveri/WSPLSQL.wsdl">wsdlMsgNS:WSPLSQL_spInsertarcomponente</wsdl-message>
                    <wsdl-message-part-name>String_1</wsdl-message-part-name>
                    <parameter-mode>IN</parameter-mode>
                </wsdl-message-mapping>
            </method-param-parts-mapping>
            <method-param-parts-mapping>
                <param-position>1</param-position>
                <param-type>java.lang.String</param-type>
                <wsdl-message-mapping>
                    <wsdl-message xmlns:wsdlMsgNS="http://oraserveri/WSPLSQL.wsdl">wsdlMsgNS:WSPLSQL_spInsertarcomponente</wsdl-message>
                    <wsdl-message-part-name>String_2</wsdl-message-part-name>
                    <parameter-mode>IN</parameter-mode>
                </wsdl-message-mapping>
            </method-param-parts-mapping>
        </service-endpoint-method-mapping>
        <service-endpoint-method-mapping>
            <java-method-name>spModificararticulo</java-method-name>
            <wsdl-operation>spModificararticulo</wsdl-operation>
            <method-param-parts-mapping>
                <param-position>0</param-position>
                <param-type>java.lang.String</param-type>
                <wsdl-message-mapping>
                    <wsdl-message xmlns:wsdlMsgNS="http://oraserveri/WSPLSQL.wsdl">wsdlMsgNS:WSPLSQL_spModificararticulo</wsdl-message>
                    <wsdl-message-part-name>String_1</wsdl-message-part-name>
                    <parameter-mode>IN</parameter-mode>
                </wsdl-message-mapping>
            </method-param-parts-mapping>
            <method-param-parts-mapping>
                <param-position>1</param-position>
                <param-type>java.lang.String</param-type>
                <wsdl-message-mapping>
                    <wsdl-message xmlns:wsdlMsgNS="http://oraserveri/WSPLSQL.wsdl">wsdlMsgNS:WSPLSQL_spModificararticulo</wsdl-message>
                    <wsdl-message-part-name>String_2</wsdl-message-part-name>
                    <parameter-mode>IN</parameter-mode>
                </wsdl-message-mapping>
            </method-param-parts-mapping>
            <method-param-parts-mapping>
                <param-position>2</param-position>
                <param-type>java.math.BigDecimal</param-type>
                <wsdl-message-mapping>
                    <wsdl-message xmlns:wsdlMsgNS="http://oraserveri/WSPLSQL.wsdl">wsdlMsgNS:WSPLSQL_spModificararticulo</wsdl-message>
                    <wsdl-message-part-name>BigDecimal_3</wsdl-message-part-name>
                    <parameter-mode>IN</parameter-mode>
                </wsdl-message-mapping>
            </method-param-parts-mapping>
        </service-endpoint-method-mapping>
        <service-endpoint-method-mapping>
            <java-method-name>spModificarcomponente</java-method-name>
            <wsdl-operation>spModificarcomponente</wsdl-operation>
            <method-param-parts-mapping>
                <param-position>0</param-position>
                <param-type>java.lang.String</param-type>
                <wsdl-message-mapping>
                    <wsdl-message xmlns:wsdlMsgNS="http://oraserveri/WSPLSQL.wsdl">wsdlMsgNS:WSPLSQL_spModificarcomponente</wsdl-message>
                    <wsdl-message-part-name>String_1</wsdl-message-part-name>
                    <parameter-mode>IN</parameter-mode>
                </wsdl-message-mapping>
            </method-param-parts-mapping>
            <method-param-parts-mapping>
                <param-position>1</param-position>
                <param-type>java.lang.String</param-type>
                <wsdl-message-mapping>
                    <wsdl-message xmlns:wsdlMsgNS="http://oraserveri/WSPLSQL.wsdl">wsdlMsgNS:WSPLSQL_spModificarcomponente</wsdl-message>
                    <wsdl-message-part-name>String_2</wsdl-message-part-name>
                    <parameter-mode>IN</parameter-mode>
                </wsdl-message-mapping>
            </method-param-parts-mapping>
        </service-endpoint-method-mapping>
    </service-endpoint-interface-mapping>
</java-wsdl-mapping>

