<?xml version = '1.0' encoding = 'UTF-8'?>
<TableProxyOraclev11g class="oracle.dbtools.crest.model.design.storage.oracle.v11g.TableProxyOraclev11g" name="T_ARTICULOS" directorySegmentName="seg_0" id="0660332F-3282-D41F-0D38-732C7E942184">
<createdBy>riho</createdBy>
<createdTime>2015-04-17 22:47:15 UTC</createdTime>
<ownerDesignName>IC4302-DB2-Progra1-TEC</ownerDesignName>
<schemaObject>887EEE25-4325-0FDB-46F4-CA761433F2BF</schemaObject>
<logging>YES</logging>
<partitionedRowMovement>DISABLE</partitionedRowMovement>
<segment>1FC080AE-E47C-0EC9-99B3-2F77123479F3</segment>
<tableSpace>57CBD3EB-6EB7-5405-83B4-A9C0DD986185</tableSpace>
<temporaryChanged>false</temporaryChanged>
<accessDriverType>oracle_loader</accessDriverType>
<rejectLimit></rejectLimit>
<indexProxies>
<IndexProxy class="oracle.dbtools.crest.model.design.storage.oracle.v10g.IndexProxyOraclev10g" name="T_ARTICULOS_PK" id="3D209997-590A-3BEF-EA4F-05D85277B241">
<createdBy>riho</createdBy>
<createdTime>2015-04-17 22:47:16 UTC</createdTime>
<ownerDesignName>IC4302-DB2-Progra1-TEC</ownerDesignName>
<schemaObject>887EEE25-4325-0FDB-46F4-CA761433F2BF</schemaObject>
<segment>0ADC54F7-6669-7898-8318-96765888DF46</segment>
<tableSpace>57CBD3EB-6EB7-5405-83B4-A9C0DD986185</tableSpace>
</IndexProxy>
</indexProxies>
<columnProxies itemClass="oracle.dbtools.crest.model.design.storage.oracle.v12c.ColumnProxyOraclev12c">
<ColumnProxy name="CODMARCA" id="11C0B4E3-35FC-412F-56B5-BE561730182C">
<createdBy>riho</createdBy>
<createdTime>2015-04-17 22:47:16 UTC</createdTime>
<ownerDesignName>IC4302-DB2-Progra1-TEC</ownerDesignName>
</ColumnProxy>
<ColumnProxy name="FECREGISTRO" id="1EB7AA64-006A-75A4-9F37-25E689F4708C">
<createdBy>riho</createdBy>
<createdTime>2015-04-17 22:47:16 UTC</createdTime>
<ownerDesignName>IC4302-DB2-Progra1-TEC</ownerDesignName>
</ColumnProxy>
<ColumnProxy name="MODELO" id="2AE4E285-3086-CA98-84EC-B1F7D02F1823">
<createdBy>riho</createdBy>
<createdTime>2015-04-17 22:47:16 UTC</createdTime>
<ownerDesignName>IC4302-DB2-Progra1-TEC</ownerDesignName>
</ColumnProxy>
<ColumnProxy name="CODFAMILIA" id="6E5C65A3-7CD3-7565-B64D-09CEDFADDEDF">
<createdBy>riho</createdBy>
<createdTime>2015-04-17 22:47:16 UTC</createdTime>
<ownerDesignName>IC4302-DB2-Progra1-TEC</ownerDesignName>
</ColumnProxy>
<ColumnProxy name="FECHAACTPRECIO" id="7F19AFA6-5326-B636-5432-200AEE6DC4D9">
<createdBy>riho</createdBy>
<createdTime>2015-04-17 22:47:16 UTC</createdTime>
<ownerDesignName>IC4302-DB2-Progra1-TEC</ownerDesignName>
</ColumnProxy>
<ColumnProxy name="CODESTARTICULO" id="895E55BD-F868-D7A5-F57C-B8416F264102">
<createdBy>riho</createdBy>
<createdTime>2015-04-17 22:47:16 UTC</createdTime>
<ownerDesignName>IC4302-DB2-Progra1-TEC</ownerDesignName>
</ColumnProxy>
<ColumnProxy name="CANTMINIMA" id="93765B67-4EE8-51E9-2976-8037E0C4DBCB">
<createdBy>riho</createdBy>
<createdTime>2015-04-17 22:47:16 UTC</createdTime>
<ownerDesignName>IC4302-DB2-Progra1-TEC</ownerDesignName>
</ColumnProxy>
<ColumnProxy name="CODIGO" id="B492BC08-E102-807A-18E3-C6474A8EB5DB">
<createdBy>riho</createdBy>
<createdTime>2015-04-17 22:47:16 UTC</createdTime>
<ownerDesignName>IC4302-DB2-Progra1-TEC</ownerDesignName>
</ColumnProxy>
<ColumnProxy name="CANTMAXIMA" id="C1DAA6EE-33CB-7101-F007-779EA2D444D0">
<createdBy>riho</createdBy>
<createdTime>2015-04-17 22:47:16 UTC</createdTime>
<ownerDesignName>IC4302-DB2-Progra1-TEC</ownerDesignName>
</ColumnProxy>
<ColumnProxy name="PRECIOMERCDOLARES" id="C215B0F7-AC3E-BACC-F4DF-45EE65C13722">
<createdBy>riho</createdBy>
<createdTime>2015-04-17 22:47:16 UTC</createdTime>
<ownerDesignName>IC4302-DB2-Progra1-TEC</ownerDesignName>
</ColumnProxy>
<ColumnProxy name="CODUSERREGISTRO" id="D1F650B6-C48B-95E8-781E-3A54A6A8707B">
<createdBy>riho</createdBy>
<createdTime>2015-04-17 22:47:16 UTC</createdTime>
<ownerDesignName>IC4302-DB2-Progra1-TEC</ownerDesignName>
</ColumnProxy>
<ColumnProxy name="UNDMEDIDA" id="DCDDC526-32D5-3D0B-A4DF-E50FFD81D505">
<createdBy>riho</createdBy>
<createdTime>2015-04-17 22:47:16 UTC</createdTime>
<ownerDesignName>IC4302-DB2-Progra1-TEC</ownerDesignName>
</ColumnProxy>
<ColumnProxy name="CANTIDAD" id="DF5D58D0-2021-38AB-1603-E9143C39D7A0">
<createdBy>riho</createdBy>
<createdTime>2015-04-17 22:47:16 UTC</createdTime>
<ownerDesignName>IC4302-DB2-Progra1-TEC</ownerDesignName>
</ColumnProxy>
<ColumnProxy name="DESCRIPCION" id="FAEC4259-1E12-9E1E-C0E5-ECAD7498F20C">
<createdBy>riho</createdBy>
<createdTime>2015-04-17 22:47:16 UTC</createdTime>
<ownerDesignName>IC4302-DB2-Progra1-TEC</ownerDesignName>
</ColumnProxy>
</columnProxies>
<foreignKeys>
<ForeignKey class="oracle.dbtools.crest.model.design.storage.oracle.v10g.FKProxyOraclev10g" name="FKT_ARTICULO904486" id="23863D9E-89BF-F9E0-8B1B-3B6ABE740324">
<createdBy>riho</createdBy>
<createdTime>2015-04-17 22:47:18 UTC</createdTime>
<ownerDesignName>IC4302-DB2-Progra1-TEC</ownerDesignName>
</ForeignKey>
<ForeignKey class="oracle.dbtools.crest.model.design.storage.oracle.v10g.FKProxyOraclev10g" name="FKT_ARTICULO570863" id="6209D412-0C9F-2F65-2595-9E88CFA2C64B">
<createdBy>riho</createdBy>
<createdTime>2015-04-17 22:47:18 UTC</createdTime>
<ownerDesignName>IC4302-DB2-Progra1-TEC</ownerDesignName>
</ForeignKey>
<ForeignKey class="oracle.dbtools.crest.model.design.storage.oracle.v10g.FKProxyOraclev10g" name="FKT_ARTICULO578076" id="9548493B-397F-BBE2-C85D-9A782395436E">
<createdBy>riho</createdBy>
<createdTime>2015-04-17 22:47:18 UTC</createdTime>
<ownerDesignName>IC4302-DB2-Progra1-TEC</ownerDesignName>
</ForeignKey>
<ForeignKey class="oracle.dbtools.crest.model.design.storage.oracle.v10g.FKProxyOraclev10g" name="FKT_ARTICULO848891" id="9FD3A6B3-7D8D-DAC8-D6BE-93BD320153A8">
<createdBy>riho</createdBy>
<createdTime>2015-04-17 22:47:18 UTC</createdTime>
<ownerDesignName>IC4302-DB2-Progra1-TEC</ownerDesignName>
</ForeignKey>
<ForeignKey class="oracle.dbtools.crest.model.design.storage.oracle.v10g.FKProxyOraclev10g" name="FKT_ARTICULO840016" id="F1AD1BD5-D33E-91A9-AACE-78657C9CAFEC">
<createdBy>riho</createdBy>
<createdTime>2015-04-17 22:47:18 UTC</createdTime>
<ownerDesignName>IC4302-DB2-Progra1-TEC</ownerDesignName>
</ForeignKey>
</foreignKeys>
<primaryKeys>
<PrimaryKey class="oracle.dbtools.crest.model.design.storage.oracle.v10g.PKProxyOraclev10g" name="T_ARTICULOS_PK" id="0B4F952D-94F0-8EAA-24B9-D4BA5AE0EBDE">
<createdBy>riho</createdBy>
<createdTime>2015-04-17 22:47:17 UTC</createdTime>
<ownerDesignName>IC4302-DB2-Progra1-TEC</ownerDesignName>
<segment>0ADC54F7-6669-7898-8318-96765888DF46</segment>
<tableSpace>57CBD3EB-6EB7-5405-83B4-A9C0DD986185</tableSpace>
<existingIndex>3D209997-590A-3BEF-EA4F-05D85277B241</existingIndex>
<indexSegment>0ADC54F7-6669-7898-8318-96765888DF46</indexSegment>
<indexSort>SORTED</indexSort>
<usingIndex>BY INDEX NAME</usingIndex>
</PrimaryKey>
</primaryKeys>
</TableProxyOraclev11g>