<?xml version = '1.0' encoding = 'UTF-8'?>
<TableProxyOraclev11g class="oracle.dbtools.crest.model.design.storage.oracle.v11g.TableProxyOraclev11g" name="T_TIPOCONTACTOS" directorySegmentName="seg_0" id="3314E968-A06B-929F-12D3-A93D7EAAB89A">
<createdBy>riho</createdBy>
<createdTime>2015-04-17 22:47:16 UTC</createdTime>
<ownerDesignName>IC4302-DB2-Progra1-TEC</ownerDesignName>
<schemaObject>887EEE25-4325-0FDB-46F4-CA761433F2BF</schemaObject>
<logging>YES</logging>
<partitionedRowMovement>DISABLE</partitionedRowMovement>
<segment>A405B916-0F64-EAAE-BE2D-F17298043A39</segment>
<tableSpace>57CBD3EB-6EB7-5405-83B4-A9C0DD986185</tableSpace>
<temporaryChanged>false</temporaryChanged>
<accessDriverType>oracle_loader</accessDriverType>
<rejectLimit></rejectLimit>
<indexProxies>
<IndexProxy class="oracle.dbtools.crest.model.design.storage.oracle.v10g.IndexProxyOraclev10g" name="T_TIPOCONTACTOS_PK" id="6AB255F0-D9B1-4ECE-2B90-AF988C8B2CC0">
<createdBy>riho</createdBy>
<createdTime>2015-04-17 22:47:16 UTC</createdTime>
<ownerDesignName>IC4302-DB2-Progra1-TEC</ownerDesignName>
<schemaObject>887EEE25-4325-0FDB-46F4-CA761433F2BF</schemaObject>
<segment>0ADC54F7-6669-7898-8318-96765888DF46</segment>
<tableSpace>57CBD3EB-6EB7-5405-83B4-A9C0DD986185</tableSpace>
</IndexProxy>
</indexProxies>
<columnProxies itemClass="oracle.dbtools.crest.model.design.storage.oracle.v12c.ColumnProxyOraclev12c">
<ColumnProxy name="NOMBRE" id="3F0BA346-EE8D-EC92-EFAC-F49FB801DE76">
<createdBy>riho</createdBy>
<createdTime>2015-04-17 22:47:16 UTC</createdTime>
<ownerDesignName>IC4302-DB2-Progra1-TEC</ownerDesignName>
</ColumnProxy>
<ColumnProxy name="CODTIPOCONTACTO" id="B2744198-DCCE-2C0F-964D-10CC9B09FBE5">
<createdBy>riho</createdBy>
<createdTime>2015-04-17 22:47:16 UTC</createdTime>
<ownerDesignName>IC4302-DB2-Progra1-TEC</ownerDesignName>
</ColumnProxy>
</columnProxies>
<primaryKeys>
<PrimaryKey class="oracle.dbtools.crest.model.design.storage.oracle.v10g.PKProxyOraclev10g" name="T_TIPOCONTACTOS_PK" id="4A30C993-FE0A-9C54-FC0A-8133D10EAFFC">
<createdBy>riho</createdBy>
<createdTime>2015-04-17 22:47:17 UTC</createdTime>
<ownerDesignName>IC4302-DB2-Progra1-TEC</ownerDesignName>
<segment>0ADC54F7-6669-7898-8318-96765888DF46</segment>
<tableSpace>57CBD3EB-6EB7-5405-83B4-A9C0DD986185</tableSpace>
<existingIndex>6AB255F0-D9B1-4ECE-2B90-AF988C8B2CC0</existingIndex>
<indexSegment>0ADC54F7-6669-7898-8318-96765888DF46</indexSegment>
<indexSort>SORTED</indexSort>
<usingIndex>BY INDEX NAME</usingIndex>
</PrimaryKey>
</primaryKeys>
</TableProxyOraclev11g>