<?xml version = '1.0' encoding = 'UTF-8'?>
<TableProxyOraclev11g class="oracle.dbtools.crest.model.design.storage.oracle.v11g.TableProxyOraclev11g" name="T_EMPRESA" directorySegmentName="seg_0" id="B44BC783-7C10-F23E-5EF0-FC8B941E3707">
<createdBy>riho</createdBy>
<createdTime>2015-04-17 22:47:15 UTC</createdTime>
<ownerDesignName>IC4302-DB2-Progra1-TEC</ownerDesignName>
<schemaObject>887EEE25-4325-0FDB-46F4-CA761433F2BF</schemaObject>
<logging>YES</logging>
<partitionedRowMovement>DISABLE</partitionedRowMovement>
<segment>1FC080AE-E47C-0EC9-99B3-2F77123479F3</segment>
<tableSpace>57CBD3EB-6EB7-5405-83B4-A9C0DD986185</tableSpace>
<temporaryChanged>false</temporaryChanged>
<accessDriverType>oracle_loader</accessDriverType>
<rejectLimit></rejectLimit>
<indexProxies>
<IndexProxy class="oracle.dbtools.crest.model.design.storage.oracle.v10g.IndexProxyOraclev10g" name="T_EMPRESA_PK" id="E68F87B1-EEE0-193E-064B-6995CE149E8A">
<createdBy>riho</createdBy>
<createdTime>2015-04-17 22:47:16 UTC</createdTime>
<ownerDesignName>IC4302-DB2-Progra1-TEC</ownerDesignName>
<schemaObject>887EEE25-4325-0FDB-46F4-CA761433F2BF</schemaObject>
<segment>0ADC54F7-6669-7898-8318-96765888DF46</segment>
<tableSpace>57CBD3EB-6EB7-5405-83B4-A9C0DD986185</tableSpace>
</IndexProxy>
</indexProxies>
<columnProxies itemClass="oracle.dbtools.crest.model.design.storage.oracle.v12c.ColumnProxyOraclev12c">
<ColumnProxy name="CEDULAJURIDICA" id="43F231BC-AE2D-8C1E-B96A-416F8504F1C4">
<createdBy>riho</createdBy>
<createdTime>2015-04-17 22:47:16 UTC</createdTime>
<ownerDesignName>IC4302-DB2-Progra1-TEC</ownerDesignName>
</ColumnProxy>
<ColumnProxy name="CODTIPOEMPRESA" id="B7934888-C19A-D6F2-4366-2AF4B6E8BE79">
<createdBy>riho</createdBy>
<createdTime>2015-04-17 22:47:16 UTC</createdTime>
<ownerDesignName>IC4302-DB2-Progra1-TEC</ownerDesignName>
</ColumnProxy>
<ColumnProxy name="DIRECCION" id="ECDA55B7-184B-11AA-5DA7-92A887280AA7">
<createdBy>riho</createdBy>
<createdTime>2015-04-17 22:47:16 UTC</createdTime>
<ownerDesignName>IC4302-DB2-Progra1-TEC</ownerDesignName>
</ColumnProxy>
<ColumnProxy name="NOMBRECOMERCIAL" id="FFBB3E68-DDEA-514B-CC44-FBED5D6A793E">
<createdBy>riho</createdBy>
<createdTime>2015-04-17 22:47:16 UTC</createdTime>
<ownerDesignName>IC4302-DB2-Progra1-TEC</ownerDesignName>
</ColumnProxy>
</columnProxies>
<foreignKeys>
<ForeignKey class="oracle.dbtools.crest.model.design.storage.oracle.v10g.FKProxyOraclev10g" name="FKT_EMPRESA469254" id="46E89538-F0F4-45E8-3009-15A99D600BC7">
<createdBy>riho</createdBy>
<createdTime>2015-04-17 22:47:18 UTC</createdTime>
<ownerDesignName>IC4302-DB2-Progra1-TEC</ownerDesignName>
</ForeignKey>
<ForeignKey class="oracle.dbtools.crest.model.design.storage.oracle.v10g.FKProxyOraclev10g" name="FKT_EMPRESA228590" id="D7F9EC80-0641-3CB7-446E-5646C03A6935">
<createdBy>riho</createdBy>
<createdTime>2015-04-17 22:47:18 UTC</createdTime>
<ownerDesignName>IC4302-DB2-Progra1-TEC</ownerDesignName>
</ForeignKey>
</foreignKeys>
<primaryKeys>
<PrimaryKey class="oracle.dbtools.crest.model.design.storage.oracle.v10g.PKProxyOraclev10g" name="T_EMPRESA_PK" id="D0B85F55-9514-9391-7BC2-0AE157843385">
<createdBy>riho</createdBy>
<createdTime>2015-04-17 22:47:17 UTC</createdTime>
<ownerDesignName>IC4302-DB2-Progra1-TEC</ownerDesignName>
<segment>0ADC54F7-6669-7898-8318-96765888DF46</segment>
<tableSpace>57CBD3EB-6EB7-5405-83B4-A9C0DD986185</tableSpace>
<existingIndex>E68F87B1-EEE0-193E-064B-6995CE149E8A</existingIndex>
<indexSegment>0ADC54F7-6669-7898-8318-96765888DF46</indexSegment>
<indexSort>SORTED</indexSort>
<usingIndex>BY INDEX NAME</usingIndex>
</PrimaryKey>
</primaryKeys>
</TableProxyOraclev11g>