<?xml version = '1.0' encoding = 'UTF-8'?>
<TableProxyOraclev11g class="oracle.dbtools.crest.model.design.storage.oracle.v11g.TableProxyOraclev11g" name="T_LINEASFACTURACOMPRAS" directorySegmentName="seg_0" id="DC8B9ED6-5249-E76A-0851-196CBA716E2C">
<createdBy>riho</createdBy>
<createdTime>2015-04-17 22:47:15 UTC</createdTime>
<ownerDesignName>IC4302-DB2-Progra1-TEC</ownerDesignName>
<schemaObject>887EEE25-4325-0FDB-46F4-CA761433F2BF</schemaObject>
<logging>YES</logging>
<partitionedRowMovement>DISABLE</partitionedRowMovement>
<segment>348F1196-13E4-CEEF-C298-B4EBB83BB57D</segment>
<tableSpace>57CBD3EB-6EB7-5405-83B4-A9C0DD986185</tableSpace>
<temporaryChanged>false</temporaryChanged>
<accessDriverType>oracle_loader</accessDriverType>
<rejectLimit></rejectLimit>
<indexProxies>
<IndexProxy class="oracle.dbtools.crest.model.design.storage.oracle.v10g.IndexProxyOraclev10g" name="T_LINEASFACTURACOMPRAS_PK" id="0DD54638-1CAA-2376-02D5-F7AB3E911348">
<createdBy>riho</createdBy>
<createdTime>2015-04-17 22:47:16 UTC</createdTime>
<ownerDesignName>IC4302-DB2-Progra1-TEC</ownerDesignName>
<schemaObject>887EEE25-4325-0FDB-46F4-CA761433F2BF</schemaObject>
<segment>0ADC54F7-6669-7898-8318-96765888DF46</segment>
<tableSpace>57CBD3EB-6EB7-5405-83B4-A9C0DD986185</tableSpace>
</IndexProxy>
</indexProxies>
<columnProxies itemClass="oracle.dbtools.crest.model.design.storage.oracle.v12c.ColumnProxyOraclev12c">
<ColumnProxy name="CODFACTURA" id="11B19689-BBCB-B789-6F54-A17416CEFD27">
<createdBy>riho</createdBy>
<createdTime>2015-04-17 22:47:16 UTC</createdTime>
<ownerDesignName>IC4302-DB2-Progra1-TEC</ownerDesignName>
</ColumnProxy>
<ColumnProxy name="CODARTICULO" id="2E374B1C-DAFA-7639-734D-F705FF8DE8E4">
<createdBy>riho</createdBy>
<createdTime>2015-04-17 22:47:16 UTC</createdTime>
<ownerDesignName>IC4302-DB2-Progra1-TEC</ownerDesignName>
</ColumnProxy>
<ColumnProxy name="CANTIDAD" id="9222AB0F-858A-92A0-4159-EC668CF116F6">
<createdBy>riho</createdBy>
<createdTime>2015-04-17 22:47:16 UTC</createdTime>
<ownerDesignName>IC4302-DB2-Progra1-TEC</ownerDesignName>
</ColumnProxy>
<ColumnProxy name="PRECIODOLARES" id="A21719A8-05DF-CAF6-5656-69EB8C6042E6">
<createdBy>riho</createdBy>
<createdTime>2015-04-17 22:47:16 UTC</createdTime>
<ownerDesignName>IC4302-DB2-Progra1-TEC</ownerDesignName>
</ColumnProxy>
</columnProxies>
<foreignKeys>
<ForeignKey class="oracle.dbtools.crest.model.design.storage.oracle.v10g.FKProxyOraclev10g" name="FKT_LINEASFA50873" id="1FBE29B5-4FFD-07C9-276A-F55140156909">
<createdBy>riho</createdBy>
<createdTime>2015-04-17 22:47:18 UTC</createdTime>
<ownerDesignName>IC4302-DB2-Progra1-TEC</ownerDesignName>
</ForeignKey>
<ForeignKey class="oracle.dbtools.crest.model.design.storage.oracle.v10g.FKProxyOraclev10g" name="FKT_LINEASFA481568" id="E8349ADC-3C59-C7F6-BFB1-1BB1EF51C2DB">
<createdBy>riho</createdBy>
<createdTime>2015-04-17 22:47:18 UTC</createdTime>
<ownerDesignName>IC4302-DB2-Progra1-TEC</ownerDesignName>
</ForeignKey>
</foreignKeys>
<primaryKeys>
<PrimaryKey class="oracle.dbtools.crest.model.design.storage.oracle.v10g.PKProxyOraclev10g" name="T_LINEASFACTURACOMPRAS_PK" id="EAA9DCB6-06CD-3A29-EED4-971DBDA6E6E6">
<createdBy>riho</createdBy>
<createdTime>2015-04-17 22:47:17 UTC</createdTime>
<ownerDesignName>IC4302-DB2-Progra1-TEC</ownerDesignName>
<segment>0ADC54F7-6669-7898-8318-96765888DF46</segment>
<tableSpace>57CBD3EB-6EB7-5405-83B4-A9C0DD986185</tableSpace>
<existingIndex>0DD54638-1CAA-2376-02D5-F7AB3E911348</existingIndex>
<indexSegment>0ADC54F7-6669-7898-8318-96765888DF46</indexSegment>
<indexSort>SORTED</indexSort>
<usingIndex>BY INDEX NAME</usingIndex>
</PrimaryKey>
</primaryKeys>
</TableProxyOraclev11g>