<?xml version = '1.0' encoding = 'UTF-8'?>
<TableProxyOraclev11g class="oracle.dbtools.crest.model.design.storage.oracle.v11g.TableProxyOraclev11g" name="T_CUIDADES" directorySegmentName="seg_0" id="DF682E59-8DA3-E1C7-C3F3-4B81338CA866">
<createdBy>riho</createdBy>
<createdTime>2015-04-17 22:47:15 UTC</createdTime>
<ownerDesignName>IC4302-DB2-Progra1-TEC</ownerDesignName>
<schemaObject>887EEE25-4325-0FDB-46F4-CA761433F2BF</schemaObject>
<logging>YES</logging>
<partitionedRowMovement>DISABLE</partitionedRowMovement>
<segment>A405B916-0F64-EAAE-BE2D-F17298043A39</segment>
<tableSpace>57CBD3EB-6EB7-5405-83B4-A9C0DD986185</tableSpace>
<temporaryChanged>false</temporaryChanged>
<accessDriverType>oracle_loader</accessDriverType>
<rejectLimit></rejectLimit>
<indexProxies>
<IndexProxy class="oracle.dbtools.crest.model.design.storage.oracle.v10g.IndexProxyOraclev10g" name="T_CUIDADES_PK" id="3829E3D0-0565-81D1-FF69-6FF15B3279C7">
<createdBy>riho</createdBy>
<createdTime>2015-04-17 22:47:16 UTC</createdTime>
<ownerDesignName>IC4302-DB2-Progra1-TEC</ownerDesignName>
<schemaObject>887EEE25-4325-0FDB-46F4-CA761433F2BF</schemaObject>
<segment>0ADC54F7-6669-7898-8318-96765888DF46</segment>
<tableSpace>57CBD3EB-6EB7-5405-83B4-A9C0DD986185</tableSpace>
</IndexProxy>
</indexProxies>
<columnProxies itemClass="oracle.dbtools.crest.model.design.storage.oracle.v12c.ColumnProxyOraclev12c">
<ColumnProxy name="CODCIUDAD" id="29DC7166-B9C0-7607-9F00-19C5BDAC2298">
<createdBy>riho</createdBy>
<createdTime>2015-04-17 22:47:16 UTC</createdTime>
<ownerDesignName>IC4302-DB2-Progra1-TEC</ownerDesignName>
</ColumnProxy>
<ColumnProxy name="CODPROVINCIA" id="77DCDFBD-D0AA-FF75-A47E-95A90CC1B8A5">
<createdBy>riho</createdBy>
<createdTime>2015-04-17 22:47:16 UTC</createdTime>
<ownerDesignName>IC4302-DB2-Progra1-TEC</ownerDesignName>
</ColumnProxy>
<ColumnProxy name="NOMBRE" id="B1FECF46-6CBA-A187-0BBC-36314A4BBB9A">
<createdBy>riho</createdBy>
<createdTime>2015-04-17 22:47:16 UTC</createdTime>
<ownerDesignName>IC4302-DB2-Progra1-TEC</ownerDesignName>
</ColumnProxy>
</columnProxies>
<foreignKeys>
<ForeignKey class="oracle.dbtools.crest.model.design.storage.oracle.v10g.FKProxyOraclev10g" name="FKT_CUIDADES473810" id="CB1C311D-1A9D-51E4-6C35-C7425547DF57">
<createdBy>riho</createdBy>
<createdTime>2015-04-17 22:47:18 UTC</createdTime>
<ownerDesignName>IC4302-DB2-Progra1-TEC</ownerDesignName>
</ForeignKey>
</foreignKeys>
<primaryKeys>
<PrimaryKey class="oracle.dbtools.crest.model.design.storage.oracle.v10g.PKProxyOraclev10g" name="T_CUIDADES_PK" id="CE4FAA4D-40FA-C86C-A8C1-23A8D242A6AE">
<createdBy>riho</createdBy>
<createdTime>2015-04-17 22:47:17 UTC</createdTime>
<ownerDesignName>IC4302-DB2-Progra1-TEC</ownerDesignName>
<segment>0ADC54F7-6669-7898-8318-96765888DF46</segment>
<tableSpace>57CBD3EB-6EB7-5405-83B4-A9C0DD986185</tableSpace>
<existingIndex>3829E3D0-0565-81D1-FF69-6FF15B3279C7</existingIndex>
<indexSegment>0ADC54F7-6669-7898-8318-96765888DF46</indexSegment>
<indexSort>SORTED</indexSort>
<usingIndex>BY INDEX NAME</usingIndex>
</PrimaryKey>
</primaryKeys>
</TableProxyOraclev11g>