<?xml version = '1.0' encoding = 'UTF-8'?>
<Diagram class="oracle.dbtools.crest.swingui.relational.DPVRelational" name="Relational_1" id="1F4175C3-725B-B2FE-B574-50227D7E38CE">
<createdBy>kescobar</createdBy>
<createdTime>2015-04-21 15:58:35 UTC</createdTime>
<autoRoute>false</autoRoute>
<boxInbox>true</boxInbox>
<showLegend>false</showLegend>
<showLabels>false</showLabels>
<showRelAttributes>false</showRelAttributes>
<showGrid>false</showGrid>
<diagramColor>-1</diagramColor>
<display>false</display>
<notation>1</notation>
<objectViews>
<OView class="oracle.dbtools.crest.swingui.relational.TVTable" oid="01B038AE-867C-47B7-281E-DE33DD956887" otype="Table" vid="EECD592A-301F-8F01-E43E-5F8916A5E970">
<hideElementsInCurrentOnly>false</hideElementsInCurrentOnly>
<bounds x="1064" y="804" width="236" height="136"/>
</OView>
<OView class="oracle.dbtools.crest.swingui.relational.TVTable" oid="071557F1-9095-B42F-1C66-DD0F4DAA5FEC" otype="Table" vid="B2376CCE-3635-58B6-D3C2-3FD3BE60C42F">
<hideElementsInCurrentOnly>false</hideElementsInCurrentOnly>
<bounds x="748" y="20" width="241" height="94"/>
</OView>
<OView class="oracle.dbtools.crest.swingui.relational.TVTable" oid="0BACE75E-3D06-88F5-0808-533FCC642E5D" otype="Table" vid="D3A9F996-D13A-9AEE-078E-E39892BA47B3">
<hideElementsInCurrentOnly>false</hideElementsInCurrentOnly>
<bounds x="2470" y="772" width="236" height="94"/>
</OView>
<OView class="oracle.dbtools.crest.swingui.relational.TVTable" oid="0DB76F8F-8909-82F5-C7A6-A53C6955262D" otype="Table" vid="46CC1D65-9689-E374-4479-9CB8B1664E87">
<hideElementsInCurrentOnly>false</hideElementsInCurrentOnly>
<bounds x="2551" y="1438" width="236" height="94"/>
</OView>
<OView class="oracle.dbtools.crest.swingui.relational.TVTable" oid="1318D7DB-C566-F09B-E7FA-AB26160990C9" otype="Table" vid="C16D497D-2540-B174-9A80-C3A5DA45A89E">
<hideElementsInCurrentOnly>false</hideElementsInCurrentOnly>
<bounds x="735" y="1612" width="170" height="94"/>
</OView>
<OView class="oracle.dbtools.crest.swingui.relational.TVTable" oid="1B8BE722-900A-BA6E-01AD-C834807F61CD" otype="Table" vid="37780A68-C8CB-3569-1C28-074E064EA609">
<hideElementsInCurrentOnly>false</hideElementsInCurrentOnly>
<bounds x="1608" y="434" width="337" height="144"/>
</OView>
<OView class="oracle.dbtools.crest.swingui.relational.TVTable" oid="1DD023D0-F3B0-9022-BAC5-332EED46191C" otype="Table" vid="C6B62140-F318-0814-5E48-0BE29CAD1166">
<hideElementsInCurrentOnly>false</hideElementsInCurrentOnly>
<bounds x="2106" y="1278" width="270" height="142"/>
</OView>
<OView class="oracle.dbtools.crest.swingui.relational.TVTable" oid="2EC31CE6-F112-07A7-C9D1-1E56071CCD2C" otype="Table" vid="673D48B0-10B4-49E1-1C9D-599A0D35A7A6">
<hideElementsInCurrentOnly>false</hideElementsInCurrentOnly>
<bounds x="735" y="1020" width="249" height="156"/>
</OView>
<OView class="oracle.dbtools.crest.swingui.relational.TVTable" oid="2F31B2EB-D6E8-CCBD-2394-30E99F12D790" otype="Table" vid="6C840F4C-8728-329C-B8DD-6CAA3F55B17A">
<hideElementsInCurrentOnly>false</hideElementsInCurrentOnly>
<bounds x="2106" y="280" width="279" height="122"/>
</OView>
<OView class="oracle.dbtools.crest.swingui.relational.TVTable" oid="4571A8E1-C4D1-CF05-C4A9-9B1982D0D438" otype="Table" vid="686A510F-7DC1-4B94-77AE-B3C97390E48B">
<hideElementsInCurrentOnly>false</hideElementsInCurrentOnly>
<bounds x="735" y="1424" width="244" height="128"/>
</OView>
<OView class="oracle.dbtools.crest.swingui.relational.TVTable" oid="4C861B89-FDF6-6A42-1490-268C3AAC781A" otype="Table" vid="A9937476-64EA-DF5D-0879-1ED2E17F052F">
<hideElementsInCurrentOnly>false</hideElementsInCurrentOnly>
<bounds x="2106" y="462" width="286" height="142"/>
</OView>
<OView class="oracle.dbtools.crest.swingui.relational.TVTable" oid="4D857F87-318C-5E89-107E-12D975DAF8E0" otype="Table" vid="E0836637-F7DE-5CFA-71C0-2C5EBDA2D8E7">
<hideElementsInCurrentOnly>false</hideElementsInCurrentOnly>
<bounds x="2470" y="664" width="262" height="88"/>
</OView>
<OView class="oracle.dbtools.crest.swingui.relational.TVTable" oid="4FA37836-F43D-8428-86BA-F2FF9BCFC986" otype="Table" vid="F9E472FA-43AD-E9A3-A874-B4EEECE87F5B">
<hideElementsInCurrentOnly>false</hideElementsInCurrentOnly>
<bounds x="756" y="434" width="236" height="94"/>
</OView>
<OView class="oracle.dbtools.crest.swingui.relational.TVTable" oid="54118FD5-C568-F474-BABF-578111250B09" otype="Table" vid="8B1410F3-8768-564B-19B7-7973CA1AFE3D">
<hideElementsInCurrentOnly>false</hideElementsInCurrentOnly>
<bounds x="383" y="1020" width="271" height="156"/>
</OView>
<OView class="oracle.dbtools.crest.swingui.relational.TVTable" oid="576A6CAE-5118-8E71-2BB7-3DE5638B4C8E" otype="Table" vid="BD44815B-4DC5-78D3-E2D0-D726DD112851">
<hideElementsInCurrentOnly>false</hideElementsInCurrentOnly>
<bounds x="383" y="804" width="255" height="156"/>
</OView>
<OView class="oracle.dbtools.crest.swingui.relational.TVTable" oid="6167440A-B006-DD6F-E46F-21F874DD1AE1" otype="Table" vid="DFF371A2-9104-C897-5CF1-E4A3FEE02349">
<hideElementsInCurrentOnly>false</hideElementsInCurrentOnly>
<bounds x="2895" y="1062" width="236" height="94"/>
</OView>
<OView class="oracle.dbtools.crest.swingui.relational.TVTable" oid="6DCD1154-DE79-EA96-2B8F-1CC7F2D7840B" otype="Table" vid="5F29C197-C4C9-2D9A-8182-51E53FE2E7FF">
<hideElementsInCurrentOnly>false</hideElementsInCurrentOnly>
<bounds x="2470" y="886" width="236" height="94"/>
</OView>
<OView class="oracle.dbtools.crest.swingui.relational.TVTable" oid="75528F44-B2D7-0F95-A530-A8FBB32B38E7" otype="Table" vid="545DCC78-EB42-BF8D-95C9-1BAB7E2009C4">
<hideElementsInCurrentOnly>false</hideElementsInCurrentOnly>
<bounds x="735" y="1236" width="244" height="128"/>
</OView>
<OView class="oracle.dbtools.crest.swingui.relational.TVTable" oid="8EB8DFEE-E31F-4EFC-8877-FEEA8CB5DE80" otype="Table" vid="B08B9555-94A5-DB9A-0EBE-1D10DD40E010">
<hideElementsInCurrentOnly>false</hideElementsInCurrentOnly>
<bounds x="2551" y="1250" width="264" height="128"/>
</OView>
<OView class="oracle.dbtools.crest.swingui.relational.TVTable" oid="96A6C8F8-DB55-7EE2-6EBE-38A50EE7B17E" otype="Table" vid="0776647A-490F-0163-A0B7-0BD44F1995F1">
<hideElementsInCurrentOnly>false</hideElementsInCurrentOnly>
<bounds x="2106" y="664" width="284" height="338"/>
</OView>
<OView class="oracle.dbtools.crest.swingui.relational.TVTable" oid="9871EC49-3A76-8008-1DCD-5AE0C8ADD213" otype="Table" vid="1E400C81-3132-19D6-BF71-317268535838">
<hideElementsInCurrentOnly>false</hideElementsInCurrentOnly>
<bounds x="383" y="1236" width="272" height="94"/>
</OView>
<OView class="oracle.dbtools.crest.swingui.relational.TVTable" oid="9BDF8549-3147-28DE-3F59-AFFE5DF2F15F" otype="Table" vid="B2FE2D65-4D16-86D0-5FB2-494F469C80CB">
<hideElementsInCurrentOnly>false</hideElementsInCurrentOnly>
<bounds x="1608" y="638" width="383" height="128"/>
</OView>
<OView class="oracle.dbtools.crest.swingui.relational.TVTable" oid="A1FD44F2-C206-3669-B425-76A5CC384230" otype="Table" vid="8967CEE1-9723-A7DF-3F01-37C32858610A">
<hideElementsInCurrentOnly>false</hideElementsInCurrentOnly>
<bounds x="2106" y="1062" width="364" height="156"/>
</OView>
<OView class="oracle.dbtools.crest.swingui.relational.TVTable" oid="AB1C8563-4402-B016-CC87-3B4B9A2FA78F" otype="Table" vid="AEF4762F-9016-6BF6-1E02-FCDE6AEAFB7B">
<hideElementsInCurrentOnly>false</hideElementsInCurrentOnly>
<bounds x="1608" y="280" width="179" height="94"/>
</OView>
<OView class="oracle.dbtools.crest.swingui.relational.TVTable" oid="B75D7B7A-6C80-BC34-87A8-9E0C49EAC998" otype="Table" vid="F684E68A-570B-875E-EABD-9E7C27E651DA">
<hideElementsInCurrentOnly>false</hideElementsInCurrentOnly>
<bounds x="2550" y="1062" width="241" height="128"/>
</OView>
<OView class="oracle.dbtools.crest.swingui.relational.TVTable" oid="CAC0101B-3170-A46E-6C07-EFDAD0D5C1C5" otype="Table" vid="14F1BDD4-15D6-307B-0874-C8F18E66C661">
<hideElementsInCurrentOnly>false</hideElementsInCurrentOnly>
<bounds x="718" y="804" width="264" height="94"/>
</OView>
<OView class="oracle.dbtools.crest.swingui.relational.TVTable" oid="D09AD7D0-E743-2A9C-03D1-811B6678E64F" otype="Table" vid="542A632F-0EE0-17CC-48F9-9EEDD3964391">
<hideElementsInCurrentOnly>false</hideElementsInCurrentOnly>
<bounds x="2221" y="1250" width="249" height="156"/>
</OView>
<OView class="oracle.dbtools.crest.swingui.relational.TVTable" oid="E64F0A20-AE59-2CBB-916B-728B0A5A02E9" otype="Table" vid="9E135C93-732B-AB6B-3B50-932B54AC2E97">
<hideElementsInCurrentOnly>false</hideElementsInCurrentOnly>
<bounds x="2221" y="1466" width="236" height="94"/>
</OView>
<OView class="oracle.dbtools.crest.swingui.relational.TVTable" oid="EA0EB424-E769-FF83-1A4A-A0D149368843" otype="Table" vid="5658B4A5-D377-F799-6532-F453947FABDD">
<hideElementsInCurrentOnly>false</hideElementsInCurrentOnly>
<bounds x="382" y="434" width="294" height="310"/>
</OView>
<OView class="oracle.dbtools.crest.swingui.relational.TVTable" oid="EB84A1E6-BA72-5193-1A9D-52EC9DCBAA45" otype="Table" vid="5213A30A-53DB-4672-6B14-672A8D4ED4EA">
<hideElementsInCurrentOnly>false</hideElementsInCurrentOnly>
<bounds x="382" y="20" width="286" height="200"/>
</OView>
<OView class="oracle.dbtools.crest.swingui.relational.TVTable" oid="F8631919-876A-FF75-C68A-51A4E310DBBA" otype="Table" vid="A2F34C93-A667-E6E1-46B4-DF903FD2FB5D">
<hideElementsInCurrentOnly>false</hideElementsInCurrentOnly>
<bounds x="20" y="804" width="282" height="226"/>
</OView>
<OView class="oracle.dbtools.crest.swingui.relational.TVTable" oid="F882CAD4-98BC-1717-7875-A7A48CEE9B16" otype="Table" vid="AE423C18-F330-2E1B-0548-B5135DCD343F">
<hideElementsInCurrentOnly>false</hideElementsInCurrentOnly>
<bounds x="382" y="280" width="207" height="94"/>
</OView>
</objectViews>
<connectors>
<Connector class="oracle.dbtools.crest.swingui.relational.TVFKRelation" oid="04DF67D0-FBD2-8F32-318D-949782A7E05E" otype="FKIndexAssociation" vid_source="AEF4762F-9016-6BF6-1E02-FCDE6AEAFB7B" vid_target="5213A30A-53DB-4672-6B14-672A8D4ED4EA">
<hideElementsInCurrentOnly>false</hideElementsInCurrentOnly>
<lineWidth>1</lineWidth>
<points>
<point x="1608" y="327"/>
<point x="668" y="120"/>
</points>
</Connector>
<Connector class="oracle.dbtools.crest.swingui.relational.TVFKRelation" oid="0C911C48-A3CB-9EDB-E8EF-0A1615CEC16B" otype="FKIndexAssociation" vid_source="B2376CCE-3635-58B6-D3C2-3FD3BE60C42F" vid_target="5213A30A-53DB-4672-6B14-672A8D4ED4EA">
<hideElementsInCurrentOnly>false</hideElementsInCurrentOnly>
<lineWidth>1</lineWidth>
<points>
<point x="748" y="67"/>
<point x="668" y="67"/>
</points>
</Connector>
<Connector class="oracle.dbtools.crest.swingui.relational.TVFKRelation" oid="17D9B47F-FAEB-6AEC-907F-5AFF6D7D9912" otype="FKIndexAssociation" vid_source="AEF4762F-9016-6BF6-1E02-FCDE6AEAFB7B" vid_target="5658B4A5-D377-F799-6532-F453947FABDD">
<hideElementsInCurrentOnly>false</hideElementsInCurrentOnly>
<lineWidth>1</lineWidth>
<points>
<point x="1608" y="327"/>
<point x="676" y="589"/>
</points>
</Connector>
<Connector class="oracle.dbtools.crest.swingui.relational.TVFKRelation" oid="1FE73EC5-287E-C967-69E3-AA0EEA27B162" otype="FKIndexAssociation" vid_source="AEF4762F-9016-6BF6-1E02-FCDE6AEAFB7B" vid_target="37780A68-C8CB-3569-1C28-074E064EA609">
<hideElementsInCurrentOnly>false</hideElementsInCurrentOnly>
<lineWidth>1</lineWidth>
<points>
<point x="1697" y="374"/>
<point x="1697" y="434"/>
</points>
</Connector>
<Connector class="oracle.dbtools.crest.swingui.relational.TVFKRelation" oid="20210098-D357-ECDF-7087-44E51203A50C" otype="FKIndexAssociation" vid_source="DFF371A2-9104-C897-5CF1-E4A3FEE02349" vid_target="0776647A-490F-0163-A0B7-0BD44F1995F1">
<hideElementsInCurrentOnly>false</hideElementsInCurrentOnly>
<lineWidth>1</lineWidth>
<points>
<point x="2895" y="1109"/>
<point x="2390" y="833"/>
</points>
</Connector>
<Connector class="oracle.dbtools.crest.swingui.relational.TVFKRelation" oid="3B9546C5-B988-53EF-C00C-000CA7D5358E" otype="FKIndexAssociation" vid_source="0776647A-490F-0163-A0B7-0BD44F1995F1" vid_target="B2FE2D65-4D16-86D0-5FB2-494F469C80CB">
<hideElementsInCurrentOnly>false</hideElementsInCurrentOnly>
<lineWidth>1</lineWidth>
<points>
<point x="2106" y="715"/>
<point x="1991" y="715"/>
</points>
</Connector>
<Connector class="oracle.dbtools.crest.swingui.relational.TVFKRelation" oid="4B3D1FB5-5BDC-527D-966E-9F02F0A92E2E" otype="FKIndexAssociation" vid_source="5658B4A5-D377-F799-6532-F453947FABDD" vid_target="A2F34C93-A667-E6E1-46B4-DF903FD2FB5D">
<hideElementsInCurrentOnly>false</hideElementsInCurrentOnly>
<lineWidth>1</lineWidth>
<points>
<point x="382" y="589"/>
<point x="161" y="804"/>
</points>
</Connector>
<Connector class="oracle.dbtools.crest.swingui.relational.TVFKRelation" oid="4E0620D0-D6F2-F679-4A95-FDD483D13A83" otype="FKIndexAssociation" vid_source="AE423C18-F330-2E1B-0548-B5135DCD343F" vid_target="5213A30A-53DB-4672-6B14-672A8D4ED4EA">
<hideElementsInCurrentOnly>false</hideElementsInCurrentOnly>
<lineWidth>1</lineWidth>
<points>
<point x="495" y="280"/>
<point x="495" y="220"/>
</points>
</Connector>
<Connector class="oracle.dbtools.crest.swingui.relational.TVFKRelation" oid="515F46FE-7C59-7B7A-CD9E-A2C898389BAB" otype="FKIndexAssociation" vid_source="AE423C18-F330-2E1B-0548-B5135DCD343F" vid_target="5658B4A5-D377-F799-6532-F453947FABDD">
<hideElementsInCurrentOnly>false</hideElementsInCurrentOnly>
<lineWidth>1</lineWidth>
<points>
<point x="485" y="374"/>
<point x="485" y="434"/>
</points>
</Connector>
<Connector class="oracle.dbtools.crest.swingui.relational.TVFKRelation" oid="53EBB6CD-F85C-44EF-D597-ADE28367F20F" otype="FKIndexAssociation" vid_source="F684E68A-570B-875E-EABD-9E7C27E651DA" vid_target="C6B62140-F318-0814-5E48-0BE29CAD1166">
<hideElementsInCurrentOnly>false</hideElementsInCurrentOnly>
<lineWidth>1</lineWidth>
<points>
<point x="2550" y="1126"/>
<point x="2376" y="1349"/>
</points>
</Connector>
<Connector class="oracle.dbtools.crest.swingui.relational.TVFKRelation" oid="5632DB64-2ACA-60F2-4E9A-469BF568BEEC" otype="FKIndexAssociation" vid_source="6C840F4C-8728-329C-B8DD-6CAA3F55B17A" vid_target="5213A30A-53DB-4672-6B14-672A8D4ED4EA">
<hideElementsInCurrentOnly>false</hideElementsInCurrentOnly>
<lineWidth>1</lineWidth>
<points>
<point x="2106" y="341"/>
<point x="668" y="120"/>
</points>
</Connector>
<Connector class="oracle.dbtools.crest.swingui.relational.TVFKRelation" oid="5E7EF4FD-CC2B-1E9A-5E8D-64781B87D39B" otype="FKIndexAssociation" vid_source="545DCC78-EB42-BF8D-95C9-1BAB7E2009C4" vid_target="673D48B0-10B4-49E1-1C9D-599A0D35A7A6">
<hideElementsInCurrentOnly>false</hideElementsInCurrentOnly>
<lineWidth>1</lineWidth>
<points>
<point x="857" y="1236"/>
<point x="857" y="1176"/>
</points>
</Connector>
<Connector class="oracle.dbtools.crest.swingui.relational.TVFKRelation" oid="614788F4-B299-63D0-8BA7-5582C6755D4B" otype="FKIndexAssociation" vid_source="14F1BDD4-15D6-307B-0874-C8F18E66C661" vid_target="BD44815B-4DC5-78D3-E2D0-D726DD112851">
<hideElementsInCurrentOnly>false</hideElementsInCurrentOnly>
<lineWidth>1</lineWidth>
<points>
<point x="718" y="851"/>
<point x="638" y="851"/>
</points>
</Connector>
<Connector class="oracle.dbtools.crest.swingui.relational.TVFKRelation" oid="62C271F7-01AD-140B-900E-E57CD9736C2E" otype="FKIndexAssociation" vid_source="C6B62140-F318-0814-5E48-0BE29CAD1166" vid_target="8967CEE1-9723-A7DF-3F01-37C32858610A">
<hideElementsInCurrentOnly>false</hideElementsInCurrentOnly>
<lineWidth>1</lineWidth>
<points>
<point x="2241" y="1278"/>
<point x="2241" y="1218"/>
</points>
</Connector>
<Connector class="oracle.dbtools.crest.swingui.relational.TVFKRelation" oid="6463CE84-2B03-2C19-0F99-939AE7AFA18A" otype="FKIndexAssociation" vid_source="0776647A-490F-0163-A0B7-0BD44F1995F1" vid_target="E0836637-F7DE-5CFA-71C0-2C5EBDA2D8E7">
<hideElementsInCurrentOnly>false</hideElementsInCurrentOnly>
<lineWidth>1</lineWidth>
<points>
<point x="2390" y="708"/>
<point x="2470" y="708"/>
</points>
</Connector>
<Connector class="oracle.dbtools.crest.swingui.relational.TVFKRelation" oid="64B50FA3-B7B2-1F6C-0CE8-A12BD8D0EECE" otype="FKIndexAssociation" vid_source="F9E472FA-43AD-E9A3-A874-B4EEECE87F5B" vid_target="5658B4A5-D377-F799-6532-F453947FABDD">
<hideElementsInCurrentOnly>false</hideElementsInCurrentOnly>
<lineWidth>1</lineWidth>
<points>
<point x="756" y="481"/>
<point x="676" y="481"/>
</points>
</Connector>
<Connector class="oracle.dbtools.crest.swingui.relational.TVFKRelation" oid="6DC625E5-A6B5-C12B-4385-BEF07D0EE04E" otype="FKIndexAssociation" vid_source="F684E68A-570B-875E-EABD-9E7C27E651DA" vid_target="542A632F-0EE0-17CC-48F9-9EEDD3964391">
<hideElementsInCurrentOnly>false</hideElementsInCurrentOnly>
<lineWidth>1</lineWidth>
<points>
<point x="2670" y="1190"/>
<point x="2470" y="1328"/>
</points>
</Connector>
<Connector class="oracle.dbtools.crest.swingui.relational.TVFKRelation" oid="71987552-0984-BE53-F06B-495585F97C27" otype="FKIndexAssociation" vid_source="686A510F-7DC1-4B94-77AE-B3C97390E48B" vid_target="545DCC78-EB42-BF8D-95C9-1BAB7E2009C4">
<hideElementsInCurrentOnly>false</hideElementsInCurrentOnly>
<lineWidth>1</lineWidth>
<points>
<point x="857" y="1424"/>
<point x="857" y="1364"/>
</points>
</Connector>
<Connector class="oracle.dbtools.crest.swingui.relational.TVFKRelation" oid="74EBA470-6CC0-20F1-514F-7C35651E6F7E" otype="FKIndexAssociation" vid_source="DFF371A2-9104-C897-5CF1-E4A3FEE02349" vid_target="A2F34C93-A667-E6E1-46B4-DF903FD2FB5D">
<hideElementsInCurrentOnly>false</hideElementsInCurrentOnly>
<lineWidth>1</lineWidth>
<points>
<point x="2895" y="1109"/>
<point x="302" y="917"/>
</points>
</Connector>
<Connector class="oracle.dbtools.crest.swingui.relational.TVFKRelation" oid="78A94756-9C7B-9E1C-212B-8123869909F7" otype="FKIndexAssociation" vid_source="0776647A-490F-0163-A0B7-0BD44F1995F1" vid_target="8967CEE1-9723-A7DF-3F01-37C32858610A">
<hideElementsInCurrentOnly>false</hideElementsInCurrentOnly>
<lineWidth>1</lineWidth>
<points>
<point x="2248" y="1002"/>
<point x="2248" y="1062"/>
</points>
</Connector>
<Connector class="oracle.dbtools.crest.swingui.relational.TVFKRelation" oid="79824896-33C5-AE46-D3D4-22CE0770CD5C" otype="FKIndexAssociation" vid_source="C16D497D-2540-B174-9A80-C3A5DA45A89E" vid_target="686A510F-7DC1-4B94-77AE-B3C97390E48B">
<hideElementsInCurrentOnly>false</hideElementsInCurrentOnly>
<lineWidth>1</lineWidth>
<points>
<point x="820" y="1612"/>
<point x="820" y="1552"/>
</points>
</Connector>
<Connector class="oracle.dbtools.crest.swingui.relational.TVFKRelation" oid="80E07E48-AA8E-2D61-64FD-A1B75C013234" otype="FKIndexAssociation" vid_source="6C840F4C-8728-329C-B8DD-6CAA3F55B17A" vid_target="A9937476-64EA-DF5D-0879-1ED2E17F052F">
<hideElementsInCurrentOnly>false</hideElementsInCurrentOnly>
<lineWidth>1</lineWidth>
<points>
<point x="2245" y="402"/>
<point x="2245" y="462"/>
</points>
</Connector>
<Connector class="oracle.dbtools.crest.swingui.relational.TVFKRelation" oid="881CAE09-DE78-1A15-16CE-128060FD26E7" otype="FKIndexAssociation" vid_source="D3A9F996-D13A-9AEE-078E-E39892BA47B3" vid_target="0776647A-490F-0163-A0B7-0BD44F1995F1">
<hideElementsInCurrentOnly>false</hideElementsInCurrentOnly>
<lineWidth>1</lineWidth>
<points>
<point x="2470" y="819"/>
<point x="2390" y="819"/>
</points>
</Connector>
<Connector class="oracle.dbtools.crest.swingui.relational.TVFKRelation" oid="8A26165D-FF7B-D6BE-7487-A29FE76557E5" otype="FKIndexAssociation" vid_source="5F29C197-C4C9-2D9A-8182-51E53FE2E7FF" vid_target="0776647A-490F-0163-A0B7-0BD44F1995F1">
<hideElementsInCurrentOnly>false</hideElementsInCurrentOnly>
<lineWidth>1</lineWidth>
<points>
<point x="2470" y="933"/>
<point x="2390" y="933"/>
</points>
</Connector>
<Connector class="oracle.dbtools.crest.swingui.relational.TVFKRelation" oid="91D89832-C812-0D54-12A3-9EA4EC3B1647" otype="FKIndexAssociation" vid_source="EECD592A-301F-8F01-E43E-5F8916A5E970" vid_target="B2FE2D65-4D16-86D0-5FB2-494F469C80CB">
<hideElementsInCurrentOnly>false</hideElementsInCurrentOnly>
<lineWidth>1</lineWidth>
<points>
<point x="1300" y="872"/>
<point x="1608" y="702"/>
</points>
</Connector>
<Connector class="oracle.dbtools.crest.swingui.relational.TVFKRelation" oid="A2F73ECD-7F65-BAE1-DD4F-78F5D84D1FC1" otype="FKIndexAssociation" vid_source="673D48B0-10B4-49E1-1C9D-599A0D35A7A6" vid_target="BD44815B-4DC5-78D3-E2D0-D726DD112851">
<hideElementsInCurrentOnly>false</hideElementsInCurrentOnly>
<lineWidth>1</lineWidth>
<points>
<point x="735" y="1098"/>
<point x="510" y="960"/>
</points>
</Connector>
<Connector class="oracle.dbtools.crest.swingui.relational.TVFKRelation" oid="B307F4E3-DF61-E92E-CC72-51C290ADB48C" otype="FKIndexAssociation" vid_source="BD44815B-4DC5-78D3-E2D0-D726DD112851" vid_target="5658B4A5-D377-F799-6532-F453947FABDD">
<hideElementsInCurrentOnly>false</hideElementsInCurrentOnly>
<lineWidth>1</lineWidth>
<points>
<point x="510" y="804"/>
<point x="510" y="744"/>
</points>
</Connector>
<Connector class="oracle.dbtools.crest.swingui.relational.TVFKRelation" oid="C4553699-5B7A-54C6-5342-EB8F6804A8CE" otype="FKIndexAssociation" vid_source="1E400C81-3132-19D6-BF71-317268535838" vid_target="8B1410F3-8768-564B-19B7-7973CA1AFE3D">
<hideElementsInCurrentOnly>false</hideElementsInCurrentOnly>
<lineWidth>1</lineWidth>
<points>
<point x="518" y="1236"/>
<point x="518" y="1176"/>
</points>
</Connector>
<Connector class="oracle.dbtools.crest.swingui.relational.TVFKRelation" oid="C8296C64-8DDA-342F-C4D1-33E2FB2C74F1" otype="FKIndexAssociation" vid_source="B08B9555-94A5-DB9A-0EBE-1D10DD40E010" vid_target="F684E68A-570B-875E-EABD-9E7C27E651DA">
<hideElementsInCurrentOnly>false</hideElementsInCurrentOnly>
<lineWidth>1</lineWidth>
<points>
<point x="2681" y="1250"/>
<point x="2681" y="1190"/>
</points>
</Connector>
<Connector class="oracle.dbtools.crest.swingui.relational.TVFKRelation" oid="CA93FB21-F4CF-A3C2-6698-A0FD157B8369" otype="FKIndexAssociation" vid_source="BD44815B-4DC5-78D3-E2D0-D726DD112851" vid_target="8B1410F3-8768-564B-19B7-7973CA1AFE3D">
<hideElementsInCurrentOnly>false</hideElementsInCurrentOnly>
<lineWidth>1</lineWidth>
<points>
<point x="520" y="960"/>
<point x="520" y="1020"/>
</points>
</Connector>
<Connector class="oracle.dbtools.crest.swingui.relational.TVFKRelation" oid="CB51F43F-F42E-990E-5EDF-67DBC2F2DA0E" otype="FKIndexAssociation" vid_source="0776647A-490F-0163-A0B7-0BD44F1995F1" vid_target="A2F34C93-A667-E6E1-46B4-DF903FD2FB5D">
<hideElementsInCurrentOnly>false</hideElementsInCurrentOnly>
<lineWidth>1</lineWidth>
<points>
<point x="2106" y="903"/>
<point x="302" y="903"/>
</points>
</Connector>
<Connector class="oracle.dbtools.crest.swingui.relational.TVFKRelation" oid="D0FC31CE-5EE0-61E7-AD01-7540CA1586FB" otype="FKIndexAssociation" vid_source="F684E68A-570B-875E-EABD-9E7C27E651DA" vid_target="0776647A-490F-0163-A0B7-0BD44F1995F1">
<hideElementsInCurrentOnly>false</hideElementsInCurrentOnly>
<lineWidth>1</lineWidth>
<points>
<point x="2670" y="1062"/>
<point x="2390" y="833"/>
</points>
</Connector>
<Connector class="oracle.dbtools.crest.swingui.relational.TVFKRelation" oid="D331225E-ED1C-8289-7071-1BE77266316E" otype="FKIndexAssociation" vid_source="9E135C93-732B-AB6B-3B50-932B54AC2E97" vid_target="542A632F-0EE0-17CC-48F9-9EEDD3964391">
<hideElementsInCurrentOnly>false</hideElementsInCurrentOnly>
<lineWidth>1</lineWidth>
<points>
<point x="2339" y="1466"/>
<point x="2339" y="1406"/>
</points>
</Connector>
<Connector class="oracle.dbtools.crest.swingui.relational.TVFKRelation" oid="E6697A9C-E545-ECB8-DC69-AE0CA40F1C55" otype="FKIndexAssociation" vid_source="0776647A-490F-0163-A0B7-0BD44F1995F1" vid_target="E0836637-F7DE-5CFA-71C0-2C5EBDA2D8E7">
<hideElementsInCurrentOnly>false</hideElementsInCurrentOnly>
<lineWidth>1</lineWidth>
<points>
<point x="2390" y="718"/>
<point x="2470" y="718"/>
</points>
</Connector>
<Connector class="oracle.dbtools.crest.swingui.relational.TVFKRelation" oid="ED45E523-6D14-870F-90B0-BD326866E5EE" otype="FKIndexAssociation" vid_source="A9937476-64EA-DF5D-0879-1ED2E17F052F" vid_target="0776647A-490F-0163-A0B7-0BD44F1995F1">
<hideElementsInCurrentOnly>false</hideElementsInCurrentOnly>
<lineWidth>1</lineWidth>
<points>
<point x="2248" y="604"/>
<point x="2248" y="664"/>
</points>
</Connector>
<Connector class="oracle.dbtools.crest.swingui.relational.TVFKRelation" oid="F20AD2CE-CDB9-8CA1-A4AB-23CA5006EC0E" otype="FKIndexAssociation" vid_source="B2FE2D65-4D16-86D0-5FB2-494F469C80CB" vid_target="37780A68-C8CB-3569-1C28-074E064EA609">
<hideElementsInCurrentOnly>false</hideElementsInCurrentOnly>
<lineWidth>1</lineWidth>
<points>
<point x="1776" y="638"/>
<point x="1776" y="578"/>
</points>
</Connector>
<Connector class="oracle.dbtools.crest.swingui.relational.TVFKRelation" oid="FA1D9035-4CF1-102B-44E6-E7E7F7B14842" otype="FKIndexAssociation" vid_source="EECD592A-301F-8F01-E43E-5F8916A5E970" vid_target="5658B4A5-D377-F799-6532-F453947FABDD">
<hideElementsInCurrentOnly>false</hideElementsInCurrentOnly>
<lineWidth>1</lineWidth>
<points>
<point x="1064" y="872"/>
<point x="676" y="589"/>
</points>
</Connector>
<Connector class="oracle.dbtools.crest.swingui.relational.TVFKRelation" oid="FCF27B4F-3123-FAA6-2168-44C0407BDB5F" otype="FKIndexAssociation" vid_source="AE423C18-F330-2E1B-0548-B5135DCD343F" vid_target="5213A30A-53DB-4672-6B14-672A8D4ED4EA">
<hideElementsInCurrentOnly>false</hideElementsInCurrentOnly>
<lineWidth>1</lineWidth>
<points>
<point x="485" y="280"/>
<point x="485" y="220"/>
</points>
</Connector>
<Connector class="oracle.dbtools.crest.swingui.relational.TVFKRelation" oid="FFEAA936-4BB2-4577-BC84-8E8A6F5D5850" otype="FKIndexAssociation" vid_source="46CC1D65-9689-E374-4479-9CB8B1664E87" vid_target="B08B9555-94A5-DB9A-0EBE-1D10DD40E010">
<hideElementsInCurrentOnly>false</hideElementsInCurrentOnly>
<lineWidth>1</lineWidth>
<points>
<point x="2669" y="1438"/>
<point x="2669" y="1378"/>
</points>
</Connector>
</connectors>
</Diagram>